#
# A fatal error has been detected by the Java Runtime Environment:
#
#  Internal Error (os_windows_x86.cpp:143), pid=36360, tid=21016
#  guarantee(result == EXCEPTION_CONTINUE_EXECUTION) failed: Unexpected result from topLevelExceptionFilter
#
# JRE version: OpenJDK Runtime Environment Microsoft-8035246 (17.0.8+7) (build 17.0.8+7-LTS)
# Java VM: OpenJDK 64-Bit Server VM Microsoft-8035246 (17.0.8+7-LTS, mixed mode, tiered, compressed oops, compressed class ptrs, g1 gc, windows-amd64)
# No core dump will be written. Minidumps are not enabled by default on client versions of Windows
#
# If you would like to submit a bug report, please visit:
#   https://aka.ms/minecraftjavacrashes
# The crash happened outside the Java Virtual Machine in native code.
# See problematic frame for where to report the bug.
#

---------------  S U M M A R Y ------------

Command Line: -XX:HeapDumpPath=MojangTricksIntelDriversForPerformance_javaw.exe_minecraft.exe.heapdump -Xss1M -Djava.library.path=\curseforge\minecraft\Install\bin\178ee3d7263ae10f25489af5e12d0e01cc1bf58c -Djna.tmpdir=\curseforge\minecraft\Install\bin\178ee3d7263ae10f25489af5e12d0e01cc1bf58c -Dorg.lwjgl.system.SharedLibraryExtractPath=\curseforge\minecraft\Install\bin\178ee3d7263ae10f25489af5e12d0e01cc1bf58c -Dio.netty.native.workdir=\curseforge\minecraft\Install\bin\178ee3d7263ae10f25489af5e12d0e01cc1bf58c -Dminecraft.launcher.brand=minecraft-launcher -Dminecraft.launcher.version=3.7.29 -Djava.net.preferIPv6Addresses=system -DignoreList=bootstraplauncher,securejarhandler,asm-commons,asm-util,asm-analysis,asm-tree,asm,JarJarFileSystems,client-extra,fmlcore,javafmllanguage,lowcodelanguage,mclanguage,forge-,forge-47.3.0.jar,forge-47.3.0 -DmergeModules=jna-5.10.0.jar,jna-platform-5.10.0.jar -DlibraryDirectory=\curseforge\minecraft\Install\libraries --module-path=\curseforge\minecraft\Install\libraries/cpw/mods/bootstraplauncher/1.1.2/bootstraplauncher-1.1.2.jar;\curseforge\minecraft\Install\libraries/cpw/mods/securejarhandler/2.1.10/securejarhandler-2.1.10.jar;\curseforge\minecraft\Install\libraries/org/ow2/asm/asm-commons/9.7/asm-commons-9.7.jar;\curseforge\minecraft\Install\libraries/org/ow2/asm/asm-util/9.7/asm-util-9.7.jar;\curseforge\minecraft\Install\libraries/org/ow2/asm/asm-analysis/9.7/asm-analysis-9.7.jar;\curseforge\minecraft\Install\libraries/org/ow2/asm/asm-tree/9.7/asm-tree-9.7.jar;\curseforge\minecraft\Install\libraries/org/ow2/asm/asm/9.7/asm-9.7.jar;\curseforge\minecraft\Install\libraries/net/minecraftforge/JarJarFileSystems/0.3.19/JarJarFileSystems-0.3.19.jar --add-modules=ALL-MODULE-PATH --add-opens=java.base/java.util.jar=cpw.mods.securejarhandler --add-opens=java.base/java.lang.invoke=cpw.mods.securejarhandler --add-exports=java.base/sun.security.util=cpw.mods.securejarhandler --add-exports=jdk.naming.dns/com.sun.jndi.dns=java.naming -Xmx8224m -Xms256m -Dminecraft.applet.TargetDirectory=\curseforge\minecraft\Instances\All the Mods 9 - To the Sky - atm9sky -Dfml.ignorePatchDiscrepancies=true -Dfml.ignoreInvalidMinecraftCertificates=true -Duser.language=en -Duser.country=US -DlibraryDirectory=\curseforge\minecraft\Install\libraries -Dlog4j.configurationFile=\curseforge\minecraft\Install\assets\log_configs\client-1.12.xml cpw.mods.bootstraplauncher.BootstrapLauncher --username Nuril --version forge-47.3.0 --gameDir \curseforge\minecraft\Instances\All the Mods 9 - To the Sky - atm9sky --assetsDir \curseforge\minecraft\Install\assets --assetIndex 5 --uuid 2ccd51038b974619947777d7e7c66b38 --clientId NzlhZTcyZjQtMGQwZS00OTA0LWJiZWItODY4ZGNiY2Y3N2Ew --xuid 2535451231369092 --userType msa --versionType release --width 1024 --height 768 --quickPlayPath \curseforge\minecraft\Install\quickPlay\java\1740313703381.json --launchTarget forgeclient --fml.forgeVersion 47.3.0 --fml.mcVersion 1.20.1 --fml.forgeGroup net.minecraftforge --fml.mcpVersion 20230612.114412

Host: AMD Ryzen 7 7735HS with Radeon Graphics        , 16 cores, 31G,  Windows 11 , 64 bit Build 26100 (10.0.26100.3037)
Time: Mon Feb 24 02:18:28 2025 FLE Standard Time elapsed time: 42602.460240 seconds (0d 11h 50m 2s)

---------------  T H R E A D  ---------------

Current thread (0x000001f5d2056d20):  JavaThread "Render thread" [_thread_in_native, id=21016, stack(0x0000006e86400000,0x0000006e86500000)]

Stack: [0x0000006e86400000,0x0000006e86500000]
Native frames: (J=compiled Java code, j=interpreted, Vv=VM code, C=native code)
V  [jvm.dll+0x67bf3a]
V  [jvm.dll+0x83a024]
V  [jvm.dll+0x83b7ce]
V  [jvm.dll+0x83bde7]
V  [jvm.dll+0x24778a]
V  [jvm.dll+0x67baac]
C  [ntdll.dll+0x163f0f]
C  [ntdll.dll+0x13b78]
C  [ntdll.dll+0x16384e]
C  0x00007ffc1a7ee1fa

Java frames: (J=compiled Java code, j=interpreted, Vv=VM code)
J 37525  org.cef.CefApp.N_DoMessageLoopWork()V mcef@2.1.6-1.20.1 (0 bytes) @ 0x000001f5ddfdbfe3 [0x000001f5ddfdbfa0+0x0000000000000043]
J 116613 c2 net.minecraft.client.renderer.GameRenderer.m_109093_(FJZ)V minecraft@1.20.1 (1055 bytes) @ 0x000001f5daaf341c [0x000001f5daaf33a0+0x000000000000007c]
J 97784 c2 net.minecraft.client.Minecraft.m_91383_(Z)V minecraft@1.20.1 (1206 bytes) @ 0x000001f5df438fe8 [0x000001f5df437ce0+0x0000000000001308]
J 81222% c2 net.minecraft.client.Minecraft.m_91374_()V minecraft@1.20.1 (296 bytes) @ 0x000001f5e1d24b3c [0x000001f5e1d24980+0x00000000000001bc]
j  net.minecraft.client.main.Main.main([Ljava/lang/String;)V+1590 minecraft@1.20.1
v  ~StubRoutines::call_stub
j  jdk.internal.reflect.NativeMethodAccessorImpl.invoke0(Ljava/lang/reflect/Method;Ljava/lang/Object;[Ljava/lang/Object;)Ljava/lang/Object;+0 java.base@17.0.8
j  jdk.internal.reflect.NativeMethodAccessorImpl.invoke(Ljava/lang/Object;[Ljava/lang/Object;)Ljava/lang/Object;+133 java.base@17.0.8
J 9622 c1 jdk.internal.reflect.DelegatingMethodAccessorImpl.invoke(Ljava/lang/Object;[Ljava/lang/Object;)Ljava/lang/Object; java.base@17.0.8 (10 bytes) @ 0x000001f5d5d28b4c [0x000001f5d5d28a40+0x000000000000010c]
J 9646 c1 java.lang.reflect.Method.invoke(Ljava/lang/Object;[Ljava/lang/Object;)Ljava/lang/Object; java.base@17.0.8 (65 bytes) @ 0x000001f5d5e1ddc4 [0x000001f5d5e1da80+0x0000000000000344]
j  net.minecraftforge.fml.loading.targets.CommonLaunchHandler.runTarget(Ljava/lang/String;[Ljava/lang/String;Ljava/lang/ModuleLayer;)V+39 fmlloader@1.20.1-47.3.0
j  net.minecraftforge.fml.loading.targets.CommonLaunchHandler.clientService([Ljava/lang/String;Ljava/lang/ModuleLayer;)V+5 fmlloader@1.20.1-47.3.0
j  net.minecraftforge.fml.loading.targets.CommonClientLaunchHandler.lambda$makeService$0([Ljava/lang/String;Ljava/lang/ModuleLayer;)V+3 fmlloader@1.20.1-47.3.0
j  net.minecraftforge.fml.loading.targets.CommonClientLaunchHandler$$Lambda$1156+0x0000000800613b90.run()V+12 fmlloader@1.20.1-47.3.0
j  cpw.mods.modlauncher.LaunchServiceHandlerDecorator.launch([Ljava/lang/String;Ljava/lang/ModuleLayer;)V+11 cpw.mods.modlauncher@10.0.9
j  cpw.mods.modlauncher.LaunchServiceHandler.launch(Ljava/lang/String;[Ljava/lang/String;Ljava/lang/ModuleLayer;Lcpw/mods/modlauncher/TransformingClassLoader;Lcpw/mods/modlauncher/LaunchPluginHandler;)V+58 cpw.mods.modlauncher@10.0.9
j  cpw.mods.modlauncher.LaunchServiceHandler.launch(Lcpw/mods/modlauncher/ArgumentHandler;Ljava/lang/ModuleLayer;Lcpw/mods/modlauncher/TransformingClassLoader;Lcpw/mods/modlauncher/LaunchPluginHandler;)V+21 cpw.mods.modlauncher@10.0.9
j  cpw.mods.modlauncher.Launcher.run([Ljava/lang/String;)V+307 cpw.mods.modlauncher@10.0.9
j  cpw.mods.modlauncher.Launcher.main([Ljava/lang/String;)V+78 cpw.mods.modlauncher@10.0.9
j  cpw.mods.modlauncher.BootstrapLaunchConsumer.accept([Ljava/lang/String;)V+1 cpw.mods.modlauncher@10.0.9
j  cpw.mods.modlauncher.BootstrapLaunchConsumer.accept(Ljava/lang/Object;)V+5 cpw.mods.modlauncher@10.0.9
j  cpw.mods.bootstraplauncher.BootstrapLauncher.main([Ljava/lang/String;)V+515 cpw.mods.bootstraplauncher@1.1.2
v  ~StubRoutines::call_stub

---------------  P R O C E S S  ---------------

Threads class SMR info:
_java_thread_list=0x000001f6934c3270, length=199, elements={
0x000001f5d2056d20, 0x000001f584068210, 0x000001f58406a660, 0x000001f5840b85a0,
0x000001f5840bae80, 0x000001f5840be2d0, 0x000001f5840bfb10, 0x000001f5840e2c20,
0x000001f5840e70c0, 0x000001f5840e8d20, 0x000001f5fa4934a0, 0x000001f584580510,
0x000001f587e60e20, 0x000001f587e63190, 0x000001f587e62c80, 0x000001f587e64ae0,
0x000001f587e61840, 0x000001f587e65500, 0x000001f587e65a10, 0x000001f587e65f20,
0x000001f587e66430, 0x000001f587e66940, 0x000001f587e67360, 0x000001f587e66e50,
0x000001f587e67870, 0x000001f586231220, 0x000001f5abec2510, 0x000001f5abec0bc0,
0x000001f5abec2a20, 0x000001f5abec3950, 0x000001f5abec2f30, 0x000001f584394120,
0x000001f5843922c0, 0x000001f584390e80, 0x000001f5ab3b4100, 0x000001f58cbb2340,
0x000001f5ab3b4610, 0x000001f5ab3b3bf0, 0x000001f58d00dfe0, 0x000001f58d00e4f0,
0x000001f58d00ea00, 0x000001f58d00ef10, 0x000001f58d00f420, 0x000001f58d00f930,
0x000001f58d4f65c0, 0x000001f58d4f5690, 0x000001f58d4f5180, 0x000001f58d4f4250,
0x000001f58d4f4760, 0x000001f58d4f74f0, 0x000001f588b7d340, 0x000001f58cf0f9d0,
0x000001f5ad43e910, 0x000001f58657c2d0, 0x000001f5acc4c060, 0x000001f5ad1a45e0,
0x000001f5ad1a5000, 0x000001f5b06ab6f0, 0x000001f5b06ab1e0, 0x000001f5ad12e790,
0x000001f5acc7a790, 0x000001f58657c7e0, 0x000001f58657bdc0, 0x000001f5acc4cf90,
0x000001f5acc4d4a0, 0x000001f5b06a9da0, 0x000001f5b06aa2b0, 0x000001f586b81cf0,
0x000001f5bdb89420, 0x000001f58be83ec0, 0x000001f588b7ce30, 0x000001f588b7d850,
0x000001f58a611800, 0x000001f5bda16c20, 0x000001f5bfb8c810, 0x000001f5c0965320,
0x000001f5c0967690, 0x000001f61b7d81e0, 0x000001f5c8fa23d0, 0x000001f619094750,
0x000001f619093d30, 0x000001f5bfa0d810, 0x000001f5be01a890, 0x000001f5be018010,
0x000001f61b7d7cd0, 0x000001f61b7d8c00, 0x000001f61b7d9620, 0x000001f58be85810,
0x000001f5bc1c6cd0, 0x000001f58be834a0, 0x000001f5acc7a280, 0x000001f5c8fa1ec0,
0x000001f6a0078a80, 0x000001f5bc1c5380, 0x000001f5c8fa28e0, 0x000001f5ad1a2780,
0x000001f5c8fa14a0, 0x000001f5c8fa3810, 0x000001f6a00500c0, 0x000001f6a0078060,
0x000001f6a00794a0, 0x000001f6a0079ec0, 0x000001f6a007adf0, 0x000001f6a007a8e0,
0x000001f6a007b300, 0x000001f6a00799b0, 0x000001f6a007b810, 0x000001f6a0078570,
0x000001f6a007a3d0, 0x000001f5af9354a0, 0x000001f5bda157e0, 0x000001f5ad1a82a0,
0x000001f5ad1a87b0, 0x000001f589b9ae00, 0x000001f5bc1c62b0, 0x000001f584391db0,
0x000001f5acc7b6c0, 0x000001f61cbbe5e0, 0x000001f584393c10, 0x000001f6903b75a0,
0x000001f6903b3df0, 0x000001f690b11ab0, 0x000001f66ac9eaa0, 0x000001f5c8fa3300,
0x000001f5be7b7a20, 0x000001f589b9b310, 0x000001f76d10fd00, 0x000001f6a004f6a0,
0x000001f58622f3c0, 0x000001f5ad1a3bc0, 0x000001f76ce2d1f0, 0x000001f6a004e260,
0x000001f76ce2a460, 0x000001f76ce2bdb0, 0x000001f61c1a1700, 0x000001f5ad1a1d60,
0x000001f68f4a8940, 0x000001f69fd4b4b0, 0x000001f76cd088e0, 0x000001f58622f8d0,
0x000001f58622fde0, 0x000001f76cd09810, 0x000001f61bae5680, 0x000001f61bae4750,
0x000001f76ce2c7d0, 0x000001f61cec38a0, 0x000001f61cec1a40, 0x000001f587e62770,
0x000001f584394630, 0x000001f66d7cbfb0, 0x000001f69fcd0630, 0x000001f66d7ca660,
0x000001f61c19e460, 0x000001f5abec15e0, 0x000001f69158b8e0, 0x000001f76ce29a40,
0x000001f5bfa0a060, 0x000001f68e6e1520, 0x000001f58b9d08b0, 0x000001f6cfe2e080,
0x000001f6996b3b90, 0x000001f6996b0e00, 0x000001f58b9cfe90, 0x000001f5bc1c4450,
0x000001f5bfa0b4a0, 0x000001f76d110210, 0x000001f5ae4033d0, 0x000001f68e6e2450,
0x000001f68e6e2960, 0x000001f6cfe303f0, 0x000001f68e9ee5b0, 0x000001f76cd083d0,
0x000001f68fc05f40, 0x000001f58be839b0, 0x000001f58be848e0, 0x000001f58be84df0,
0x000001f58be82570, 0x000001f58be82f90, 0x000001f69e81fe00, 0x000001f69e820310,
0x000001f69e820d30, 0x000001f69e81f3e0, 0x000001f69e821c60, 0x000001f76cbeec80,
0x000001f6996b1310, 0x000001f61c19f8a0, 0x000001f76cd06f90, 0x000001f76cd074a0,
0x000001f69098d8e0, 0x000001f66d7cc4c0, 0x000001f61d599760, 0x000001f61c19fdb0,
0x000001f699688fa0, 0x000001f66d7cb590, 0x000001f61c1a07d0, 0x000001f61c1a0ce0,
0x000001f69098cec0, 0x000001f76d111140, 0x000001f76cd08df0
}

Java Threads: ( => current thread )
=>0x000001f5d2056d20 JavaThread "Render thread" [_thread_in_native, id=21016, stack(0x0000006e86400000,0x0000006e86500000)]
  0x000001f584068210 JavaThread "Reference Handler" daemon [_thread_blocked, id=16784, stack(0x0000006e86b00000,0x0000006e86c00000)]
  0x000001f58406a660 JavaThread "Finalizer" daemon [_thread_blocked, id=25220, stack(0x0000006e86c00000,0x0000006e86d00000)]
  0x000001f5840b85a0 JavaThread "Signal Dispatcher" daemon [_thread_blocked, id=30644, stack(0x0000006e86d00000,0x0000006e86e00000)]
  0x000001f5840bae80 JavaThread "Attach Listener" daemon [_thread_blocked, id=31356, stack(0x0000006e86e00000,0x0000006e86f00000)]
  0x000001f5840be2d0 JavaThread "Service Thread" daemon [_thread_blocked, id=2460, stack(0x0000006e86f00000,0x0000006e87000000)]
  0x000001f5840bfb10 JavaThread "Monitor Deflation Thread" daemon [_thread_blocked, id=3724, stack(0x0000006e87000000,0x0000006e87100000)]
  0x000001f5840e2c20 JavaThread "C2 CompilerThread0" daemon [_thread_blocked, id=10736, stack(0x0000006e87100000,0x0000006e87200000)]
  0x000001f5840e70c0 JavaThread "C1 CompilerThread0" daemon [_thread_blocked, id=17444, stack(0x0000006e87200000,0x0000006e87300000)]
  0x000001f5840e8d20 JavaThread "Sweeper thread" daemon [_thread_blocked, id=39428, stack(0x0000006e87300000,0x0000006e87400000)]
  0x000001f5fa4934a0 JavaThread "Common-Cleaner" daemon [_thread_blocked, id=2120, stack(0x0000006e87400000,0x0000006e87500000)]
  0x000001f584580510 JavaThread "Notification Thread" daemon [_thread_blocked, id=28000, stack(0x0000006e87900000,0x0000006e87a00000)]
  0x000001f587e60e20 JavaThread "Thread-0" daemon [_thread_blocked, id=5928, stack(0x0000006e8a500000,0x0000006e8a600000)]
  0x000001f587e63190 JavaThread "JNA Cleaner" daemon [_thread_blocked, id=19352, stack(0x0000006e8a700000,0x0000006e8a800000)]
  0x000001f587e62c80 JavaThread "Thread-2" daemon [_thread_in_native, id=44380, stack(0x0000006e8ae00000,0x0000006e8af00000)]
  0x000001f587e64ae0 JavaThread "Thread-3" daemon [_thread_in_native, id=34052, stack(0x0000006e8af00000,0x0000006e8b000000)]
  0x000001f587e61840 JavaThread "Thread-4" daemon [_thread_in_native, id=32660, stack(0x0000006e8b000000,0x0000006e8b100000)]
  0x000001f587e65500 JavaThread "Thread-5" daemon [_thread_in_native, id=2848, stack(0x0000006e8b100000,0x0000006e8b200000)]
  0x000001f587e65a10 JavaThread "Thread-6" daemon [_thread_in_native, id=2316, stack(0x0000006e8b200000,0x0000006e8b300000)]
  0x000001f587e65f20 JavaThread "Thread-7" daemon [_thread_in_native, id=15520, stack(0x0000006e8b300000,0x0000006e8b400000)]
  0x000001f587e66430 JavaThread "Thread-8" daemon [_thread_in_native, id=24044, stack(0x0000006e8b400000,0x0000006e8b500000)]
  0x000001f587e66940 JavaThread "Thread-9" daemon [_thread_in_native, id=26512, stack(0x0000006e8b500000,0x0000006e8b600000)]
  0x000001f587e67360 JavaThread "Thread-10" daemon [_thread_in_native, id=35696, stack(0x0000006e8b600000,0x0000006e8b700000)]
  0x000001f587e66e50 JavaThread "Thread-11" daemon [_thread_in_native, id=10540, stack(0x0000006e8b700000,0x0000006e8b800000)]
  0x000001f587e67870 JavaThread "Thread-12" daemon [_thread_in_native, id=28256, stack(0x0000006e8b800000,0x0000006e8b900000)]
  0x000001f586231220 JavaThread "Thread-13" daemon [_thread_in_native, id=31272, stack(0x0000006e8b900000,0x0000006e8ba00000)]
  0x000001f5abec2510 JavaThread "Thread-14" daemon [_thread_in_native, id=39172, stack(0x0000006e8ba00000,0x0000006e8bb00000)]
  0x000001f5abec0bc0 JavaThread "Thread-15" daemon [_thread_in_native, id=37144, stack(0x0000006e8bb00000,0x0000006e8bc00000)]
  0x000001f5abec2a20 JavaThread "Thread-16" daemon [_thread_in_native, id=29428, stack(0x0000006e8bc00000,0x0000006e8bd00000)]
  0x000001f5abec3950 JavaThread "Thread-17" daemon [_thread_in_native, id=41512, stack(0x0000006e8bd00000,0x0000006e8be00000)]
  0x000001f5abec2f30 JavaThread "Thread-18" daemon [_thread_in_native, id=24724, stack(0x0000006e8be00000,0x0000006e8bf00000)]
  0x000001f584394120 JavaThread "Timer hack thread" daemon [_thread_blocked, id=14416, stack(0x0000006e8a200000,0x0000006e8a300000)]
  0x000001f5843922c0 JavaThread "Yggdrasil Key Fetcher" daemon [_thread_blocked, id=32240, stack(0x0000006e8c100000,0x0000006e8c200000)]
  0x000001f584390e80 JavaThread "Cleaner-0" daemon [_thread_blocked, id=11280, stack(0x0000006e8a300000,0x0000006e8a400000)]
  0x000001f5ab3b4100 JavaThread "FileSystemWatchService" daemon [_thread_in_native, id=16412, stack(0x0000006e8d400000,0x0000006e8d500000)]
  0x000001f58cbb2340 JavaThread "Config Lib config file watcher" daemon [_thread_blocked, id=32592, stack(0x0000006e8d500000,0x0000006e8d600000)]
  0x000001f5ab3b4610 JavaThread "Phosphophyllite OffThread Queue Worker Thread #0" daemon [_thread_blocked, id=41804, stack(0x0000006e8d600000,0x0000006e8d700000)]
  0x000001f5ab3b3bf0 JavaThread "Phosphophyllite OffThread Queue Worker Thread #1" daemon [_thread_blocked, id=21664, stack(0x0000006e8d700000,0x0000006e8d800000)]
  0x000001f58d00dfe0 JavaThread "Phosphophyllite OffThread Queue Worker Thread #2" daemon [_thread_blocked, id=25036, stack(0x0000006e8d800000,0x0000006e8d900000)]
  0x000001f58d00e4f0 JavaThread "Phosphophyllite OffThread Queue Worker Thread #3" daemon [_thread_blocked, id=36604, stack(0x0000006e8d900000,0x0000006e8da00000)]
  0x000001f58d00ea00 JavaThread "Phosphophyllite OffThread Queue Worker Thread #4" daemon [_thread_blocked, id=32244, stack(0x0000006e8da00000,0x0000006e8db00000)]
  0x000001f58d00ef10 JavaThread "Phosphophyllite OffThread Queue Worker Thread #5" daemon [_thread_blocked, id=10708, stack(0x0000006e8db00000,0x0000006e8dc00000)]
  0x000001f58d00f420 JavaThread "Phosphophyllite OffThread Queue Worker Thread #6" daemon [_thread_blocked, id=24084, stack(0x0000006e8dc00000,0x0000006e8dd00000)]
  0x000001f58d00f930 JavaThread "Phosphophyllite OffThread Queue Worker Thread #7" daemon [_thread_blocked, id=2588, stack(0x0000006e8dd00000,0x0000006e8de00000)]
  0x000001f58d4f65c0 JavaThread "Phosphophyllite OffThread Queue Worker Thread #8" daemon [_thread_blocked, id=22648, stack(0x0000006e8de00000,0x0000006e8df00000)]
  0x000001f58d4f5690 JavaThread "Phosphophyllite OffThread Queue Worker Thread #9" daemon [_thread_blocked, id=7528, stack(0x0000006e8df00000,0x0000006e8e000000)]
  0x000001f58d4f5180 JavaThread "Phosphophyllite OffThread Queue Worker Thread #10" daemon [_thread_blocked, id=32000, stack(0x0000006e8e000000,0x0000006e8e100000)]
  0x000001f58d4f4250 JavaThread "Phosphophyllite OffThread Queue Worker Thread #11" daemon [_thread_blocked, id=7312, stack(0x0000006e8e100000,0x0000006e8e200000)]
  0x000001f58d4f4760 JavaThread "Phosphophyllite OffThread Queue Worker Thread #12" daemon [_thread_blocked, id=15676, stack(0x0000006e8e200000,0x0000006e8e300000)]
  0x000001f58d4f74f0 JavaThread "Phosphophyllite OffThread Queue Worker Thread #13" daemon [_thread_blocked, id=14796, stack(0x0000006e8e300000,0x0000006e8e400000)]
  0x000001f588b7d340 JavaThread "Cleaner-1" daemon [_thread_blocked, id=39532, stack(0x0000006e8e400000,0x0000006e8e500000)]
  0x000001f58cf0f9d0 JavaThread "Phosphophyllite-GuiSync" daemon [_thread_blocked, id=5528, stack(0x0000006e8e600000,0x0000006e8e700000)]
  0x000001f5ad43e910 JavaThread "FileSystemWatchService" daemon [_thread_in_native, id=2784, stack(0x0000006e8c300000,0x0000006e8c400000)]
  0x000001f58657c2d0 JavaThread "FileSystemWatchService" daemon [_thread_in_native, id=22420, stack(0x0000006e8e500000,0x0000006e8e600000)]
  0x000001f5acc4c060 JavaThread "JEI Config File Watcher" daemon [_thread_blocked, id=32020, stack(0x0000006e8e700000,0x0000006e8e800000)]
  0x000001f5ad1a45e0 JavaThread "FileSystemWatchService" daemon [_thread_in_native, id=14696, stack(0x0000006e8e800000,0x0000006e8e900000)]
  0x000001f5ad1a5000 JavaThread "Config Lib config file watcher" daemon [_thread_blocked, id=6392, stack(0x0000006e8e900000,0x0000006e8ea00000)]
  0x000001f5b06ab6f0 JavaThread "FileSystemWatchService" daemon [_thread_in_native, id=42332, stack(0x0000006e8ea00000,0x0000006e8eb00000)]
  0x000001f5b06ab1e0 JavaThread "Config Lib config file watcher" daemon [_thread_blocked, id=25480, stack(0x0000006e8eb00000,0x0000006e8ec00000)]
  0x000001f5ad12e790 JavaThread "KubeJS Background Thread" daemon [_thread_blocked, id=34836, stack(0x0000006e8ec00000,0x0000006e8ed00000)]
  0x000001f5acc7a790 JavaThread "Cleaner-2" daemon [_thread_blocked, id=29160, stack(0x0000006e8ed00000,0x0000006e8ee00000)]
  0x000001f58657c7e0 JavaThread "pool-7-thread-1" [_thread_blocked, id=43120, stack(0x0000006e8ee00000,0x0000006e8ef00000)]
  0x000001f58657bdc0 JavaThread "pool-9-thread-1" [_thread_blocked, id=7444, stack(0x0000006e8f000000,0x0000006e8f100000)]
  0x000001f5acc4cf90 JavaThread "FileSystemWatchService" daemon [_thread_in_native, id=39380, stack(0x0000006e8d100000,0x0000006e8d200000)]
  0x000001f5acc4d4a0 JavaThread "Config Lib config file watcher" daemon [_thread_blocked, id=40612, stack(0x0000006e8d200000,0x0000006e8d300000)]
  0x000001f5b06a9da0 JavaThread "FileSystemWatchService" daemon [_thread_in_native, id=24068, stack(0x0000006e8ad00000,0x0000006e8ae00000)]
  0x000001f5b06aa2b0 JavaThread "Config Lib config file watcher" daemon [_thread_blocked, id=29404, stack(0x0000006e8cd00000,0x0000006e8ce00000)]
  0x000001f586b81cf0 JavaThread "FileSystemWatchService" daemon [_thread_in_native, id=26320, stack(0x0000006e90900000,0x0000006e90a00000)]
  0x000001f5bdb89420 JavaThread "FileSystemWatchService" daemon [_thread_in_native, id=23436, stack(0x0000006e90c00000,0x0000006e90d00000)]
  0x000001f58be83ec0 JavaThread "FileSystemWatchService" daemon [_thread_in_native, id=15888, stack(0x0000006e90d00000,0x0000006e90e00000)]
  0x000001f588b7ce30 JavaThread "FileSystemWatchService" daemon [_thread_in_native, id=39552, stack(0x0000006e90e00000,0x0000006e90f00000)]
  0x000001f588b7d850 JavaThread "FileSystemWatchService" daemon [_thread_in_native, id=41460, stack(0x0000006e90f00000,0x0000006e91000000)]
  0x000001f58a611800 JavaThread "FileSystemWatchService" daemon [_thread_in_native, id=21916, stack(0x0000006e91000000,0x0000006e91100000)]
  0x000001f5bda16c20 JavaThread "Java2D Disposer" daemon [_thread_blocked, id=42804, stack(0x0000006e91100000,0x0000006e91200000)]
  0x000001f5bfb8c810 JavaThread "FileSystemWatchService" daemon [_thread_in_native, id=38972, stack(0x0000006e91200000,0x0000006e91300000)]
  0x000001f5c0965320 JavaThread "FileSystemWatchService" daemon [_thread_in_native, id=13656, stack(0x0000006e91400000,0x0000006e91500000)]
  0x000001f5c0967690 JavaThread "FileSystemWatchService" daemon [_thread_in_native, id=35468, stack(0x0000006e91500000,0x0000006e91600000)]
  0x000001f61b7d81e0 JavaThread "FileSystemWatchService" daemon [_thread_in_native, id=3640, stack(0x0000006e91600000,0x0000006e91700000)]
  0x000001f5c8fa23d0 JavaThread "ConfigSaver" daemon [_thread_blocked, id=26224, stack(0x0000006e91700000,0x0000006e91800000)]
  0x000001f619094750 JavaThread "Discord Rich Presence Timer Thread" [_thread_blocked, id=8092, stack(0x0000006e91800000,0x0000006e91900000)]
  0x000001f619093d30 JavaThread "Thread-45" daemon [_thread_blocked, id=10156, stack(0x0000006e91900000,0x0000006e91a00000)]
  0x000001f5bfa0d810 JavaThread "Thread-46" daemon [_thread_blocked, id=24464, stack(0x0000006e91e00000,0x0000006e91f00000)]
  0x000001f5be01a890 JavaThread "spark-monitoring-thread" daemon [_thread_blocked, id=36088, stack(0x0000006e87700000,0x0000006e87800000)]
  0x000001f5be018010 JavaThread "spark-worker-pool-1-thread-1" daemon [_thread_blocked, id=37296, stack(0x0000006e91d00000,0x0000006e91e00000)]
  0x000001f61b7d7cd0 JavaThread "AWT-Windows" daemon [_thread_in_native, id=17884, stack(0x0000006e92300000,0x0000006e92400000)]
  0x000001f61b7d8c00 JavaThread "DE Contributor Fetcher #0" daemon [_thread_blocked, id=9640, stack(0x0000006e8a600000,0x0000006e8a700000)]
  0x000001f61b7d9620 JavaThread "CullThread" daemon [_thread_blocked, id=29196, stack(0x0000006e92200000,0x0000006e92300000)]
  0x000001f58be85810 JavaThread "Server Pinger #0" daemon [_thread_blocked, id=5356, stack(0x0000006e89e00000,0x0000006e89f00000)]
  0x000001f5bc1c6cd0 JavaThread "Thread-53" daemon [_thread_in_native, id=35136, stack(0x0000006e8a000000,0x0000006e8a100000)]
  0x000001f58be834a0 JavaThread "Server Pinger #1" daemon [_thread_blocked, id=32828, stack(0x0000006e93600000,0x0000006e93700000)]
  0x000001f5acc7a280 JavaThread "Netty Client IO #1" daemon [_thread_in_native, id=39272, stack(0x0000006e88000000,0x0000006e88100000)]
  0x000001f5c8fa1ec0 JavaThread "Netty Client IO #0" daemon [_thread_in_native, id=17524, stack(0x0000006e8aa00000,0x0000006e8ab00000)]
  0x000001f6a0078a80 JavaThread "Server Pinger #2" daemon [_thread_blocked, id=17704, stack(0x0000006e93800000,0x0000006e93900000)]
  0x000001f5bc1c5380 JavaThread "Netty Client IO #2" daemon [_thread_in_native, id=37836, stack(0x0000006e93900000,0x0000006e93a00000)]
  0x000001f5c8fa28e0 JavaThread "Netty Client IO #3" daemon [_thread_in_native, id=10864, stack(0x0000006e94200000,0x0000006e94300000)]
  0x000001f5ad1a2780 JavaThread "ComputerCraft-Network-0" daemon [_thread_blocked, id=17676, stack(0x0000006e93d00000,0x0000006e93e00000)]
  0x000001f5c8fa14a0 JavaThread "ComputerCraft-Network-1" daemon [_thread_blocked, id=17416, stack(0x0000006e93e00000,0x0000006e93f00000)]
  0x000001f5c8fa3810 JavaThread "ComputerCraft-Network-2" daemon [_thread_blocked, id=38716, stack(0x0000006e93500000,0x0000006e93600000)]
  0x000001f6a00500c0 JavaThread "ComputerCraft-Network-3" daemon [_thread_blocked, id=22804, stack(0x0000006e93700000,0x0000006e93800000)]
  0x000001f6a0078060 JavaThread "Telemetry-Sender-#1" [_thread_blocked, id=22948, stack(0x0000006e94a00000,0x0000006e94b00000)]
  0x000001f6a00794a0 JavaThread "Flywheel 0" [_thread_blocked, id=30628, stack(0x0000006e94c00000,0x0000006e94d00000)]
  0x000001f6a0079ec0 JavaThread "Flywheel 1" [_thread_blocked, id=29960, stack(0x0000006e94d00000,0x0000006e94e00000)]
  0x000001f6a007adf0 JavaThread "Flywheel 2" [_thread_blocked, id=30948, stack(0x0000006e94e00000,0x0000006e94f00000)]
  0x000001f6a007a8e0 JavaThread "Flywheel 3" [_thread_blocked, id=19372, stack(0x0000006e94f00000,0x0000006e95000000)]
  0x000001f6a007b300 JavaThread "Flywheel 4" [_thread_blocked, id=41852, stack(0x0000006e95200000,0x0000006e95300000)]
  0x000001f6a00799b0 JavaThread "Flywheel 5" [_thread_blocked, id=8052, stack(0x0000006e95300000,0x0000006e95400000)]
  0x000001f6a007b810 JavaThread "Flywheel 6" [_thread_blocked, id=11648, stack(0x0000006e95400000,0x0000006e95500000)]
  0x000001f6a0078570 JavaThread "Flywheel 7" [_thread_blocked, id=21008, stack(0x0000006e95500000,0x0000006e95600000)]
  0x000001f6a007a3d0 JavaThread "Flywheel 8" [_thread_blocked, id=19988, stack(0x0000006e95600000,0x0000006e95700000)]
  0x000001f5af9354a0 JavaThread "Flywheel 9" [_thread_blocked, id=7688, stack(0x0000006e95700000,0x0000006e95800000)]
  0x000001f5bda157e0 JavaThread "pool-11-thread-1" [_thread_blocked, id=26692, stack(0x0000006e95900000,0x0000006e95a00000)]
  0x000001f5ad1a82a0 JavaThread "FileSystemWatchService" daemon [_thread_in_native, id=16836, stack(0x0000006e97000000,0x0000006e97100000)]
  0x000001f5ad1a87b0 JavaThread "Config Lib config file watcher" daemon [_thread_blocked, id=44280, stack(0x0000006e97100000,0x0000006e97200000)]
  0x000001f589b9ae00 JavaThread "Server Pinger #3" daemon [_thread_blocked, id=15620, stack(0x0000006e86300000,0x0000006e86400000)]
  0x000001f5bc1c62b0 JavaThread "Netty Client IO #4" daemon [_thread_in_native, id=20640, stack(0x0000006e8a900000,0x0000006e8aa00000)]
  0x000001f584391db0 JavaThread "pool-8-thread-1" [_thread_blocked, id=8872, stack(0x0000006e86200000,0x0000006e86300000)]
  0x000001f5acc7b6c0 JavaThread "FileSystemWatchService" daemon [_thread_in_native, id=11180, stack(0x0000006e8fb00000,0x0000006e8fc00000)]
  0x000001f61cbbe5e0 JavaThread "FileSystemWatchService" daemon [_thread_in_native, id=32300, stack(0x0000006e8fd00000,0x0000006e8fe00000)]
  0x000001f584393c10 JavaThread "FileSystemWatchService" daemon [_thread_in_native, id=14372, stack(0x0000006e8a400000,0x0000006e8a500000)]
  0x000001f6903b75a0 JavaThread "Netty Server IO #0" daemon [_thread_in_native, id=43800, stack(0x0000006e96900000,0x0000006e96a00000)]
  0x000001f6903b3df0 JavaThread "Netty Local Client IO #0" daemon [_thread_blocked, id=31600, stack(0x0000006e97a00000,0x0000006e97b00000)]
  0x000001f690b11ab0 JavaThread "Netty Server IO #1" daemon [_thread_in_native, id=41036, stack(0x0000006e97b00000,0x0000006e97c00000)]
  0x000001f66ac9eaa0 JavaThread "Server Pinger #4" daemon [_thread_blocked, id=25252, stack(0x0000006e8c700000,0x0000006e8c800000)]
  0x000001f5c8fa3300 JavaThread "Netty Client IO #5" daemon [_thread_in_native, id=29668, stack(0x0000006e8d000000,0x0000006e8d100000)]
  0x000001f5be7b7a20 JavaThread "Netty Client IO #6" daemon [_thread_in_native, id=31292, stack(0x0000006e8f800000,0x0000006e8f900000)]
  0x000001f589b9b310 JavaThread "Netty Client IO #7" daemon [_thread_in_native, id=21188, stack(0x0000006e8ab00000,0x0000006e8ac00000)]
  0x000001f76d10fd00 JavaThread "Netty Client IO #8" daemon [_thread_in_native, id=42876, stack(0x0000006e8fe00000,0x0000006e8ff00000)]
  0x000001f6a004f6a0 JavaThread "Netty Client IO #9" daemon [_thread_in_native, id=36528, stack(0x0000006e8ff00000,0x0000006e90000000)]
  0x000001f58622f3c0 JavaThread "Netty Client IO #10" daemon [_thread_in_native, id=18708, stack(0x0000006e8ca00000,0x0000006e8cb00000)]
  0x000001f5ad1a3bc0 JavaThread "FileSystemWatchService" daemon [_thread_in_native, id=44392, stack(0x0000006e8cb00000,0x0000006e8cc00000)]
  0x000001f76ce2d1f0 JavaThread "FileSystemWatchService" daemon [_thread_in_native, id=21676, stack(0x0000006e94800000,0x0000006e94900000)]
  0x000001f6a004e260 JavaThread "FileSystemWatchService" daemon [_thread_in_native, id=11980, stack(0x0000006e94b00000,0x0000006e94c00000)]
  0x000001f76ce2a460 JavaThread "Netty Server IO #2" daemon [_thread_in_native, id=3188, stack(0x0000006e97400000,0x0000006e97500000)]
  0x000001f76ce2bdb0 JavaThread "Netty Local Client IO #1" daemon [_thread_blocked, id=9172, stack(0x0000006e97d00000,0x0000006e97e00000)]
  0x000001f61c1a1700 JavaThread "Netty Server IO #3" daemon [_thread_in_native, id=43772, stack(0x0000006e97e00000,0x0000006e97f00000)]
  0x000001f5ad1a1d60 JavaThread "Netty Client IO #11" daemon [_thread_in_native, id=32744, stack(0x0000006e8c600000,0x0000006e8c700000)]
  0x000001f68f4a8940 JavaThread "Netty Client IO #12" daemon [_thread_in_native, id=25244, stack(0x0000006e90000000,0x0000006e90100000)]
  0x000001f69fd4b4b0 JavaThread "Netty Client IO #13" daemon [_thread_in_native, id=5584, stack(0x0000006e88200000,0x0000006e88300000)]
  0x000001f76cd088e0 JavaThread "FileSystemWatchService" daemon [_thread_in_native, id=2636, stack(0x0000006e96400000,0x0000006e96500000)]
  0x000001f58622f8d0 JavaThread "FileSystemWatchService" daemon [_thread_in_native, id=4776, stack(0x0000006e96500000,0x0000006e96600000)]
  0x000001f58622fde0 JavaThread "FileSystemWatchService" daemon [_thread_in_native, id=35836, stack(0x0000006e96600000,0x0000006e96700000)]
  0x000001f76cd09810 JavaThread "Netty Server IO #4" daemon [_thread_in_native, id=41564, stack(0x0000006e94300000,0x0000006e94400000)]
  0x000001f61bae5680 JavaThread "Netty Local Client IO #2" daemon [_thread_blocked, id=43100, stack(0x0000006e99100000,0x0000006e99200000)]
  0x000001f61bae4750 JavaThread "Netty Server IO #5" daemon [_thread_in_native, id=36804, stack(0x0000006e99200000,0x0000006e99300000)]
  0x000001f76ce2c7d0 JavaThread "FileSystemWatchService" daemon [_thread_in_native, id=28080, stack(0x0000006e96d00000,0x0000006e96e00000)]
  0x000001f61cec38a0 JavaThread "FileSystemWatchService" daemon [_thread_in_native, id=24148, stack(0x0000006e96f00000,0x0000006e97000000)]
  0x000001f61cec1a40 JavaThread "FileSystemWatchService" daemon [_thread_in_native, id=3988, stack(0x0000006e97200000,0x0000006e97300000)]
  0x000001f587e62770 JavaThread "Netty Server IO #6" daemon [_thread_in_native, id=3152, stack(0x0000006e99800000,0x0000006e99900000)]
  0x000001f584394630 JavaThread "Netty Local Client IO #3" daemon [_thread_blocked, id=42600, stack(0x0000006e99900000,0x0000006e99a00000)]
  0x000001f66d7cbfb0 JavaThread "Netty Server IO #7" daemon [_thread_in_native, id=43624, stack(0x0000006e99a00000,0x0000006e99b00000)]
  0x000001f69fcd0630 JavaThread "IO-Worker-81" [_thread_blocked, id=31896, stack(0x0000006e93c00000,0x0000006e93d00000)]
  0x000001f66d7ca660 JavaThread "Netty Client IO #14" daemon [_thread_in_native, id=14356, stack(0x0000006e8c000000,0x0000006e8c100000)]
  0x000001f61c19e460 JavaThread "Netty Client IO #15" daemon [_thread_in_native, id=18132, stack(0x0000006e96200000,0x0000006e96300000)]
  0x000001f5abec15e0 JavaThread "MiniServClient" daemon [_thread_in_native, id=9552, stack(0x0000006e99700000,0x0000006e99800000)]
  0x000001f69158b8e0 JavaThread "FastSuite Recipe Lookup Thread: 290" daemon [_thread_blocked, id=20464, stack(0x0000006e96100000,0x0000006e96200000)]
  0x000001f76ce29a40 JavaThread "FastSuite Recipe Lookup Thread: 321" daemon [_thread_blocked, id=12044, stack(0x0000006e94900000,0x0000006e94a00000)]
  0x000001f5bfa0a060 JavaThread "FastSuite Recipe Lookup Thread: 324" daemon [_thread_blocked, id=39856, stack(0x0000006e95f00000,0x0000006e96000000)]
  0x000001f68e6e1520 JavaThread "FastSuite Recipe Lookup Thread: 325" daemon [_thread_blocked, id=18256, stack(0x0000006e90200000,0x0000006e90300000)]
  0x000001f58b9d08b0 JavaThread "FastSuite Recipe Lookup Thread: 327" daemon [_thread_blocked, id=25300, stack(0x0000006e90700000,0x0000006e90800000)]
  0x000001f6cfe2e080 JavaThread "FastSuite Recipe Lookup Thread: 335" daemon [_thread_blocked, id=44536, stack(0x0000006e90400000,0x0000006e90500000)]
  0x000001f6996b3b90 JavaThread "FastSuite Recipe Lookup Thread: 336" daemon [_thread_blocked, id=39100, stack(0x0000006e90500000,0x0000006e90600000)]
  0x000001f6996b0e00 JavaThread "FastSuite Recipe Lookup Thread: 340" daemon [_thread_blocked, id=2828, stack(0x0000006e91300000,0x0000006e91400000)]
  0x000001f58b9cfe90 JavaThread "FastSuite Recipe Lookup Thread: 341" daemon [_thread_blocked, id=1304, stack(0x0000006e93400000,0x0000006e93500000)]
  0x000001f5bc1c4450 JavaThread "FastSuite Recipe Lookup Thread: 342" daemon [_thread_blocked, id=37044, stack(0x0000006e93f00000,0x0000006e94000000)]
  0x000001f5bfa0b4a0 JavaThread "FastSuite Recipe Lookup Thread: 345" daemon [_thread_blocked, id=20844, stack(0x0000006e8f700000,0x0000006e8f800000)]
  0x000001f76d110210 JavaThread "FastSuite Recipe Lookup Thread: 347" daemon [_thread_blocked, id=8476, stack(0x0000006e8f600000,0x0000006e8f700000)]
  0x000001f5ae4033d0 JavaThread "FastSuite Recipe Lookup Thread: 350" daemon [_thread_blocked, id=39544, stack(0x0000006e8fc00000,0x0000006e8fd00000)]
  0x000001f68e6e2450 JavaThread "FastSuite Recipe Lookup Thread: 351" daemon [_thread_blocked, id=4472, stack(0x0000006e90100000,0x0000006e90200000)]
  0x000001f68e6e2960 JavaThread "FastSuite Recipe Lookup Thread: 353" daemon [_thread_blocked, id=42624, stack(0x0000006e8f900000,0x0000006e8fa00000)]
  0x000001f6cfe303f0 JavaThread "FastSuite Recipe Lookup Thread: 354" daemon [_thread_blocked, id=37916, stack(0x0000006e95e00000,0x0000006e95f00000)]
  0x000001f68e9ee5b0 JavaThread "FastSuite Recipe Lookup Thread: 356" daemon [_thread_blocked, id=42904, stack(0x0000006e90300000,0x0000006e90400000)]
  0x000001f76cd083d0 JavaThread "FastSuite Recipe Lookup Thread: 357" daemon [_thread_blocked, id=33548, stack(0x0000006e90600000,0x0000006e90700000)]
  0x000001f68fc05f40 JavaThread "Sound engine" daemon [_thread_blocked, id=32440, stack(0x0000006e94100000,0x0000006e94200000)]
  0x000001f58be839b0 JavaThread "Chunk Render Task Executor #0" [_thread_blocked, id=34644, stack(0x0000006e86100000,0x0000006e86200000)]
  0x000001f58be848e0 JavaThread "Chunk Render Task Executor #1" [_thread_blocked, id=18976, stack(0x0000006e87600000,0x0000006e87700000)]
  0x000001f58be84df0 JavaThread "Chunk Render Task Executor #2" [_thread_blocked, id=17876, stack(0x0000006e8ac00000,0x0000006e8ad00000)]
  0x000001f58be82570 JavaThread "Chunk Render Task Executor #3" [_thread_blocked, id=43924, stack(0x0000006e8c200000,0x0000006e8c300000)]
  0x000001f58be82f90 JavaThread "Chunk Render Task Executor #4" [_thread_blocked, id=39260, stack(0x0000006e8c400000,0x0000006e8c500000)]
  0x000001f69e81fe00 JavaThread "Chunk Render Task Executor #5" [_thread_blocked, id=2324, stack(0x0000006e8c500000,0x0000006e8c600000)]
  0x000001f69e820310 JavaThread "Chunk Render Task Executor #6" [_thread_blocked, id=18192, stack(0x0000006e8c800000,0x0000006e8c900000)]
  0x000001f69e820d30 JavaThread "Chunk Render Task Executor #7" [_thread_blocked, id=27636, stack(0x0000006e8c900000,0x0000006e8ca00000)]
  0x000001f69e81f3e0 JavaThread "Chunk Render Task Executor #8" [_thread_blocked, id=27216, stack(0x0000006e8cc00000,0x0000006e8cd00000)]
  0x000001f69e821c60 JavaThread "Chunk Render Task Executor #9" [_thread_blocked, id=43036, stack(0x0000006e8f200000,0x0000006e8f300000)]
  0x000001f76cbeec80 JavaThread "FastSuite Recipe Lookup Thread: 358" daemon [_thread_blocked, id=22216, stack(0x0000006e95800000,0x0000006e95900000)]
  0x000001f6996b1310 JavaThread "FastSuite Recipe Lookup Thread: 360" daemon [_thread_blocked, id=42596, stack(0x0000006e95a00000,0x0000006e95b00000)]
  0x000001f61c19f8a0 JavaThread "Worker-Main-173" daemon [_thread_blocked, id=21792, stack(0x0000006e8f300000,0x0000006e8f400000)]
  0x000001f76cd06f90 JavaThread "FastSuite Recipe Lookup Thread: 362" daemon [_thread_blocked, id=4176, stack(0x0000006e8f500000,0x0000006e8f600000)]
  0x000001f76cd074a0 JavaThread "FastSuite Recipe Lookup Thread: 363" daemon [_thread_blocked, id=6780, stack(0x0000006e8f400000,0x0000006e8f500000)]
  0x000001f69098d8e0 JavaThread "ForkJoinPool.commonPool-worker-485" daemon [_thread_blocked, id=29872, stack(0x0000006e90a00000,0x0000006e90b00000)]
  0x000001f66d7cc4c0 JavaThread "ForkJoinPool.commonPool-worker-486" daemon [_thread_blocked, id=9100, stack(0x0000006e90b00000,0x0000006e90c00000)]
  0x000001f61d599760 JavaThread "ForkJoinPool.commonPool-worker-490" daemon [_thread_blocked, id=10944, stack(0x0000006e94000000,0x0000006e94100000)]
  0x000001f61c19fdb0 JavaThread "ForkJoinPool.commonPool-worker-492" daemon [_thread_blocked, id=7212, stack(0x0000006e94400000,0x0000006e94500000)]
  0x000001f699688fa0 JavaThread "ForkJoinPool.commonPool-worker-488" daemon [_thread_blocked, id=10340, stack(0x0000006e94500000,0x0000006e94600000)]
  0x000001f66d7cb590 JavaThread "ForkJoinPool.commonPool-worker-494" daemon [_thread_blocked, id=31432, stack(0x0000006e94700000,0x0000006e94800000)]
  0x000001f61c1a07d0 JavaThread "ForkJoinPool.commonPool-worker-495" daemon [_thread_blocked, id=32124, stack(0x0000006e95b00000,0x0000006e95c00000)]
  0x000001f61c1a0ce0 JavaThread "ForkJoinPool.commonPool-worker-496" daemon [_thread_blocked, id=15292, stack(0x0000006e95c00000,0x0000006e95d00000)]
  0x000001f69098cec0 JavaThread "ForkJoinPool.commonPool-worker-493" daemon [_thread_blocked, id=4660, stack(0x0000006e95d00000,0x0000006e95e00000)]
  0x000001f76d111140 JavaThread "Worker-Main-174" daemon [_thread_blocked, id=33248, stack(0x0000006e96000000,0x0000006e96100000)]
  0x000001f76cd08df0 JavaThread "Worker-Main-175" daemon [_thread_blocked, id=24256, stack(0x0000006e96300000,0x0000006e96400000)]

Other Threads:
  0x000001f5840128f0 VMThread "VM Thread" [stack: 0x0000006e86a00000,0x0000006e86b00000] [id=39356]
  0x000001f5846e3600 WatcherThread [stack: 0x0000006e87a00000,0x0000006e87b00000] [id=18296]
  0x000001f5d20df6e0 GCTaskThread "GC Thread#0" [stack: 0x0000006e86500000,0x0000006e86600000] [id=41444]
  0x000001f5848c85b0 GCTaskThread "GC Thread#1" [stack: 0x0000006e87b00000,0x0000006e87c00000] [id=30740]
  0x000001f5848c8870 GCTaskThread "GC Thread#2" [stack: 0x0000006e87c00000,0x0000006e87d00000] [id=18460]
  0x000001f5848c8b30 GCTaskThread "GC Thread#3" [stack: 0x0000006e87d00000,0x0000006e87e00000] [id=15204]
  0x000001f5847f54f0 GCTaskThread "GC Thread#4" [stack: 0x0000006e87e00000,0x0000006e87f00000] [id=28164]
  0x000001f5847f57b0 GCTaskThread "GC Thread#5" [stack: 0x0000006e87f00000,0x0000006e88000000] [id=14852]
  0x000001f58931c9a0 GCTaskThread "GC Thread#6" [stack: 0x0000006e88500000,0x0000006e88600000] [id=33636]
  0x000001f589af5cd0 GCTaskThread "GC Thread#7" [stack: 0x0000006e88600000,0x0000006e88700000] [id=26144]
  0x000001f587624b80 GCTaskThread "GC Thread#8" [stack: 0x0000006e88700000,0x0000006e88800000] [id=26756]
  0x000001f588fc13f0 GCTaskThread "GC Thread#9" [stack: 0x0000006e88800000,0x0000006e88900000] [id=34928]
  0x000001f588c78cd0 GCTaskThread "GC Thread#10" [stack: 0x0000006e88900000,0x0000006e88a00000] [id=10092]
  0x000001f5893c5360 GCTaskThread "GC Thread#11" [stack: 0x0000006e87500000,0x0000006e87600000] [id=26124]
  0x000001f586f5d3e0 GCTaskThread "GC Thread#12" [stack: 0x0000006e89f00000,0x0000006e8a000000] [id=11404]
  0x000001f5d20e8460 ConcurrentGCThread "G1 Main Marker" [stack: 0x0000006e86600000,0x0000006e86700000] [id=16012]
  0x000001f5d20e9f30 ConcurrentGCThread "G1 Conc#0" [stack: 0x0000006e86700000,0x0000006e86800000] [id=21644]
  0x000001f58a96b970 ConcurrentGCThread "G1 Conc#1" [stack: 0x0000006e88a00000,0x0000006e88b00000] [id=12296]
  0x000001f587eca1b0 ConcurrentGCThread "G1 Conc#2" [stack: 0x0000006e88b00000,0x0000006e88c00000] [id=36292]
  0x000001f5fa35f010 ConcurrentGCThread "G1 Refine#0" [stack: 0x0000006e86800000,0x0000006e86900000] [id=29056]
  0x000001f5ae2faa10 ConcurrentGCThread "G1 Refine#1" [stack: 0x0000006e8d300000,0x0000006e8d400000] [id=9548]
  0x000001f587aa7de0 ConcurrentGCThread "G1 Refine#2" [stack: 0x0000006e8ef00000,0x0000006e8f000000] [id=23732]
  0x000001f58c6b80b0 ConcurrentGCThread "G1 Refine#3" [stack: 0x0000006e8f100000,0x0000006e8f200000] [id=7200]
  0x000001f5bc1cd780 ConcurrentGCThread "G1 Refine#4" [stack: 0x0000006e91a00000,0x0000006e91b00000] [id=36656]
  0x000001f587a4c4a0 ConcurrentGCThread "G1 Refine#5" [stack: 0x0000006e91b00000,0x0000006e91c00000] [id=22704]
  0x000001f5ad7de2b0 ConcurrentGCThread "G1 Refine#6" [stack: 0x0000006e91c00000,0x0000006e91d00000] [id=39932]
  0x000001f58d62c650 ConcurrentGCThread "G1 Refine#7" [stack: 0x0000006e8a800000,0x0000006e8a900000] [id=28796]
  0x000001f58c6b83a0 ConcurrentGCThread "G1 Refine#8" [stack: 0x0000006e8ce00000,0x0000006e8cf00000] [id=28148]
  0x000001f5fa361810 ConcurrentGCThread "G1 Service" [stack: 0x0000006e86900000,0x0000006e86a00000] [id=25952]

Threads with active compile tasks:

VM state: not at safepoint (normal execution)

VM Mutex/Monitor currently owned by a thread: None

Heap address: 0x00000005fe000000, size: 8224 MB, Compressed Oops mode: Zero based, Oop shift amount: 3

CDS archive(s) not mapped
Compressed class space mapped at: 0x0000000800000000-0x0000000840000000, reserved size: 1073741824
Narrow klass base: 0x0000000800000000, Narrow klass shift: 0, Narrow klass range: 0x40000000

GC Precious Log:
 CPUs: 16 total, 16 available
 Memory: 31992M
 Large Page Support: Disabled
 NUMA Support: Disabled
 Compressed Oops: Enabled (Zero based)
 Heap Region Size: 8M
 Heap Min Capacity: 256M
 Heap Initial Capacity: 256M
 Heap Max Capacity: 8224M
 Pre-touch: Disabled
 Parallel Workers: 13
 Concurrent Workers: 3
 Concurrent Refinement Workers: 13
 Periodic GC: Disabled

Heap:
 garbage-first heap   total 8421376K, used 7547803K [0x00000005fe000000, 0x0000000800000000)
  region size 8192K, 233 young (1908736K), 1 survivors (8192K)
 Metaspace       used 576519K, committed 579648K, reserved 1572864K
  class space    used 104255K, committed 105664K, reserved 1048576K

Heap Regions: E=young(eden), S=young(survivor), O=old, HS=humongous(starts), HC=humongous(continues), CS=collection set, F=free, OA=open archive, CA=closed archive, TAMS=top-at-mark-start (previous, next)
|   0|0x00000005fe000000, 0x00000005fe800000, 0x00000005fe800000|100%| O|  |TAMS 0x00000005fe800000, 0x00000005fe000000| Untracked 
|   1|0x00000005fe800000, 0x00000005ff000000, 0x00000005ff000000|100%| O|  |TAMS 0x00000005ff000000, 0x00000005fe800000| Untracked 
|   2|0x00000005ff000000, 0x00000005ff800000, 0x00000005ff800000|100%| O|  |TAMS 0x00000005ff800000, 0x00000005ff000000| Untracked 
|   3|0x00000005ff800000, 0x0000000600000000, 0x0000000600000000|100%| O|  |TAMS 0x0000000600000000, 0x00000005ff800000| Untracked 
|   4|0x0000000600000000, 0x0000000600800000, 0x0000000600800000|100%| O|  |TAMS 0x0000000600800000, 0x0000000600000000| Untracked 
|   5|0x0000000600800000, 0x0000000601000000, 0x0000000601000000|100%| O|  |TAMS 0x0000000601000000, 0x0000000600800000| Untracked 
|   6|0x0000000601000000, 0x0000000601800000, 0x0000000601800000|100%| O|  |TAMS 0x0000000601800000, 0x0000000601000000| Untracked 
|   7|0x0000000601800000, 0x0000000602000000, 0x0000000602000000|100%| O|  |TAMS 0x0000000602000000, 0x0000000601800000| Untracked 
|   8|0x0000000602000000, 0x0000000602800000, 0x0000000602800000|100%| O|  |TAMS 0x0000000602800000, 0x0000000602000000| Untracked 
|   9|0x0000000602800000, 0x0000000603000000, 0x0000000603000000|100%| O|  |TAMS 0x0000000603000000, 0x0000000602800000| Untracked 
|  10|0x0000000603000000, 0x0000000603800000, 0x0000000603800000|100%| O|  |TAMS 0x0000000603800000, 0x0000000603000000| Untracked 
|  11|0x0000000603800000, 0x0000000604000000, 0x0000000604000000|100%| O|  |TAMS 0x0000000604000000, 0x0000000603800000| Untracked 
|  12|0x0000000604000000, 0x0000000604800000, 0x0000000604800000|100%| O|  |TAMS 0x0000000604800000, 0x0000000604000000| Untracked 
|  13|0x0000000604800000, 0x0000000605000000, 0x0000000605000000|100%| O|  |TAMS 0x0000000605000000, 0x0000000604800000| Untracked 
|  14|0x0000000605000000, 0x0000000605800000, 0x0000000605800000|100%| O|  |TAMS 0x0000000605800000, 0x0000000605000000| Untracked 
|  15|0x0000000605800000, 0x0000000606000000, 0x0000000606000000|100%| O|  |TAMS 0x0000000606000000, 0x0000000605800000| Untracked 
|  16|0x0000000606000000, 0x0000000606800000, 0x0000000606800000|100%| O|  |TAMS 0x0000000606800000, 0x0000000606000000| Untracked 
|  17|0x0000000606800000, 0x0000000607000000, 0x0000000607000000|100%| O|  |TAMS 0x0000000607000000, 0x0000000606800000| Untracked 
|  18|0x0000000607000000, 0x0000000607800000, 0x0000000607800000|100%| O|  |TAMS 0x0000000607800000, 0x0000000607000000| Untracked 
|  19|0x0000000607800000, 0x0000000608000000, 0x0000000608000000|100%| O|  |TAMS 0x0000000608000000, 0x0000000607800000| Untracked 
|  20|0x0000000608000000, 0x0000000608800000, 0x0000000608800000|100%| O|  |TAMS 0x0000000608800000, 0x0000000608000000| Untracked 
|  21|0x0000000608800000, 0x0000000609000000, 0x0000000609000000|100%| O|  |TAMS 0x0000000609000000, 0x0000000608800000| Untracked 
|  22|0x0000000609000000, 0x0000000609800000, 0x0000000609800000|100%| O|  |TAMS 0x0000000609800000, 0x0000000609000000| Untracked 
|  23|0x0000000609800000, 0x000000060a000000, 0x000000060a000000|100%| O|  |TAMS 0x000000060a000000, 0x0000000609800000| Untracked 
|  24|0x000000060a000000, 0x000000060a800000, 0x000000060a800000|100%| O|  |TAMS 0x000000060a800000, 0x000000060a000000| Untracked 
|  25|0x000000060a800000, 0x000000060b000000, 0x000000060b000000|100%| O|  |TAMS 0x000000060b000000, 0x000000060a800000| Untracked 
|  26|0x000000060b000000, 0x000000060b800000, 0x000000060b800000|100%| O|  |TAMS 0x000000060b800000, 0x000000060b000000| Untracked 
|  27|0x000000060b800000, 0x000000060c000000, 0x000000060c000000|100%| O|  |TAMS 0x000000060c000000, 0x000000060b800000| Untracked 
|  28|0x000000060c000000, 0x000000060c800000, 0x000000060c800000|100%| O|  |TAMS 0x000000060c800000, 0x000000060c000000| Untracked 
|  29|0x000000060c800000, 0x000000060d000000, 0x000000060d000000|100%| O|  |TAMS 0x000000060d000000, 0x000000060c800000| Untracked 
|  30|0x000000060d000000, 0x000000060d800000, 0x000000060d800000|100%| O|  |TAMS 0x000000060d800000, 0x000000060d000000| Untracked 
|  31|0x000000060d800000, 0x000000060e000000, 0x000000060e000000|100%| O|  |TAMS 0x000000060e000000, 0x000000060d800000| Untracked 
|  32|0x000000060e000000, 0x000000060e800000, 0x000000060e800000|100%|HS|  |TAMS 0x000000060e800000, 0x000000060e000000| Complete 
|  33|0x000000060e800000, 0x000000060f000000, 0x000000060f000000|100%|HS|  |TAMS 0x000000060f000000, 0x000000060e800000| Complete 
|  34|0x000000060f000000, 0x000000060f800000, 0x000000060f800000|100%| O|  |TAMS 0x000000060f800000, 0x000000060f000000| Untracked 
|  35|0x000000060f800000, 0x0000000610000000, 0x0000000610000000|100%| O|  |TAMS 0x0000000610000000, 0x000000060f800000| Untracked 
|  36|0x0000000610000000, 0x0000000610800000, 0x0000000610800000|100%| O|  |TAMS 0x0000000610800000, 0x0000000610000000| Untracked 
|  37|0x0000000610800000, 0x0000000611000000, 0x0000000611000000|100%|HS|  |TAMS 0x0000000611000000, 0x0000000610800000| Complete 
|  38|0x0000000611000000, 0x0000000611800000, 0x0000000611800000|100%| O|  |TAMS 0x0000000611800000, 0x0000000611000000| Untracked 
|  39|0x0000000611800000, 0x0000000612000000, 0x0000000612000000|100%| O|  |TAMS 0x0000000612000000, 0x0000000611800000| Untracked 
|  40|0x0000000612000000, 0x0000000612800000, 0x0000000612800000|100%| O|  |TAMS 0x0000000612800000, 0x0000000612000000| Untracked 
|  41|0x0000000612800000, 0x0000000613000000, 0x0000000613000000|100%| O|  |TAMS 0x0000000613000000, 0x0000000612800000| Untracked 
|  42|0x0000000613000000, 0x0000000613800000, 0x0000000613800000|100%| O|  |TAMS 0x0000000613800000, 0x0000000613000000| Untracked 
|  43|0x0000000613800000, 0x0000000614000000, 0x0000000614000000|100%| O|  |TAMS 0x0000000614000000, 0x0000000613800000| Untracked 
|  44|0x0000000614000000, 0x0000000614800000, 0x0000000614800000|100%| O|  |TAMS 0x0000000614800000, 0x0000000614000000| Untracked 
|  45|0x0000000614800000, 0x0000000615000000, 0x0000000615000000|100%| O|  |TAMS 0x0000000615000000, 0x0000000614800000| Untracked 
|  46|0x0000000615000000, 0x0000000615800000, 0x0000000615800000|100%| O|  |TAMS 0x0000000615800000, 0x0000000615000000| Untracked 
|  47|0x0000000615800000, 0x0000000616000000, 0x0000000616000000|100%| O|  |TAMS 0x0000000616000000, 0x0000000615800000| Untracked 
|  48|0x0000000616000000, 0x0000000616800000, 0x0000000616800000|100%| O|  |TAMS 0x0000000616800000, 0x0000000616000000| Untracked 
|  49|0x0000000616800000, 0x0000000617000000, 0x0000000617000000|100%| O|  |TAMS 0x0000000617000000, 0x0000000616800000| Untracked 
|  50|0x0000000617000000, 0x0000000617800000, 0x0000000617800000|100%| O|  |TAMS 0x0000000617800000, 0x0000000617000000| Untracked 
|  51|0x0000000617800000, 0x0000000618000000, 0x0000000618000000|100%| O|  |TAMS 0x0000000618000000, 0x0000000617800000| Untracked 
|  52|0x0000000618000000, 0x0000000618800000, 0x0000000618800000|100%| O|  |TAMS 0x0000000618800000, 0x0000000618000000| Untracked 
|  53|0x0000000618800000, 0x0000000619000000, 0x0000000619000000|100%| O|  |TAMS 0x0000000619000000, 0x0000000618800000| Untracked 
|  54|0x0000000619000000, 0x0000000619800000, 0x0000000619800000|100%| O|  |TAMS 0x0000000619800000, 0x0000000619000000| Untracked 
|  55|0x0000000619800000, 0x000000061a000000, 0x000000061a000000|100%| O|  |TAMS 0x000000061a000000, 0x0000000619800000| Untracked 
|  56|0x000000061a000000, 0x000000061a800000, 0x000000061a800000|100%| O|  |TAMS 0x000000061a800000, 0x000000061a000000| Untracked 
|  57|0x000000061a800000, 0x000000061b000000, 0x000000061b000000|100%| O|  |TAMS 0x000000061b000000, 0x000000061a800000| Untracked 
|  58|0x000000061b000000, 0x000000061b800000, 0x000000061b800000|100%| O|  |TAMS 0x000000061b800000, 0x000000061b000000| Untracked 
|  59|0x000000061b800000, 0x000000061c000000, 0x000000061c000000|100%| O|  |TAMS 0x000000061c000000, 0x000000061b800000| Untracked 
|  60|0x000000061c000000, 0x000000061c800000, 0x000000061c800000|100%| O|  |TAMS 0x000000061c800000, 0x000000061c000000| Untracked 
|  61|0x000000061c800000, 0x000000061d000000, 0x000000061d000000|100%| O|  |TAMS 0x000000061d000000, 0x000000061c800000| Untracked 
|  62|0x000000061d000000, 0x000000061d800000, 0x000000061d800000|100%| O|  |TAMS 0x000000061d800000, 0x000000061d000000| Untracked 
|  63|0x000000061d800000, 0x000000061e000000, 0x000000061e000000|100%| O|  |TAMS 0x000000061e000000, 0x000000061d800000| Untracked 
|  64|0x000000061e000000, 0x000000061e800000, 0x000000061e800000|100%| O|  |TAMS 0x000000061e800000, 0x000000061e000000| Untracked 
|  65|0x000000061e800000, 0x000000061f000000, 0x000000061f000000|100%| O|  |TAMS 0x000000061f000000, 0x000000061e800000| Untracked 
|  66|0x000000061f000000, 0x000000061f800000, 0x000000061f800000|100%| O|  |TAMS 0x000000061f800000, 0x000000061f000000| Untracked 
|  67|0x000000061f800000, 0x0000000620000000, 0x0000000620000000|100%| O|  |TAMS 0x0000000620000000, 0x000000061f800000| Untracked 
|  68|0x0000000620000000, 0x0000000620800000, 0x0000000620800000|100%| O|  |TAMS 0x0000000620800000, 0x0000000620000000| Untracked 
|  69|0x0000000620800000, 0x0000000621000000, 0x0000000621000000|100%|HS|  |TAMS 0x0000000621000000, 0x0000000620800000| Complete 
|  70|0x0000000621000000, 0x0000000621800000, 0x0000000621800000|100%| O|  |TAMS 0x0000000621800000, 0x0000000621000000| Untracked 
|  71|0x0000000621800000, 0x0000000622000000, 0x0000000622000000|100%| O|  |TAMS 0x0000000622000000, 0x0000000621800000| Untracked 
|  72|0x0000000622000000, 0x0000000622800000, 0x0000000622800000|100%| O|  |TAMS 0x0000000622800000, 0x0000000622000000| Untracked 
|  73|0x0000000622800000, 0x0000000623000000, 0x0000000623000000|100%| O|  |TAMS 0x0000000623000000, 0x0000000622800000| Untracked 
|  74|0x0000000623000000, 0x0000000623800000, 0x0000000623800000|100%| O|  |TAMS 0x0000000623800000, 0x0000000623000000| Untracked 
|  75|0x0000000623800000, 0x0000000624000000, 0x0000000624000000|100%| O|  |TAMS 0x0000000624000000, 0x0000000623800000| Untracked 
|  76|0x0000000624000000, 0x0000000624800000, 0x0000000624800000|100%| O|  |TAMS 0x0000000624800000, 0x0000000624000000| Untracked 
|  77|0x0000000624800000, 0x0000000625000000, 0x0000000625000000|100%| O|  |TAMS 0x0000000625000000, 0x0000000624800000| Untracked 
|  78|0x0000000625000000, 0x0000000625800000, 0x0000000625800000|100%| O|  |TAMS 0x0000000625800000, 0x0000000625000000| Untracked 
|  79|0x0000000625800000, 0x0000000626000000, 0x0000000626000000|100%|HS|  |TAMS 0x0000000626000000, 0x0000000625800000| Complete 
|  80|0x0000000626000000, 0x0000000626800000, 0x0000000626800000|100%| O|  |TAMS 0x0000000626800000, 0x0000000626000000| Untracked 
|  81|0x0000000626800000, 0x0000000627000000, 0x0000000627000000|100%| O|  |TAMS 0x0000000627000000, 0x0000000626800000| Untracked 
|  82|0x0000000627000000, 0x0000000627800000, 0x0000000627800000|100%| O|  |TAMS 0x0000000627800000, 0x0000000627000000| Untracked 
|  83|0x0000000627800000, 0x0000000628000000, 0x0000000628000000|100%| O|  |TAMS 0x0000000628000000, 0x0000000627800000| Untracked 
|  84|0x0000000628000000, 0x0000000628800000, 0x0000000628800000|100%| O|  |TAMS 0x0000000628800000, 0x0000000628000000| Untracked 
|  85|0x0000000628800000, 0x0000000629000000, 0x0000000629000000|100%| O|  |TAMS 0x0000000629000000, 0x0000000628800000| Untracked 
|  86|0x0000000629000000, 0x0000000629800000, 0x0000000629800000|100%| O|  |TAMS 0x0000000629800000, 0x0000000629000000| Untracked 
|  87|0x0000000629800000, 0x000000062a000000, 0x000000062a000000|100%| O|  |TAMS 0x000000062a000000, 0x0000000629800000| Untracked 
|  88|0x000000062a000000, 0x000000062a800000, 0x000000062a800000|100%| O|  |TAMS 0x000000062a800000, 0x000000062a000000| Untracked 
|  89|0x000000062a800000, 0x000000062b000000, 0x000000062b000000|100%| O|  |TAMS 0x000000062b000000, 0x000000062a800000| Untracked 
|  90|0x000000062b000000, 0x000000062b800000, 0x000000062b800000|100%| O|  |TAMS 0x000000062b800000, 0x000000062b000000| Untracked 
|  91|0x000000062b800000, 0x000000062c000000, 0x000000062c000000|100%| O|  |TAMS 0x000000062c000000, 0x000000062b800000| Untracked 
|  92|0x000000062c000000, 0x000000062c800000, 0x000000062c800000|100%| O|  |TAMS 0x000000062c800000, 0x000000062c000000| Untracked 
|  93|0x000000062c800000, 0x000000062d000000, 0x000000062d000000|100%| O|  |TAMS 0x000000062d000000, 0x000000062c800000| Untracked 
|  94|0x000000062d000000, 0x000000062d800000, 0x000000062d800000|100%| O|  |TAMS 0x000000062d800000, 0x000000062d000000| Untracked 
|  95|0x000000062d800000, 0x000000062e000000, 0x000000062e000000|100%| O|  |TAMS 0x000000062e000000, 0x000000062d800000| Untracked 
|  96|0x000000062e000000, 0x000000062e800000, 0x000000062e800000|100%| O|  |TAMS 0x000000062e800000, 0x000000062e000000| Untracked 
|  97|0x000000062e800000, 0x000000062f000000, 0x000000062f000000|100%| O|  |TAMS 0x000000062f000000, 0x000000062e800000| Untracked 
|  98|0x000000062f000000, 0x000000062f800000, 0x000000062f800000|100%| O|  |TAMS 0x000000062f800000, 0x000000062f000000| Untracked 
|  99|0x000000062f800000, 0x0000000630000000, 0x0000000630000000|100%| O|  |TAMS 0x0000000630000000, 0x000000062f800000| Untracked 
| 100|0x0000000630000000, 0x0000000630800000, 0x0000000630800000|100%| O|  |TAMS 0x0000000630800000, 0x0000000630000000| Untracked 
| 101|0x0000000630800000, 0x0000000631000000, 0x0000000631000000|100%| O|  |TAMS 0x0000000631000000, 0x0000000630800000| Untracked 
| 102|0x0000000631000000, 0x0000000631800000, 0x0000000631800000|100%| O|  |TAMS 0x0000000631800000, 0x0000000631000000| Untracked 
| 103|0x0000000631800000, 0x0000000632000000, 0x0000000632000000|100%| O|  |TAMS 0x0000000632000000, 0x0000000631800000| Untracked 
| 104|0x0000000632000000, 0x0000000632800000, 0x0000000632800000|100%| O|  |TAMS 0x0000000632800000, 0x0000000632000000| Untracked 
| 105|0x0000000632800000, 0x0000000633000000, 0x0000000633000000|100%| O|  |TAMS 0x0000000633000000, 0x0000000632800000| Untracked 
| 106|0x0000000633000000, 0x0000000633800000, 0x0000000633800000|100%| O|  |TAMS 0x0000000633800000, 0x0000000633000000| Untracked 
| 107|0x0000000633800000, 0x0000000634000000, 0x0000000634000000|100%| O|  |TAMS 0x0000000634000000, 0x0000000633800000| Untracked 
| 108|0x0000000634000000, 0x0000000634800000, 0x0000000634800000|100%| O|  |TAMS 0x0000000634800000, 0x0000000634000000| Untracked 
| 109|0x0000000634800000, 0x0000000635000000, 0x0000000635000000|100%| O|  |TAMS 0x0000000635000000, 0x0000000634800000| Untracked 
| 110|0x0000000635000000, 0x0000000635800000, 0x0000000635800000|100%| O|  |TAMS 0x0000000635800000, 0x0000000635000000| Untracked 
| 111|0x0000000635800000, 0x0000000636000000, 0x0000000636000000|100%| O|  |TAMS 0x0000000636000000, 0x0000000635800000| Untracked 
| 112|0x0000000636000000, 0x0000000636800000, 0x0000000636800000|100%| O|  |TAMS 0x0000000636800000, 0x0000000636000000| Untracked 
| 113|0x0000000636800000, 0x0000000637000000, 0x0000000637000000|100%| O|  |TAMS 0x0000000637000000, 0x0000000636800000| Untracked 
| 114|0x0000000637000000, 0x0000000637800000, 0x0000000637800000|100%| O|  |TAMS 0x0000000637800000, 0x0000000637000000| Untracked 
| 115|0x0000000637800000, 0x0000000638000000, 0x0000000638000000|100%| O|  |TAMS 0x0000000638000000, 0x0000000637800000| Untracked 
| 116|0x0000000638000000, 0x0000000638800000, 0x0000000638800000|100%| O|  |TAMS 0x0000000638800000, 0x0000000638000000| Untracked 
| 117|0x0000000638800000, 0x0000000639000000, 0x0000000639000000|100%| O|  |TAMS 0x0000000639000000, 0x0000000638800000| Untracked 
| 118|0x0000000639000000, 0x0000000639800000, 0x0000000639800000|100%| O|  |TAMS 0x0000000639800000, 0x0000000639000000| Untracked 
| 119|0x0000000639800000, 0x000000063a000000, 0x000000063a000000|100%| O|  |TAMS 0x000000063a000000, 0x0000000639800000| Untracked 
| 120|0x000000063a000000, 0x000000063a800000, 0x000000063a800000|100%| O|  |TAMS 0x000000063a800000, 0x000000063a000000| Untracked 
| 121|0x000000063a800000, 0x000000063b000000, 0x000000063b000000|100%| O|  |TAMS 0x000000063b000000, 0x000000063a800000| Untracked 
| 122|0x000000063b000000, 0x000000063b800000, 0x000000063b800000|100%| O|  |TAMS 0x000000063b800000, 0x000000063b000000| Untracked 
| 123|0x000000063b800000, 0x000000063c000000, 0x000000063c000000|100%| O|  |TAMS 0x000000063c000000, 0x000000063b800000| Untracked 
| 124|0x000000063c000000, 0x000000063c800000, 0x000000063c800000|100%| O|  |TAMS 0x000000063c800000, 0x000000063c000000| Untracked 
| 125|0x000000063c800000, 0x000000063d000000, 0x000000063d000000|100%| O|  |TAMS 0x000000063d000000, 0x000000063c800000| Untracked 
| 126|0x000000063d000000, 0x000000063d800000, 0x000000063d800000|100%| O|  |TAMS 0x000000063d800000, 0x000000063d000000| Untracked 
| 127|0x000000063d800000, 0x000000063e000000, 0x000000063e000000|100%| O|  |TAMS 0x000000063e000000, 0x000000063d800000| Untracked 
| 128|0x000000063e000000, 0x000000063e800000, 0x000000063e800000|100%| O|  |TAMS 0x000000063e800000, 0x000000063e000000| Untracked 
| 129|0x000000063e800000, 0x000000063f000000, 0x000000063f000000|100%| O|  |TAMS 0x000000063f000000, 0x000000063e800000| Untracked 
| 130|0x000000063f000000, 0x000000063f800000, 0x000000063f800000|100%|HS|  |TAMS 0x000000063f800000, 0x000000063f000000| Complete 
| 131|0x000000063f800000, 0x0000000640000000, 0x0000000640000000|100%| O|  |TAMS 0x0000000640000000, 0x000000063f800000| Untracked 
| 132|0x0000000640000000, 0x0000000640800000, 0x0000000640800000|100%| O|  |TAMS 0x0000000640800000, 0x0000000640000000| Untracked 
| 133|0x0000000640800000, 0x0000000641000000, 0x0000000641000000|100%| O|  |TAMS 0x0000000641000000, 0x0000000640800000| Untracked 
| 134|0x0000000641000000, 0x0000000641800000, 0x0000000641800000|100%| O|  |TAMS 0x0000000641800000, 0x0000000641000000| Untracked 
| 135|0x0000000641800000, 0x0000000642000000, 0x0000000642000000|100%| O|  |TAMS 0x0000000642000000, 0x0000000641800000| Untracked 
| 136|0x0000000642000000, 0x0000000642800000, 0x0000000642800000|100%| O|  |TAMS 0x0000000642800000, 0x0000000642000000| Untracked 
| 137|0x0000000642800000, 0x0000000643000000, 0x0000000643000000|100%| O|  |TAMS 0x0000000643000000, 0x0000000642800000| Untracked 
| 138|0x0000000643000000, 0x0000000643800000, 0x0000000643800000|100%| O|  |TAMS 0x0000000643800000, 0x0000000643000000| Untracked 
| 139|0x0000000643800000, 0x0000000644000000, 0x0000000644000000|100%| O|  |TAMS 0x0000000644000000, 0x0000000643800000| Untracked 
| 140|0x0000000644000000, 0x0000000644800000, 0x0000000644800000|100%| O|  |TAMS 0x0000000644800000, 0x0000000644000000| Untracked 
| 141|0x0000000644800000, 0x0000000645000000, 0x0000000645000000|100%| O|  |TAMS 0x0000000645000000, 0x0000000644800000| Untracked 
| 142|0x0000000645000000, 0x0000000645800000, 0x0000000645800000|100%| O|  |TAMS 0x0000000645800000, 0x0000000645000000| Untracked 
| 143|0x0000000645800000, 0x0000000646000000, 0x0000000646000000|100%| O|  |TAMS 0x0000000646000000, 0x0000000645800000| Untracked 
| 144|0x0000000646000000, 0x0000000646800000, 0x0000000646800000|100%| O|  |TAMS 0x0000000646800000, 0x0000000646000000| Untracked 
| 145|0x0000000646800000, 0x0000000647000000, 0x0000000647000000|100%| O|  |TAMS 0x0000000647000000, 0x0000000646800000| Untracked 
| 146|0x0000000647000000, 0x0000000647800000, 0x0000000647800000|100%| O|  |TAMS 0x0000000647800000, 0x0000000647000000| Untracked 
| 147|0x0000000647800000, 0x0000000648000000, 0x0000000648000000|100%| O|  |TAMS 0x0000000648000000, 0x0000000647800000| Untracked 
| 148|0x0000000648000000, 0x0000000648800000, 0x0000000648800000|100%| O|  |TAMS 0x0000000648800000, 0x0000000648000000| Untracked 
| 149|0x0000000648800000, 0x0000000649000000, 0x0000000649000000|100%| O|  |TAMS 0x0000000649000000, 0x0000000648800000| Untracked 
| 150|0x0000000649000000, 0x0000000649800000, 0x0000000649800000|100%| O|  |TAMS 0x0000000649800000, 0x0000000649000000| Untracked 
| 151|0x0000000649800000, 0x000000064a000000, 0x000000064a000000|100%| O|  |TAMS 0x000000064a000000, 0x0000000649800000| Untracked 
| 152|0x000000064a000000, 0x000000064a800000, 0x000000064a800000|100%| O|  |TAMS 0x000000064a800000, 0x000000064a000000| Untracked 
| 153|0x000000064a800000, 0x000000064b000000, 0x000000064b000000|100%|HS|  |TAMS 0x000000064b000000, 0x000000064a800000| Complete 
| 154|0x000000064b000000, 0x000000064b800000, 0x000000064b800000|100%| O|  |TAMS 0x000000064b800000, 0x000000064b000000| Untracked 
| 155|0x000000064b800000, 0x000000064c000000, 0x000000064c000000|100%| O|  |TAMS 0x000000064c000000, 0x000000064b800000| Untracked 
| 156|0x000000064c000000, 0x000000064c800000, 0x000000064c800000|100%| O|  |TAMS 0x000000064c800000, 0x000000064c000000| Untracked 
| 157|0x000000064c800000, 0x000000064d000000, 0x000000064d000000|100%| O|  |TAMS 0x000000064d000000, 0x000000064c800000| Untracked 
| 158|0x000000064d000000, 0x000000064d800000, 0x000000064d800000|100%| O|  |TAMS 0x000000064d800000, 0x000000064d000000| Untracked 
| 159|0x000000064d800000, 0x000000064e000000, 0x000000064e000000|100%| O|  |TAMS 0x000000064e000000, 0x000000064d800000| Untracked 
| 160|0x000000064e000000, 0x000000064e800000, 0x000000064e800000|100%| O|  |TAMS 0x000000064e800000, 0x000000064e000000| Untracked 
| 161|0x000000064e800000, 0x000000064f000000, 0x000000064f000000|100%| O|  |TAMS 0x000000064f000000, 0x000000064e800000| Untracked 
| 162|0x000000064f000000, 0x000000064f800000, 0x000000064f800000|100%| O|  |TAMS 0x000000064f800000, 0x000000064f000000| Untracked 
| 163|0x000000064f800000, 0x0000000650000000, 0x0000000650000000|100%| O|  |TAMS 0x0000000650000000, 0x000000064f800000| Untracked 
| 164|0x0000000650000000, 0x0000000650800000, 0x0000000650800000|100%| O|  |TAMS 0x0000000650800000, 0x0000000650000000| Untracked 
| 165|0x0000000650800000, 0x0000000651000000, 0x0000000651000000|100%| O|  |TAMS 0x0000000651000000, 0x0000000650800000| Untracked 
| 166|0x0000000651000000, 0x0000000651800000, 0x0000000651800000|100%| O|  |TAMS 0x0000000651800000, 0x0000000651000000| Untracked 
| 167|0x0000000651800000, 0x0000000652000000, 0x0000000652000000|100%| O|  |TAMS 0x0000000652000000, 0x0000000651800000| Untracked 
| 168|0x0000000652000000, 0x0000000652800000, 0x0000000652800000|100%| O|  |TAMS 0x0000000652800000, 0x0000000652000000| Untracked 
| 169|0x0000000652800000, 0x0000000653000000, 0x0000000653000000|100%| O|  |TAMS 0x0000000653000000, 0x0000000652800000| Untracked 
| 170|0x0000000653000000, 0x0000000653800000, 0x0000000653800000|100%| O|  |TAMS 0x0000000653800000, 0x0000000653000000| Untracked 
| 171|0x0000000653800000, 0x0000000654000000, 0x0000000654000000|100%| O|  |TAMS 0x0000000654000000, 0x0000000653800000| Untracked 
| 172|0x0000000654000000, 0x0000000654800000, 0x0000000654800000|100%| O|  |TAMS 0x0000000654800000, 0x0000000654000000| Untracked 
| 173|0x0000000654800000, 0x0000000655000000, 0x0000000655000000|100%| O|  |TAMS 0x0000000655000000, 0x0000000654800000| Untracked 
| 174|0x0000000655000000, 0x0000000655800000, 0x0000000655800000|100%| O|  |TAMS 0x0000000655800000, 0x0000000655000000| Untracked 
| 175|0x0000000655800000, 0x0000000656000000, 0x0000000656000000|100%| O|  |TAMS 0x0000000656000000, 0x0000000655800000| Untracked 
| 176|0x0000000656000000, 0x0000000656800000, 0x0000000656800000|100%| O|  |TAMS 0x0000000656800000, 0x0000000656000000| Untracked 
| 177|0x0000000656800000, 0x0000000657000000, 0x0000000657000000|100%|HS|  |TAMS 0x0000000657000000, 0x0000000656800000| Complete 
| 178|0x0000000657000000, 0x0000000657800000, 0x0000000657800000|100%| O|  |TAMS 0x0000000657800000, 0x0000000657000000| Untracked 
| 179|0x0000000657800000, 0x0000000658000000, 0x0000000658000000|100%| O|  |TAMS 0x0000000658000000, 0x0000000657800000| Untracked 
| 180|0x0000000658000000, 0x0000000658800000, 0x0000000658800000|100%| O|  |TAMS 0x0000000658800000, 0x0000000658000000| Untracked 
| 181|0x0000000658800000, 0x0000000659000000, 0x0000000659000000|100%| O|  |TAMS 0x0000000659000000, 0x0000000658800000| Untracked 
| 182|0x0000000659000000, 0x0000000659800000, 0x0000000659800000|100%| O|  |TAMS 0x0000000659800000, 0x0000000659000000| Untracked 
| 183|0x0000000659800000, 0x000000065a000000, 0x000000065a000000|100%| O|  |TAMS 0x000000065a000000, 0x0000000659800000| Untracked 
| 184|0x000000065a000000, 0x000000065a800000, 0x000000065a800000|100%|HS|  |TAMS 0x000000065a800000, 0x000000065a000000| Complete 
| 185|0x000000065a800000, 0x000000065b000000, 0x000000065b000000|100%|HS|  |TAMS 0x000000065b000000, 0x000000065a800000| Complete 
| 186|0x000000065b000000, 0x000000065b800000, 0x000000065b800000|100%|HS|  |TAMS 0x000000065b800000, 0x000000065b000000| Complete 
| 187|0x000000065b800000, 0x000000065c000000, 0x000000065c000000|100%|HS|  |TAMS 0x000000065c000000, 0x000000065b800000| Complete 
| 188|0x000000065c000000, 0x000000065c800000, 0x000000065c800000|100%| O|  |TAMS 0x000000065c800000, 0x000000065c000000| Untracked 
| 189|0x000000065c800000, 0x000000065d000000, 0x000000065d000000|100%| O|  |TAMS 0x000000065d000000, 0x000000065c800000| Untracked 
| 190|0x000000065d000000, 0x000000065d800000, 0x000000065d800000|100%| O|  |TAMS 0x000000065d800000, 0x000000065d000000| Untracked 
| 191|0x000000065d800000, 0x000000065e000000, 0x000000065e000000|100%| O|  |TAMS 0x000000065e000000, 0x000000065d800000| Untracked 
| 192|0x000000065e000000, 0x000000065e800000, 0x000000065e800000|100%| O|  |TAMS 0x000000065e800000, 0x000000065e000000| Untracked 
| 193|0x000000065e800000, 0x000000065f000000, 0x000000065f000000|100%| O|  |TAMS 0x000000065f000000, 0x000000065e800000| Untracked 
| 194|0x000000065f000000, 0x000000065f800000, 0x000000065f800000|100%| O|  |TAMS 0x000000065f800000, 0x000000065f000000| Untracked 
| 195|0x000000065f800000, 0x0000000660000000, 0x0000000660000000|100%| O|  |TAMS 0x0000000660000000, 0x000000065f800000| Untracked 
| 196|0x0000000660000000, 0x0000000660800000, 0x0000000660800000|100%| O|  |TAMS 0x0000000660800000, 0x0000000660000000| Untracked 
| 197|0x0000000660800000, 0x0000000661000000, 0x0000000661000000|100%| O|  |TAMS 0x0000000661000000, 0x0000000660800000| Untracked 
| 198|0x0000000661000000, 0x0000000661800000, 0x0000000661800000|100%| O|  |TAMS 0x0000000661800000, 0x0000000661000000| Untracked 
| 199|0x0000000661800000, 0x0000000662000000, 0x0000000662000000|100%| O|  |TAMS 0x0000000662000000, 0x0000000661800000| Untracked 
| 200|0x0000000662000000, 0x0000000662800000, 0x0000000662800000|100%| O|  |TAMS 0x0000000662800000, 0x0000000662000000| Untracked 
| 201|0x0000000662800000, 0x0000000663000000, 0x0000000663000000|100%| O|  |TAMS 0x0000000663000000, 0x0000000662800000| Untracked 
| 202|0x0000000663000000, 0x0000000663800000, 0x0000000663800000|100%| O|  |TAMS 0x0000000663800000, 0x0000000663000000| Untracked 
| 203|0x0000000663800000, 0x0000000664000000, 0x0000000664000000|100%| O|  |TAMS 0x0000000664000000, 0x0000000663800000| Untracked 
| 204|0x0000000664000000, 0x0000000664800000, 0x0000000664800000|100%| O|  |TAMS 0x0000000664800000, 0x0000000664000000| Untracked 
| 205|0x0000000664800000, 0x0000000665000000, 0x0000000665000000|100%| O|  |TAMS 0x0000000665000000, 0x0000000664800000| Untracked 
| 206|0x0000000665000000, 0x0000000665800000, 0x0000000665800000|100%| O|  |TAMS 0x0000000665800000, 0x0000000665000000| Untracked 
| 207|0x0000000665800000, 0x0000000666000000, 0x0000000666000000|100%| O|  |TAMS 0x0000000666000000, 0x0000000665800000| Untracked 
| 208|0x0000000666000000, 0x0000000666800000, 0x0000000666800000|100%| O|  |TAMS 0x0000000666800000, 0x0000000666000000| Untracked 
| 209|0x0000000666800000, 0x0000000667000000, 0x0000000667000000|100%| O|  |TAMS 0x0000000667000000, 0x0000000666800000| Untracked 
| 210|0x0000000667000000, 0x0000000667800000, 0x0000000667800000|100%| O|  |TAMS 0x0000000667800000, 0x0000000667000000| Untracked 
| 211|0x0000000667800000, 0x0000000668000000, 0x0000000668000000|100%| O|  |TAMS 0x0000000668000000, 0x0000000667800000| Untracked 
| 212|0x0000000668000000, 0x0000000668800000, 0x0000000668800000|100%| O|  |TAMS 0x0000000668800000, 0x0000000668000000| Untracked 
| 213|0x0000000668800000, 0x0000000669000000, 0x0000000669000000|100%| O|  |TAMS 0x0000000669000000, 0x0000000668800000| Untracked 
| 214|0x0000000669000000, 0x0000000669800000, 0x0000000669800000|100%| O|  |TAMS 0x0000000669800000, 0x0000000669000000| Untracked 
| 215|0x0000000669800000, 0x000000066a000000, 0x000000066a000000|100%| O|  |TAMS 0x000000066a000000, 0x0000000669800000| Untracked 
| 216|0x000000066a000000, 0x000000066a800000, 0x000000066a800000|100%| O|  |TAMS 0x000000066a800000, 0x000000066a000000| Untracked 
| 217|0x000000066a800000, 0x000000066b000000, 0x000000066b000000|100%| O|  |TAMS 0x000000066b000000, 0x000000066a800000| Untracked 
| 218|0x000000066b000000, 0x000000066b800000, 0x000000066b800000|100%| O|  |TAMS 0x000000066b800000, 0x000000066b000000| Untracked 
| 219|0x000000066b800000, 0x000000066c000000, 0x000000066c000000|100%| O|  |TAMS 0x000000066c000000, 0x000000066b800000| Untracked 
| 220|0x000000066c000000, 0x000000066c800000, 0x000000066c800000|100%| O|  |TAMS 0x000000066c800000, 0x000000066c000000| Untracked 
| 221|0x000000066c800000, 0x000000066d000000, 0x000000066d000000|100%| O|  |TAMS 0x000000066d000000, 0x000000066c800000| Untracked 
| 222|0x000000066d000000, 0x000000066d800000, 0x000000066d800000|100%| O|  |TAMS 0x000000066d800000, 0x000000066d000000| Untracked 
| 223|0x000000066d800000, 0x000000066e000000, 0x000000066e000000|100%| O|  |TAMS 0x000000066e000000, 0x000000066d800000| Untracked 
| 224|0x000000066e000000, 0x000000066e800000, 0x000000066e800000|100%| O|  |TAMS 0x000000066e800000, 0x000000066e000000| Untracked 
| 225|0x000000066e800000, 0x000000066f000000, 0x000000066f000000|100%| O|  |TAMS 0x000000066f000000, 0x000000066e800000| Untracked 
| 226|0x000000066f000000, 0x000000066f800000, 0x000000066f800000|100%| O|  |TAMS 0x000000066f800000, 0x000000066f000000| Untracked 
| 227|0x000000066f800000, 0x0000000670000000, 0x0000000670000000|100%| O|  |TAMS 0x0000000670000000, 0x000000066f800000| Untracked 
| 228|0x0000000670000000, 0x0000000670800000, 0x0000000670800000|100%| O|  |TAMS 0x0000000670800000, 0x0000000670000000| Untracked 
| 229|0x0000000670800000, 0x0000000671000000, 0x0000000671000000|100%| O|  |TAMS 0x0000000671000000, 0x0000000670800000| Untracked 
| 230|0x0000000671000000, 0x0000000671800000, 0x0000000671800000|100%| O|  |TAMS 0x0000000671800000, 0x0000000671000000| Untracked 
| 231|0x0000000671800000, 0x0000000672000000, 0x0000000672000000|100%| O|  |TAMS 0x0000000672000000, 0x0000000671800000| Untracked 
| 232|0x0000000672000000, 0x0000000672800000, 0x0000000672800000|100%| O|  |TAMS 0x0000000672800000, 0x0000000672000000| Untracked 
| 233|0x0000000672800000, 0x0000000673000000, 0x0000000673000000|100%| O|  |TAMS 0x0000000673000000, 0x0000000672800000| Untracked 
| 234|0x0000000673000000, 0x0000000673800000, 0x0000000673800000|100%| O|  |TAMS 0x0000000673800000, 0x0000000673000000| Untracked 
| 235|0x0000000673800000, 0x0000000674000000, 0x0000000674000000|100%| O|  |TAMS 0x0000000674000000, 0x0000000673800000| Untracked 
| 236|0x0000000674000000, 0x0000000674800000, 0x0000000674800000|100%| O|  |TAMS 0x0000000674800000, 0x0000000674000000| Untracked 
| 237|0x0000000674800000, 0x0000000675000000, 0x0000000675000000|100%| O|  |TAMS 0x0000000675000000, 0x0000000674800000| Untracked 
| 238|0x0000000675000000, 0x0000000675800000, 0x0000000675800000|100%| O|  |TAMS 0x0000000675800000, 0x0000000675000000| Untracked 
| 239|0x0000000675800000, 0x0000000676000000, 0x0000000676000000|100%| O|  |TAMS 0x0000000676000000, 0x0000000675800000| Untracked 
| 240|0x0000000676000000, 0x0000000676800000, 0x0000000676800000|100%| O|  |TAMS 0x0000000676800000, 0x0000000676000000| Untracked 
| 241|0x0000000676800000, 0x0000000677000000, 0x0000000677000000|100%| O|  |TAMS 0x0000000677000000, 0x0000000676800000| Untracked 
| 242|0x0000000677000000, 0x0000000677800000, 0x0000000677800000|100%| O|  |TAMS 0x0000000677800000, 0x0000000677000000| Untracked 
| 243|0x0000000677800000, 0x0000000678000000, 0x0000000678000000|100%| O|  |TAMS 0x0000000678000000, 0x0000000677800000| Untracked 
| 244|0x0000000678000000, 0x0000000678800000, 0x0000000678800000|100%| O|  |TAMS 0x0000000678800000, 0x0000000678000000| Untracked 
| 245|0x0000000678800000, 0x0000000679000000, 0x0000000679000000|100%| O|  |TAMS 0x0000000679000000, 0x0000000678800000| Untracked 
| 246|0x0000000679000000, 0x0000000679800000, 0x0000000679800000|100%| O|  |TAMS 0x0000000679800000, 0x0000000679000000| Untracked 
| 247|0x0000000679800000, 0x000000067a000000, 0x000000067a000000|100%| O|  |TAMS 0x000000067a000000, 0x0000000679800000| Untracked 
| 248|0x000000067a000000, 0x000000067a800000, 0x000000067a800000|100%| O|  |TAMS 0x000000067a800000, 0x000000067a000000| Untracked 
| 249|0x000000067a800000, 0x000000067b000000, 0x000000067b000000|100%| O|  |TAMS 0x000000067b000000, 0x000000067a800000| Untracked 
| 250|0x000000067b000000, 0x000000067b800000, 0x000000067b800000|100%| O|  |TAMS 0x000000067b800000, 0x000000067b000000| Untracked 
| 251|0x000000067b800000, 0x000000067c000000, 0x000000067c000000|100%| O|  |TAMS 0x000000067c000000, 0x000000067b800000| Untracked 
| 252|0x000000067c000000, 0x000000067c800000, 0x000000067c800000|100%| O|  |TAMS 0x000000067c800000, 0x000000067c000000| Untracked 
| 253|0x000000067c800000, 0x000000067d000000, 0x000000067d000000|100%| O|  |TAMS 0x000000067d000000, 0x000000067c800000| Untracked 
| 254|0x000000067d000000, 0x000000067d800000, 0x000000067d800000|100%| O|  |TAMS 0x000000067d800000, 0x000000067d000000| Untracked 
| 255|0x000000067d800000, 0x000000067e000000, 0x000000067e000000|100%| O|  |TAMS 0x000000067e000000, 0x000000067d800000| Untracked 
| 256|0x000000067e000000, 0x000000067e800000, 0x000000067e800000|100%| O|  |TAMS 0x000000067e800000, 0x000000067e000000| Untracked 
| 257|0x000000067e800000, 0x000000067f000000, 0x000000067f000000|100%| O|  |TAMS 0x000000067f000000, 0x000000067e800000| Untracked 
| 258|0x000000067f000000, 0x000000067f800000, 0x000000067f800000|100%| O|  |TAMS 0x000000067f800000, 0x000000067f000000| Untracked 
| 259|0x000000067f800000, 0x0000000680000000, 0x0000000680000000|100%| O|  |TAMS 0x0000000680000000, 0x000000067f800000| Untracked 
| 260|0x0000000680000000, 0x0000000680800000, 0x0000000680800000|100%| O|  |TAMS 0x0000000680800000, 0x0000000680000000| Untracked 
| 261|0x0000000680800000, 0x0000000681000000, 0x0000000681000000|100%| O|  |TAMS 0x0000000681000000, 0x0000000680800000| Untracked 
| 262|0x0000000681000000, 0x0000000681800000, 0x0000000681800000|100%| O|  |TAMS 0x0000000681800000, 0x0000000681000000| Untracked 
| 263|0x0000000681800000, 0x0000000682000000, 0x0000000682000000|100%| O|  |TAMS 0x0000000682000000, 0x0000000681800000| Untracked 
| 264|0x0000000682000000, 0x0000000682800000, 0x0000000682800000|100%| O|  |TAMS 0x0000000682800000, 0x0000000682000000| Untracked 
| 265|0x0000000682800000, 0x0000000683000000, 0x0000000683000000|100%| O|  |TAMS 0x0000000683000000, 0x0000000682800000| Untracked 
| 266|0x0000000683000000, 0x0000000683800000, 0x0000000683800000|100%| O|  |TAMS 0x0000000683800000, 0x0000000683000000| Untracked 
| 267|0x0000000683800000, 0x0000000684000000, 0x0000000684000000|100%|HS|  |TAMS 0x0000000684000000, 0x0000000683800000| Complete 
| 268|0x0000000684000000, 0x0000000684800000, 0x0000000684800000|100%| O|  |TAMS 0x0000000684800000, 0x0000000684000000| Untracked 
| 269|0x0000000684800000, 0x0000000685000000, 0x0000000685000000|100%| O|  |TAMS 0x0000000685000000, 0x0000000684800000| Untracked 
| 270|0x0000000685000000, 0x0000000685800000, 0x0000000685800000|100%|HS|  |TAMS 0x0000000685800000, 0x0000000685000000| Complete 
| 271|0x0000000685800000, 0x0000000686000000, 0x0000000686000000|100%|HC|  |TAMS 0x0000000686000000, 0x0000000685800000| Complete 
| 272|0x0000000686000000, 0x0000000686800000, 0x0000000686800000|100%|HS|  |TAMS 0x0000000686800000, 0x0000000686000000| Complete 
| 273|0x0000000686800000, 0x0000000687000000, 0x0000000687000000|100%|HS|  |TAMS 0x0000000687000000, 0x0000000686800000| Complete 
| 274|0x0000000687000000, 0x0000000687800000, 0x0000000687800000|100%| O|  |TAMS 0x0000000687800000, 0x0000000687000000| Untracked 
| 275|0x0000000687800000, 0x0000000688000000, 0x0000000688000000|100%| O|  |TAMS 0x0000000688000000, 0x0000000687800000| Untracked 
| 276|0x0000000688000000, 0x0000000688800000, 0x0000000688800000|100%| O|  |TAMS 0x0000000688800000, 0x0000000688000000| Untracked 
| 277|0x0000000688800000, 0x0000000689000000, 0x0000000689000000|100%| O|  |TAMS 0x0000000689000000, 0x0000000688800000| Untracked 
| 278|0x0000000689000000, 0x0000000689800000, 0x0000000689800000|100%| O|  |TAMS 0x0000000689800000, 0x0000000689000000| Untracked 
| 279|0x0000000689800000, 0x000000068a000000, 0x000000068a000000|100%| O|  |TAMS 0x000000068a000000, 0x0000000689800000| Untracked 
| 280|0x000000068a000000, 0x000000068a800000, 0x000000068a800000|100%| O|  |TAMS 0x000000068a800000, 0x000000068a000000| Untracked 
| 281|0x000000068a800000, 0x000000068b000000, 0x000000068b000000|100%| O|  |TAMS 0x000000068b000000, 0x000000068a800000| Untracked 
| 282|0x000000068b000000, 0x000000068b800000, 0x000000068b800000|100%| O|  |TAMS 0x000000068b800000, 0x000000068b000000| Untracked 
| 283|0x000000068b800000, 0x000000068c000000, 0x000000068c000000|100%| O|  |TAMS 0x000000068c000000, 0x000000068b800000| Untracked 
| 284|0x000000068c000000, 0x000000068c800000, 0x000000068c800000|100%| O|  |TAMS 0x000000068c800000, 0x000000068c000000| Untracked 
| 285|0x000000068c800000, 0x000000068d000000, 0x000000068d000000|100%| O|  |TAMS 0x000000068d000000, 0x000000068c800000| Untracked 
| 286|0x000000068d000000, 0x000000068d800000, 0x000000068d800000|100%| O|  |TAMS 0x000000068d800000, 0x000000068d000000| Untracked 
| 287|0x000000068d800000, 0x000000068e000000, 0x000000068e000000|100%| O|  |TAMS 0x000000068e000000, 0x000000068d800000| Untracked 
| 288|0x000000068e000000, 0x000000068e800000, 0x000000068e800000|100%| O|  |TAMS 0x000000068e800000, 0x000000068e000000| Untracked 
| 289|0x000000068e800000, 0x000000068f000000, 0x000000068f000000|100%| O|  |TAMS 0x000000068f000000, 0x000000068e800000| Untracked 
| 290|0x000000068f000000, 0x000000068f800000, 0x000000068f800000|100%|HS|  |TAMS 0x000000068f800000, 0x000000068f000000| Complete 
| 291|0x000000068f800000, 0x0000000690000000, 0x0000000690000000|100%| O|  |TAMS 0x0000000690000000, 0x000000068f800000| Untracked 
| 292|0x0000000690000000, 0x0000000690800000, 0x0000000690800000|100%| O|  |TAMS 0x0000000690800000, 0x0000000690000000| Untracked 
| 293|0x0000000690800000, 0x0000000691000000, 0x0000000691000000|100%| O|  |TAMS 0x0000000691000000, 0x0000000690800000| Untracked 
| 294|0x0000000691000000, 0x0000000691800000, 0x0000000691800000|100%| O|  |TAMS 0x0000000691800000, 0x0000000691000000| Untracked 
| 295|0x0000000691800000, 0x0000000692000000, 0x0000000692000000|100%| O|  |TAMS 0x0000000692000000, 0x0000000691800000| Untracked 
| 296|0x0000000692000000, 0x0000000692800000, 0x0000000692800000|100%| O|  |TAMS 0x0000000692800000, 0x0000000692000000| Untracked 
| 297|0x0000000692800000, 0x0000000693000000, 0x0000000693000000|100%| O|  |TAMS 0x0000000693000000, 0x0000000692800000| Untracked 
| 298|0x0000000693000000, 0x0000000693800000, 0x0000000693800000|100%| O|  |TAMS 0x0000000693800000, 0x0000000693000000| Untracked 
| 299|0x0000000693800000, 0x0000000694000000, 0x0000000694000000|100%| O|  |TAMS 0x0000000694000000, 0x0000000693800000| Untracked 
| 300|0x0000000694000000, 0x0000000694800000, 0x0000000694800000|100%| O|  |TAMS 0x0000000694800000, 0x0000000694000000| Untracked 
| 301|0x0000000694800000, 0x0000000695000000, 0x0000000695000000|100%| O|  |TAMS 0x0000000695000000, 0x0000000694800000| Untracked 
| 302|0x0000000695000000, 0x0000000695800000, 0x0000000695800000|100%| O|  |TAMS 0x0000000695800000, 0x0000000695000000| Untracked 
| 303|0x0000000695800000, 0x0000000696000000, 0x0000000696000000|100%| O|  |TAMS 0x0000000696000000, 0x0000000695800000| Untracked 
| 304|0x0000000696000000, 0x0000000696800000, 0x0000000696800000|100%| O|  |TAMS 0x0000000696800000, 0x0000000696000000| Untracked 
| 305|0x0000000696800000, 0x0000000697000000, 0x0000000697000000|100%| O|  |TAMS 0x0000000697000000, 0x0000000696800000| Untracked 
| 306|0x0000000697000000, 0x0000000697800000, 0x0000000697800000|100%| O|  |TAMS 0x0000000697800000, 0x0000000697000000| Untracked 
| 307|0x0000000697800000, 0x0000000698000000, 0x0000000698000000|100%| O|  |TAMS 0x0000000698000000, 0x0000000697800000| Untracked 
| 308|0x0000000698000000, 0x0000000698800000, 0x0000000698800000|100%| O|  |TAMS 0x0000000698800000, 0x0000000698000000| Untracked 
| 309|0x0000000698800000, 0x0000000699000000, 0x0000000699000000|100%| O|  |TAMS 0x0000000699000000, 0x0000000698800000| Untracked 
| 310|0x0000000699000000, 0x0000000699800000, 0x0000000699800000|100%| O|  |TAMS 0x0000000699800000, 0x0000000699000000| Untracked 
| 311|0x0000000699800000, 0x000000069a000000, 0x000000069a000000|100%| O|  |TAMS 0x000000069a000000, 0x0000000699800000| Untracked 
| 312|0x000000069a000000, 0x000000069a800000, 0x000000069a800000|100%| O|  |TAMS 0x000000069a800000, 0x000000069a000000| Untracked 
| 313|0x000000069a800000, 0x000000069b000000, 0x000000069b000000|100%| O|  |TAMS 0x000000069b000000, 0x000000069a800000| Untracked 
| 314|0x000000069b000000, 0x000000069b800000, 0x000000069b800000|100%| O|  |TAMS 0x000000069b800000, 0x000000069b000000| Untracked 
| 315|0x000000069b800000, 0x000000069c000000, 0x000000069c000000|100%| O|  |TAMS 0x000000069c000000, 0x000000069b800000| Untracked 
| 316|0x000000069c000000, 0x000000069c800000, 0x000000069c800000|100%| O|  |TAMS 0x000000069c800000, 0x000000069c000000| Untracked 
| 317|0x000000069c800000, 0x000000069d000000, 0x000000069d000000|100%| O|  |TAMS 0x000000069d000000, 0x000000069c800000| Untracked 
| 318|0x000000069d000000, 0x000000069d800000, 0x000000069d800000|100%| O|  |TAMS 0x000000069d800000, 0x000000069d000000| Untracked 
| 319|0x000000069d800000, 0x000000069e000000, 0x000000069e000000|100%| O|  |TAMS 0x000000069e000000, 0x000000069d800000| Untracked 
| 320|0x000000069e000000, 0x000000069e800000, 0x000000069e800000|100%| O|  |TAMS 0x000000069e800000, 0x000000069e000000| Untracked 
| 321|0x000000069e800000, 0x000000069f000000, 0x000000069f000000|100%| O|  |TAMS 0x000000069f000000, 0x000000069e800000| Untracked 
| 322|0x000000069f000000, 0x000000069f800000, 0x000000069f800000|100%| O|  |TAMS 0x000000069f800000, 0x000000069f000000| Untracked 
| 323|0x000000069f800000, 0x00000006a0000000, 0x00000006a0000000|100%| O|  |TAMS 0x00000006a0000000, 0x000000069f800000| Untracked 
| 324|0x00000006a0000000, 0x00000006a0800000, 0x00000006a0800000|100%| O|  |TAMS 0x00000006a0800000, 0x00000006a0000000| Untracked 
| 325|0x00000006a0800000, 0x00000006a1000000, 0x00000006a1000000|100%| O|  |TAMS 0x00000006a1000000, 0x00000006a0800000| Untracked 
| 326|0x00000006a1000000, 0x00000006a1800000, 0x00000006a1800000|100%| O|  |TAMS 0x00000006a1800000, 0x00000006a1000000| Untracked 
| 327|0x00000006a1800000, 0x00000006a2000000, 0x00000006a2000000|100%| O|  |TAMS 0x00000006a2000000, 0x00000006a1800000| Untracked 
| 328|0x00000006a2000000, 0x00000006a2800000, 0x00000006a2800000|100%| O|  |TAMS 0x00000006a2800000, 0x00000006a2000000| Untracked 
| 329|0x00000006a2800000, 0x00000006a3000000, 0x00000006a3000000|100%| O|  |TAMS 0x00000006a3000000, 0x00000006a2800000| Untracked 
| 330|0x00000006a3000000, 0x00000006a3800000, 0x00000006a3800000|100%| O|  |TAMS 0x00000006a3800000, 0x00000006a3000000| Untracked 
| 331|0x00000006a3800000, 0x00000006a4000000, 0x00000006a4000000|100%| O|  |TAMS 0x00000006a4000000, 0x00000006a3800000| Untracked 
| 332|0x00000006a4000000, 0x00000006a4800000, 0x00000006a4800000|100%| O|  |TAMS 0x00000006a4800000, 0x00000006a4000000| Untracked 
| 333|0x00000006a4800000, 0x00000006a5000000, 0x00000006a5000000|100%| O|  |TAMS 0x00000006a5000000, 0x00000006a4800000| Untracked 
| 334|0x00000006a5000000, 0x00000006a5800000, 0x00000006a5800000|100%| O|  |TAMS 0x00000006a5800000, 0x00000006a5000000| Untracked 
| 335|0x00000006a5800000, 0x00000006a6000000, 0x00000006a6000000|100%| O|  |TAMS 0x00000006a6000000, 0x00000006a5800000| Untracked 
| 336|0x00000006a6000000, 0x00000006a6800000, 0x00000006a6800000|100%| O|  |TAMS 0x00000006a6800000, 0x00000006a6000000| Untracked 
| 337|0x00000006a6800000, 0x00000006a7000000, 0x00000006a7000000|100%| O|  |TAMS 0x00000006a7000000, 0x00000006a6800000| Untracked 
| 338|0x00000006a7000000, 0x00000006a7800000, 0x00000006a7800000|100%| O|  |TAMS 0x00000006a7800000, 0x00000006a7000000| Untracked 
| 339|0x00000006a7800000, 0x00000006a8000000, 0x00000006a8000000|100%| O|  |TAMS 0x00000006a8000000, 0x00000006a7800000| Untracked 
| 340|0x00000006a8000000, 0x00000006a8800000, 0x00000006a8800000|100%| O|  |TAMS 0x00000006a8800000, 0x00000006a8000000| Untracked 
| 341|0x00000006a8800000, 0x00000006a9000000, 0x00000006a9000000|100%| O|  |TAMS 0x00000006a9000000, 0x00000006a8800000| Untracked 
| 342|0x00000006a9000000, 0x00000006a9800000, 0x00000006a9800000|100%| O|  |TAMS 0x00000006a9800000, 0x00000006a9000000| Untracked 
| 343|0x00000006a9800000, 0x00000006aa000000, 0x00000006aa000000|100%| O|  |TAMS 0x00000006aa000000, 0x00000006a9800000| Untracked 
| 344|0x00000006aa000000, 0x00000006aa800000, 0x00000006aa800000|100%| O|  |TAMS 0x00000006aa800000, 0x00000006aa000000| Untracked 
| 345|0x00000006aa800000, 0x00000006ab000000, 0x00000006ab000000|100%| O|  |TAMS 0x00000006ab000000, 0x00000006aa800000| Untracked 
| 346|0x00000006ab000000, 0x00000006ab800000, 0x00000006ab800000|100%| O|  |TAMS 0x00000006ab800000, 0x00000006ab000000| Untracked 
| 347|0x00000006ab800000, 0x00000006ac000000, 0x00000006ac000000|100%| O|  |TAMS 0x00000006ac000000, 0x00000006ab800000| Untracked 
| 348|0x00000006ac000000, 0x00000006ac800000, 0x00000006ac800000|100%| O|  |TAMS 0x00000006ac800000, 0x00000006ac000000| Untracked 
| 349|0x00000006ac800000, 0x00000006ad000000, 0x00000006ad000000|100%| O|  |TAMS 0x00000006ad000000, 0x00000006ac800000| Untracked 
| 350|0x00000006ad000000, 0x00000006ad800000, 0x00000006ad800000|100%| O|  |TAMS 0x00000006ad800000, 0x00000006ad000000| Untracked 
| 351|0x00000006ad800000, 0x00000006ae000000, 0x00000006ae000000|100%| O|  |TAMS 0x00000006ae000000, 0x00000006ad800000| Untracked 
| 352|0x00000006ae000000, 0x00000006ae800000, 0x00000006ae800000|100%| O|  |TAMS 0x00000006ae800000, 0x00000006ae000000| Untracked 
| 353|0x00000006ae800000, 0x00000006af000000, 0x00000006af000000|100%| O|  |TAMS 0x00000006af000000, 0x00000006ae800000| Untracked 
| 354|0x00000006af000000, 0x00000006af800000, 0x00000006af800000|100%| O|  |TAMS 0x00000006af800000, 0x00000006af000000| Untracked 
| 355|0x00000006af800000, 0x00000006b0000000, 0x00000006b0000000|100%| O|  |TAMS 0x00000006b0000000, 0x00000006af800000| Untracked 
| 356|0x00000006b0000000, 0x00000006b0800000, 0x00000006b0800000|100%| O|  |TAMS 0x00000006b0800000, 0x00000006b0000000| Untracked 
| 357|0x00000006b0800000, 0x00000006b1000000, 0x00000006b1000000|100%| O|  |TAMS 0x00000006b1000000, 0x00000006b0800000| Untracked 
| 358|0x00000006b1000000, 0x00000006b1800000, 0x00000006b1800000|100%| O|  |TAMS 0x00000006b1800000, 0x00000006b1000000| Untracked 
| 359|0x00000006b1800000, 0x00000006b2000000, 0x00000006b2000000|100%| O|  |TAMS 0x00000006b2000000, 0x00000006b1800000| Untracked 
| 360|0x00000006b2000000, 0x00000006b2800000, 0x00000006b2800000|100%| O|  |TAMS 0x00000006b2800000, 0x00000006b2000000| Untracked 
| 361|0x00000006b2800000, 0x00000006b3000000, 0x00000006b3000000|100%| O|  |TAMS 0x00000006b3000000, 0x00000006b2800000| Untracked 
| 362|0x00000006b3000000, 0x00000006b3800000, 0x00000006b3800000|100%| O|  |TAMS 0x00000006b3800000, 0x00000006b3000000| Untracked 
| 363|0x00000006b3800000, 0x00000006b4000000, 0x00000006b4000000|100%| O|  |TAMS 0x00000006b4000000, 0x00000006b3800000| Untracked 
| 364|0x00000006b4000000, 0x00000006b4800000, 0x00000006b4800000|100%| O|  |TAMS 0x00000006b4800000, 0x00000006b4000000| Untracked 
| 365|0x00000006b4800000, 0x00000006b5000000, 0x00000006b5000000|100%| O|  |TAMS 0x00000006b5000000, 0x00000006b4800000| Untracked 
| 366|0x00000006b5000000, 0x00000006b5800000, 0x00000006b5800000|100%| O|  |TAMS 0x00000006b5800000, 0x00000006b5000000| Untracked 
| 367|0x00000006b5800000, 0x00000006b6000000, 0x00000006b6000000|100%| O|  |TAMS 0x00000006b6000000, 0x00000006b5800000| Untracked 
| 368|0x00000006b6000000, 0x00000006b6800000, 0x00000006b6800000|100%| O|  |TAMS 0x00000006b6800000, 0x00000006b6000000| Untracked 
| 369|0x00000006b6800000, 0x00000006b7000000, 0x00000006b7000000|100%| O|  |TAMS 0x00000006b7000000, 0x00000006b6800000| Untracked 
| 370|0x00000006b7000000, 0x00000006b7800000, 0x00000006b7800000|100%| O|  |TAMS 0x00000006b7800000, 0x00000006b7000000| Untracked 
| 371|0x00000006b7800000, 0x00000006b8000000, 0x00000006b8000000|100%| O|  |TAMS 0x00000006b8000000, 0x00000006b7800000| Untracked 
| 372|0x00000006b8000000, 0x00000006b8800000, 0x00000006b8800000|100%| O|  |TAMS 0x00000006b8800000, 0x00000006b8000000| Untracked 
| 373|0x00000006b8800000, 0x00000006b9000000, 0x00000006b9000000|100%| O|  |TAMS 0x00000006b9000000, 0x00000006b8800000| Untracked 
| 374|0x00000006b9000000, 0x00000006b9800000, 0x00000006b9800000|100%| O|  |TAMS 0x00000006b9800000, 0x00000006b9000000| Untracked 
| 375|0x00000006b9800000, 0x00000006ba000000, 0x00000006ba000000|100%| O|  |TAMS 0x00000006ba000000, 0x00000006b9800000| Untracked 
| 376|0x00000006ba000000, 0x00000006ba800000, 0x00000006ba800000|100%| O|  |TAMS 0x00000006ba800000, 0x00000006ba000000| Untracked 
| 377|0x00000006ba800000, 0x00000006bb000000, 0x00000006bb000000|100%| O|  |TAMS 0x00000006bb000000, 0x00000006ba800000| Untracked 
| 378|0x00000006bb000000, 0x00000006bb800000, 0x00000006bb800000|100%| O|  |TAMS 0x00000006bb800000, 0x00000006bb000000| Untracked 
| 379|0x00000006bb800000, 0x00000006bc000000, 0x00000006bc000000|100%| O|  |TAMS 0x00000006bc000000, 0x00000006bb800000| Untracked 
| 380|0x00000006bc000000, 0x00000006bc800000, 0x00000006bc800000|100%| O|  |TAMS 0x00000006bc800000, 0x00000006bc000000| Untracked 
| 381|0x00000006bc800000, 0x00000006bd000000, 0x00000006bd000000|100%| O|  |TAMS 0x00000006bd000000, 0x00000006bc800000| Untracked 
| 382|0x00000006bd000000, 0x00000006bd800000, 0x00000006bd800000|100%| O|  |TAMS 0x00000006bd800000, 0x00000006bd000000| Untracked 
| 383|0x00000006bd800000, 0x00000006be000000, 0x00000006be000000|100%| O|  |TAMS 0x00000006be000000, 0x00000006bd800000| Untracked 
| 384|0x00000006be000000, 0x00000006be800000, 0x00000006be800000|100%| O|  |TAMS 0x00000006be800000, 0x00000006be000000| Untracked 
| 385|0x00000006be800000, 0x00000006bf000000, 0x00000006bf000000|100%| O|  |TAMS 0x00000006bf000000, 0x00000006be800000| Untracked 
| 386|0x00000006bf000000, 0x00000006bf800000, 0x00000006bf800000|100%| O|  |TAMS 0x00000006bf800000, 0x00000006bf000000| Untracked 
| 387|0x00000006bf800000, 0x00000006c0000000, 0x00000006c0000000|100%| O|  |TAMS 0x00000006c0000000, 0x00000006bf800000| Untracked 
| 388|0x00000006c0000000, 0x00000006c0800000, 0x00000006c0800000|100%| O|  |TAMS 0x00000006c0800000, 0x00000006c0000000| Untracked 
| 389|0x00000006c0800000, 0x00000006c1000000, 0x00000006c1000000|100%| O|  |TAMS 0x00000006c1000000, 0x00000006c0800000| Untracked 
| 390|0x00000006c1000000, 0x00000006c1800000, 0x00000006c1800000|100%| O|  |TAMS 0x00000006c1800000, 0x00000006c1000000| Untracked 
| 391|0x00000006c1800000, 0x00000006c2000000, 0x00000006c2000000|100%| O|  |TAMS 0x00000006c2000000, 0x00000006c1800000| Untracked 
| 392|0x00000006c2000000, 0x00000006c2800000, 0x00000006c2800000|100%| O|  |TAMS 0x00000006c2800000, 0x00000006c2000000| Untracked 
| 393|0x00000006c2800000, 0x00000006c3000000, 0x00000006c3000000|100%| O|  |TAMS 0x00000006c3000000, 0x00000006c2800000| Untracked 
| 394|0x00000006c3000000, 0x00000006c3800000, 0x00000006c3800000|100%| O|  |TAMS 0x00000006c3800000, 0x00000006c3000000| Untracked 
| 395|0x00000006c3800000, 0x00000006c4000000, 0x00000006c4000000|100%| O|  |TAMS 0x00000006c4000000, 0x00000006c3800000| Untracked 
| 396|0x00000006c4000000, 0x00000006c4800000, 0x00000006c4800000|100%| O|  |TAMS 0x00000006c4800000, 0x00000006c4000000| Untracked 
| 397|0x00000006c4800000, 0x00000006c5000000, 0x00000006c5000000|100%| O|  |TAMS 0x00000006c5000000, 0x00000006c4800000| Untracked 
| 398|0x00000006c5000000, 0x00000006c5800000, 0x00000006c5800000|100%|HS|  |TAMS 0x00000006c5800000, 0x00000006c5000000| Complete 
| 399|0x00000006c5800000, 0x00000006c6000000, 0x00000006c6000000|100%| O|  |TAMS 0x00000006c6000000, 0x00000006c5800000| Untracked 
| 400|0x00000006c6000000, 0x00000006c6800000, 0x00000006c6800000|100%| O|  |TAMS 0x00000006c6800000, 0x00000006c6000000| Untracked 
| 401|0x00000006c6800000, 0x00000006c7000000, 0x00000006c7000000|100%| O|  |TAMS 0x00000006c7000000, 0x00000006c6800000| Untracked 
| 402|0x00000006c7000000, 0x00000006c7800000, 0x00000006c7800000|100%| O|  |TAMS 0x00000006c7800000, 0x00000006c7000000| Untracked 
| 403|0x00000006c7800000, 0x00000006c8000000, 0x00000006c8000000|100%| O|  |TAMS 0x00000006c8000000, 0x00000006c7800000| Untracked 
| 404|0x00000006c8000000, 0x00000006c8800000, 0x00000006c8800000|100%| O|  |TAMS 0x00000006c8800000, 0x00000006c8000000| Untracked 
| 405|0x00000006c8800000, 0x00000006c9000000, 0x00000006c9000000|100%| O|  |TAMS 0x00000006c9000000, 0x00000006c8800000| Untracked 
| 406|0x00000006c9000000, 0x00000006c9800000, 0x00000006c9800000|100%| O|  |TAMS 0x00000006c9800000, 0x00000006c9000000| Untracked 
| 407|0x00000006c9800000, 0x00000006ca000000, 0x00000006ca000000|100%| O|  |TAMS 0x00000006ca000000, 0x00000006c9800000| Untracked 
| 408|0x00000006ca000000, 0x00000006ca800000, 0x00000006ca800000|100%| O|  |TAMS 0x00000006ca800000, 0x00000006ca000000| Untracked 
| 409|0x00000006ca800000, 0x00000006cb000000, 0x00000006cb000000|100%| O|  |TAMS 0x00000006cb000000, 0x00000006ca800000| Untracked 
| 410|0x00000006cb000000, 0x00000006cb800000, 0x00000006cb800000|100%| O|  |TAMS 0x00000006cb800000, 0x00000006cb000000| Untracked 
| 411|0x00000006cb800000, 0x00000006cc000000, 0x00000006cc000000|100%| O|  |TAMS 0x00000006cc000000, 0x00000006cb800000| Untracked 
| 412|0x00000006cc000000, 0x00000006cc800000, 0x00000006cc800000|100%| O|  |TAMS 0x00000006cc800000, 0x00000006cc000000| Untracked 
| 413|0x00000006cc800000, 0x00000006cd000000, 0x00000006cd000000|100%| O|  |TAMS 0x00000006cd000000, 0x00000006cc800000| Untracked 
| 414|0x00000006cd000000, 0x00000006cd800000, 0x00000006cd800000|100%| O|  |TAMS 0x00000006cd800000, 0x00000006cd000000| Untracked 
| 415|0x00000006cd800000, 0x00000006ce000000, 0x00000006ce000000|100%| O|  |TAMS 0x00000006ce000000, 0x00000006cd800000| Untracked 
| 416|0x00000006ce000000, 0x00000006ce800000, 0x00000006ce800000|100%| O|  |TAMS 0x00000006ce800000, 0x00000006ce000000| Untracked 
| 417|0x00000006ce800000, 0x00000006cf000000, 0x00000006cf000000|100%| O|  |TAMS 0x00000006cf000000, 0x00000006ce800000| Untracked 
| 418|0x00000006cf000000, 0x00000006cf800000, 0x00000006cf800000|100%| O|  |TAMS 0x00000006cf800000, 0x00000006cf000000| Untracked 
| 419|0x00000006cf800000, 0x00000006d0000000, 0x00000006d0000000|100%| O|  |TAMS 0x00000006d0000000, 0x00000006cf800000| Untracked 
| 420|0x00000006d0000000, 0x00000006d0800000, 0x00000006d0800000|100%| O|  |TAMS 0x00000006d0800000, 0x00000006d0000000| Untracked 
| 421|0x00000006d0800000, 0x00000006d1000000, 0x00000006d1000000|100%| O|  |TAMS 0x00000006d1000000, 0x00000006d0800000| Untracked 
| 422|0x00000006d1000000, 0x00000006d1800000, 0x00000006d1800000|100%| O|  |TAMS 0x00000006d1800000, 0x00000006d1000000| Untracked 
| 423|0x00000006d1800000, 0x00000006d2000000, 0x00000006d2000000|100%| O|  |TAMS 0x00000006d2000000, 0x00000006d1800000| Untracked 
| 424|0x00000006d2000000, 0x00000006d2800000, 0x00000006d2800000|100%| O|  |TAMS 0x00000006d2800000, 0x00000006d2000000| Untracked 
| 425|0x00000006d2800000, 0x00000006d3000000, 0x00000006d3000000|100%| O|  |TAMS 0x00000006d3000000, 0x00000006d2800000| Untracked 
| 426|0x00000006d3000000, 0x00000006d3800000, 0x00000006d3800000|100%| O|  |TAMS 0x00000006d3800000, 0x00000006d3000000| Untracked 
| 427|0x00000006d3800000, 0x00000006d4000000, 0x00000006d4000000|100%| O|  |TAMS 0x00000006d4000000, 0x00000006d3800000| Untracked 
| 428|0x00000006d4000000, 0x00000006d4800000, 0x00000006d4800000|100%| O|  |TAMS 0x00000006d4800000, 0x00000006d4000000| Untracked 
| 429|0x00000006d4800000, 0x00000006d5000000, 0x00000006d5000000|100%| O|  |TAMS 0x00000006d5000000, 0x00000006d4800000| Untracked 
| 430|0x00000006d5000000, 0x00000006d5800000, 0x00000006d5800000|100%| O|  |TAMS 0x00000006d5800000, 0x00000006d5000000| Untracked 
| 431|0x00000006d5800000, 0x00000006d6000000, 0x00000006d6000000|100%| O|  |TAMS 0x00000006d6000000, 0x00000006d5800000| Untracked 
| 432|0x00000006d6000000, 0x00000006d6800000, 0x00000006d6800000|100%| O|  |TAMS 0x00000006d6800000, 0x00000006d6000000| Untracked 
| 433|0x00000006d6800000, 0x00000006d7000000, 0x00000006d7000000|100%| O|  |TAMS 0x00000006d7000000, 0x00000006d6800000| Untracked 
| 434|0x00000006d7000000, 0x00000006d7800000, 0x00000006d7800000|100%| O|  |TAMS 0x00000006d7800000, 0x00000006d7000000| Untracked 
| 435|0x00000006d7800000, 0x00000006d8000000, 0x00000006d8000000|100%| O|  |TAMS 0x00000006d8000000, 0x00000006d7800000| Untracked 
| 436|0x00000006d8000000, 0x00000006d8800000, 0x00000006d8800000|100%| O|  |TAMS 0x00000006d8800000, 0x00000006d8000000| Untracked 
| 437|0x00000006d8800000, 0x00000006d9000000, 0x00000006d9000000|100%| O|  |TAMS 0x00000006d9000000, 0x00000006d8800000| Untracked 
| 438|0x00000006d9000000, 0x00000006d9800000, 0x00000006d9800000|100%| O|  |TAMS 0x00000006d9800000, 0x00000006d9000000| Untracked 
| 439|0x00000006d9800000, 0x00000006da000000, 0x00000006da000000|100%| O|  |TAMS 0x00000006da000000, 0x00000006d9800000| Untracked 
| 440|0x00000006da000000, 0x00000006da800000, 0x00000006da800000|100%| O|  |TAMS 0x00000006da800000, 0x00000006da000000| Untracked 
| 441|0x00000006da800000, 0x00000006db000000, 0x00000006db000000|100%| O|  |TAMS 0x00000006db000000, 0x00000006da800000| Untracked 
| 442|0x00000006db000000, 0x00000006db800000, 0x00000006db800000|100%| O|  |TAMS 0x00000006db800000, 0x00000006db000000| Untracked 
| 443|0x00000006db800000, 0x00000006dc000000, 0x00000006dc000000|100%| O|  |TAMS 0x00000006dc000000, 0x00000006db800000| Untracked 
| 444|0x00000006dc000000, 0x00000006dc800000, 0x00000006dc800000|100%| O|  |TAMS 0x00000006dc800000, 0x00000006dc000000| Untracked 
| 445|0x00000006dc800000, 0x00000006dd000000, 0x00000006dd000000|100%| O|  |TAMS 0x00000006dd000000, 0x00000006dc800000| Untracked 
| 446|0x00000006dd000000, 0x00000006dd800000, 0x00000006dd800000|100%| O|  |TAMS 0x00000006dd800000, 0x00000006dd000000| Untracked 
| 447|0x00000006dd800000, 0x00000006de000000, 0x00000006de000000|100%| O|  |TAMS 0x00000006de000000, 0x00000006dd800000| Untracked 
| 448|0x00000006de000000, 0x00000006de800000, 0x00000006de800000|100%| O|  |TAMS 0x00000006de800000, 0x00000006de000000| Untracked 
| 449|0x00000006de800000, 0x00000006df000000, 0x00000006df000000|100%| O|  |TAMS 0x00000006df000000, 0x00000006de800000| Untracked 
| 450|0x00000006df000000, 0x00000006df800000, 0x00000006df800000|100%| O|  |TAMS 0x00000006df800000, 0x00000006df000000| Untracked 
| 451|0x00000006df800000, 0x00000006dffffff8, 0x00000006e0000000| 99%| O|  |TAMS 0x00000006dffffff8, 0x00000006df800000| Untracked 
| 452|0x00000006e0000000, 0x00000006e0800000, 0x00000006e0800000|100%| O|  |TAMS 0x00000006e0800000, 0x00000006e0000000| Untracked 
| 453|0x00000006e0800000, 0x00000006e1000000, 0x00000006e1000000|100%| O|  |TAMS 0x00000006e1000000, 0x00000006e0800000| Untracked 
| 454|0x00000006e1000000, 0x00000006e1800000, 0x00000006e1800000|100%| O|  |TAMS 0x00000006e1800000, 0x00000006e1000000| Untracked 
| 455|0x00000006e1800000, 0x00000006e2000000, 0x00000006e2000000|100%| O|  |TAMS 0x00000006e2000000, 0x00000006e1800000| Untracked 
| 456|0x00000006e2000000, 0x00000006e2800000, 0x00000006e2800000|100%| O|  |TAMS 0x00000006e2800000, 0x00000006e2000000| Untracked 
| 457|0x00000006e2800000, 0x00000006e3000000, 0x00000006e3000000|100%| O|  |TAMS 0x00000006e3000000, 0x00000006e2800000| Untracked 
| 458|0x00000006e3000000, 0x00000006e3800000, 0x00000006e3800000|100%| O|  |TAMS 0x00000006e3800000, 0x00000006e3000000| Untracked 
| 459|0x00000006e3800000, 0x00000006e4000000, 0x00000006e4000000|100%| O|  |TAMS 0x00000006e4000000, 0x00000006e3800000| Untracked 
| 460|0x00000006e4000000, 0x00000006e4800000, 0x00000006e4800000|100%| O|  |TAMS 0x00000006e4800000, 0x00000006e4000000| Untracked 
| 461|0x00000006e4800000, 0x00000006e5000000, 0x00000006e5000000|100%| O|  |TAMS 0x00000006e5000000, 0x00000006e4800000| Untracked 
| 462|0x00000006e5000000, 0x00000006e5800000, 0x00000006e5800000|100%| O|  |TAMS 0x00000006e5800000, 0x00000006e5000000| Untracked 
| 463|0x00000006e5800000, 0x00000006e6000000, 0x00000006e6000000|100%| O|  |TAMS 0x00000006e6000000, 0x00000006e5800000| Untracked 
| 464|0x00000006e6000000, 0x00000006e6800000, 0x00000006e6800000|100%| O|  |TAMS 0x00000006e6800000, 0x00000006e6000000| Untracked 
| 465|0x00000006e6800000, 0x00000006e7000000, 0x00000006e7000000|100%| O|  |TAMS 0x00000006e7000000, 0x00000006e6800000| Untracked 
| 466|0x00000006e7000000, 0x00000006e7800000, 0x00000006e7800000|100%| O|  |TAMS 0x00000006e7800000, 0x00000006e7000000| Untracked 
| 467|0x00000006e7800000, 0x00000006e8000000, 0x00000006e8000000|100%| O|  |TAMS 0x00000006e8000000, 0x00000006e7800000| Untracked 
| 468|0x00000006e8000000, 0x00000006e8800000, 0x00000006e8800000|100%| O|  |TAMS 0x00000006e8800000, 0x00000006e8000000| Untracked 
| 469|0x00000006e8800000, 0x00000006e9000000, 0x00000006e9000000|100%| O|  |TAMS 0x00000006e9000000, 0x00000006e8800000| Untracked 
| 470|0x00000006e9000000, 0x00000006e9800000, 0x00000006e9800000|100%| O|  |TAMS 0x00000006e9800000, 0x00000006e9000000| Untracked 
| 471|0x00000006e9800000, 0x00000006ea000000, 0x00000006ea000000|100%| O|  |TAMS 0x00000006ea000000, 0x00000006e9800000| Untracked 
| 472|0x00000006ea000000, 0x00000006ea800000, 0x00000006ea800000|100%| O|  |TAMS 0x00000006ea800000, 0x00000006ea000000| Untracked 
| 473|0x00000006ea800000, 0x00000006eb000000, 0x00000006eb000000|100%| O|  |TAMS 0x00000006eb000000, 0x00000006ea800000| Untracked 
| 474|0x00000006eb000000, 0x00000006eb800000, 0x00000006eb800000|100%| O|  |TAMS 0x00000006eb800000, 0x00000006eb000000| Untracked 
| 475|0x00000006eb800000, 0x00000006ec000000, 0x00000006ec000000|100%| O|  |TAMS 0x00000006ec000000, 0x00000006eb800000| Untracked 
| 476|0x00000006ec000000, 0x00000006ec800000, 0x00000006ec800000|100%| O|  |TAMS 0x00000006ec800000, 0x00000006ec000000| Untracked 
| 477|0x00000006ec800000, 0x00000006ed000000, 0x00000006ed000000|100%| O|  |TAMS 0x00000006ed000000, 0x00000006ec800000| Untracked 
| 478|0x00000006ed000000, 0x00000006ed800000, 0x00000006ed800000|100%| O|  |TAMS 0x00000006ed800000, 0x00000006ed000000| Untracked 
| 479|0x00000006ed800000, 0x00000006ee000000, 0x00000006ee000000|100%| O|  |TAMS 0x00000006ee000000, 0x00000006ed800000| Untracked 
| 480|0x00000006ee000000, 0x00000006ee800000, 0x00000006ee800000|100%| O|  |TAMS 0x00000006ee800000, 0x00000006ee000000| Untracked 
| 481|0x00000006ee800000, 0x00000006ef000000, 0x00000006ef000000|100%| O|  |TAMS 0x00000006ef000000, 0x00000006ee800000| Untracked 
| 482|0x00000006ef000000, 0x00000006ef800000, 0x00000006ef800000|100%| O|  |TAMS 0x00000006ef800000, 0x00000006ef000000| Untracked 
| 483|0x00000006ef800000, 0x00000006f0000000, 0x00000006f0000000|100%| O|  |TAMS 0x00000006f0000000, 0x00000006ef800000| Untracked 
| 484|0x00000006f0000000, 0x00000006f0800000, 0x00000006f0800000|100%| O|  |TAMS 0x00000006f0800000, 0x00000006f0000000| Untracked 
| 485|0x00000006f0800000, 0x00000006f1000000, 0x00000006f1000000|100%| O|  |TAMS 0x00000006f1000000, 0x00000006f0800000| Untracked 
| 486|0x00000006f1000000, 0x00000006f1800000, 0x00000006f1800000|100%| O|  |TAMS 0x00000006f1800000, 0x00000006f1000000| Untracked 
| 487|0x00000006f1800000, 0x00000006f2000000, 0x00000006f2000000|100%| O|  |TAMS 0x00000006f2000000, 0x00000006f1800000| Untracked 
| 488|0x00000006f2000000, 0x00000006f2800000, 0x00000006f2800000|100%| O|  |TAMS 0x00000006f2800000, 0x00000006f2000000| Untracked 
| 489|0x00000006f2800000, 0x00000006f3000000, 0x00000006f3000000|100%| O|  |TAMS 0x00000006f3000000, 0x00000006f2800000| Untracked 
| 490|0x00000006f3000000, 0x00000006f3800000, 0x00000006f3800000|100%| O|  |TAMS 0x00000006f3800000, 0x00000006f3000000| Untracked 
| 491|0x00000006f3800000, 0x00000006f4000000, 0x00000006f4000000|100%| O|  |TAMS 0x00000006f4000000, 0x00000006f3800000| Untracked 
| 492|0x00000006f4000000, 0x00000006f4800000, 0x00000006f4800000|100%| O|  |TAMS 0x00000006f4800000, 0x00000006f4000000| Untracked 
| 493|0x00000006f4800000, 0x00000006f5000000, 0x00000006f5000000|100%| O|  |TAMS 0x00000006f5000000, 0x00000006f4800000| Untracked 
| 494|0x00000006f5000000, 0x00000006f5800000, 0x00000006f5800000|100%| O|  |TAMS 0x00000006f5800000, 0x00000006f5000000| Untracked 
| 495|0x00000006f5800000, 0x00000006f6000000, 0x00000006f6000000|100%| O|  |TAMS 0x00000006f6000000, 0x00000006f5800000| Untracked 
| 496|0x00000006f6000000, 0x00000006f6800000, 0x00000006f6800000|100%| O|  |TAMS 0x00000006f6800000, 0x00000006f6000000| Untracked 
| 497|0x00000006f6800000, 0x00000006f7000000, 0x00000006f7000000|100%| O|  |TAMS 0x00000006f7000000, 0x00000006f6800000| Untracked 
| 498|0x00000006f7000000, 0x00000006f7800000, 0x00000006f7800000|100%| O|  |TAMS 0x00000006f7800000, 0x00000006f7000000| Untracked 
| 499|0x00000006f7800000, 0x00000006f8000000, 0x00000006f8000000|100%| O|  |TAMS 0x00000006f8000000, 0x00000006f7800000| Untracked 
| 500|0x00000006f8000000, 0x00000006f8800000, 0x00000006f8800000|100%| O|  |TAMS 0x00000006f8800000, 0x00000006f8000000| Untracked 
| 501|0x00000006f8800000, 0x00000006f9000000, 0x00000006f9000000|100%| O|  |TAMS 0x00000006f9000000, 0x00000006f8800000| Untracked 
| 502|0x00000006f9000000, 0x00000006f9800000, 0x00000006f9800000|100%| O|  |TAMS 0x00000006f9800000, 0x00000006f9000000| Untracked 
| 503|0x00000006f9800000, 0x00000006fa000000, 0x00000006fa000000|100%| O|  |TAMS 0x00000006fa000000, 0x00000006f9800000| Untracked 
| 504|0x00000006fa000000, 0x00000006fa800000, 0x00000006fa800000|100%| O|  |TAMS 0x00000006fa800000, 0x00000006fa000000| Untracked 
| 505|0x00000006fa800000, 0x00000006fb000000, 0x00000006fb000000|100%| O|  |TAMS 0x00000006fb000000, 0x00000006fa800000| Untracked 
| 506|0x00000006fb000000, 0x00000006fb800000, 0x00000006fb800000|100%| O|  |TAMS 0x00000006fb800000, 0x00000006fb000000| Untracked 
| 507|0x00000006fb800000, 0x00000006fc000000, 0x00000006fc000000|100%| O|  |TAMS 0x00000006fc000000, 0x00000006fb800000| Untracked 
| 508|0x00000006fc000000, 0x00000006fc800000, 0x00000006fc800000|100%| O|  |TAMS 0x00000006fc800000, 0x00000006fc000000| Untracked 
| 509|0x00000006fc800000, 0x00000006fd000000, 0x00000006fd000000|100%| O|  |TAMS 0x00000006fd000000, 0x00000006fc800000| Untracked 
| 510|0x00000006fd000000, 0x00000006fd800000, 0x00000006fd800000|100%| O|  |TAMS 0x00000006fd800000, 0x00000006fd000000| Untracked 
| 511|0x00000006fd800000, 0x00000006fe000000, 0x00000006fe000000|100%| O|  |TAMS 0x00000006fe000000, 0x00000006fd800000| Untracked 
| 512|0x00000006fe000000, 0x00000006fe800000, 0x00000006fe800000|100%| O|  |TAMS 0x00000006fe800000, 0x00000006fe000000| Untracked 
| 513|0x00000006fe800000, 0x00000006ff000000, 0x00000006ff000000|100%| O|  |TAMS 0x00000006ff000000, 0x00000006fe800000| Untracked 
| 514|0x00000006ff000000, 0x00000006ff800000, 0x00000006ff800000|100%| O|  |TAMS 0x00000006ff800000, 0x00000006ff000000| Untracked 
| 515|0x00000006ff800000, 0x0000000700000000, 0x0000000700000000|100%| O|  |TAMS 0x0000000700000000, 0x00000006ff800000| Untracked 
| 516|0x0000000700000000, 0x0000000700800000, 0x0000000700800000|100%| O|  |TAMS 0x0000000700800000, 0x0000000700000000| Untracked 
| 517|0x0000000700800000, 0x0000000701000000, 0x0000000701000000|100%| O|  |TAMS 0x0000000701000000, 0x0000000700800000| Untracked 
| 518|0x0000000701000000, 0x0000000701800000, 0x0000000701800000|100%| O|  |TAMS 0x0000000701800000, 0x0000000701000000| Untracked 
| 519|0x0000000701800000, 0x0000000702000000, 0x0000000702000000|100%| O|  |TAMS 0x0000000702000000, 0x0000000701800000| Untracked 
| 520|0x0000000702000000, 0x0000000702800000, 0x0000000702800000|100%| O|  |TAMS 0x0000000702800000, 0x0000000702000000| Untracked 
| 521|0x0000000702800000, 0x0000000703000000, 0x0000000703000000|100%| O|  |TAMS 0x0000000703000000, 0x0000000702800000| Untracked 
| 522|0x0000000703000000, 0x0000000703800000, 0x0000000703800000|100%| O|  |TAMS 0x0000000703800000, 0x0000000703000000| Untracked 
| 523|0x0000000703800000, 0x0000000704000000, 0x0000000704000000|100%| O|  |TAMS 0x0000000704000000, 0x0000000703800000| Untracked 
| 524|0x0000000704000000, 0x0000000704800000, 0x0000000704800000|100%| O|  |TAMS 0x0000000704800000, 0x0000000704000000| Untracked 
| 525|0x0000000704800000, 0x0000000705000000, 0x0000000705000000|100%| O|  |TAMS 0x0000000705000000, 0x0000000704800000| Untracked 
| 526|0x0000000705000000, 0x0000000705800000, 0x0000000705800000|100%| O|  |TAMS 0x0000000705800000, 0x0000000705000000| Untracked 
| 527|0x0000000705800000, 0x0000000706000000, 0x0000000706000000|100%| O|  |TAMS 0x0000000706000000, 0x0000000705800000| Untracked 
| 528|0x0000000706000000, 0x0000000706800000, 0x0000000706800000|100%| O|  |TAMS 0x0000000706800000, 0x0000000706000000| Untracked 
| 529|0x0000000706800000, 0x0000000707000000, 0x0000000707000000|100%| O|  |TAMS 0x0000000707000000, 0x0000000706800000| Untracked 
| 530|0x0000000707000000, 0x0000000707800000, 0x0000000707800000|100%| O|  |TAMS 0x0000000707800000, 0x0000000707000000| Untracked 
| 531|0x0000000707800000, 0x0000000708000000, 0x0000000708000000|100%| O|  |TAMS 0x0000000708000000, 0x0000000707800000| Untracked 
| 532|0x0000000708000000, 0x0000000708800000, 0x0000000708800000|100%| O|  |TAMS 0x0000000708800000, 0x0000000708000000| Untracked 
| 533|0x0000000708800000, 0x0000000709000000, 0x0000000709000000|100%| O|  |TAMS 0x0000000709000000, 0x0000000708800000| Untracked 
| 534|0x0000000709000000, 0x0000000709800000, 0x0000000709800000|100%| O|  |TAMS 0x0000000709800000, 0x0000000709000000| Untracked 
| 535|0x0000000709800000, 0x000000070a000000, 0x000000070a000000|100%| O|  |TAMS 0x000000070a000000, 0x0000000709800000| Untracked 
| 536|0x000000070a000000, 0x000000070a800000, 0x000000070a800000|100%| O|  |TAMS 0x000000070a800000, 0x000000070a000000| Untracked 
| 537|0x000000070a800000, 0x000000070b000000, 0x000000070b000000|100%| O|  |TAMS 0x000000070b000000, 0x000000070a800000| Untracked 
| 538|0x000000070b000000, 0x000000070b800000, 0x000000070b800000|100%| O|  |TAMS 0x000000070b800000, 0x000000070b000000| Untracked 
| 539|0x000000070b800000, 0x000000070c000000, 0x000000070c000000|100%| O|  |TAMS 0x000000070c000000, 0x000000070b800000| Untracked 
| 540|0x000000070c000000, 0x000000070c800000, 0x000000070c800000|100%| O|  |TAMS 0x000000070c800000, 0x000000070c000000| Untracked 
| 541|0x000000070c800000, 0x000000070d000000, 0x000000070d000000|100%| O|  |TAMS 0x000000070d000000, 0x000000070c800000| Untracked 
| 542|0x000000070d000000, 0x000000070d800000, 0x000000070d800000|100%| O|  |TAMS 0x000000070d800000, 0x000000070d000000| Untracked 
| 543|0x000000070d800000, 0x000000070e000000, 0x000000070e000000|100%| O|  |TAMS 0x000000070e000000, 0x000000070d800000| Untracked 
| 544|0x000000070e000000, 0x000000070e800000, 0x000000070e800000|100%| O|  |TAMS 0x000000070e800000, 0x000000070e000000| Untracked 
| 545|0x000000070e800000, 0x000000070f000000, 0x000000070f000000|100%| O|  |TAMS 0x000000070f000000, 0x000000070e800000| Untracked 
| 546|0x000000070f000000, 0x000000070f800000, 0x000000070f800000|100%| O|  |TAMS 0x000000070f800000, 0x000000070f000000| Untracked 
| 547|0x000000070f800000, 0x0000000710000000, 0x0000000710000000|100%| O|  |TAMS 0x0000000710000000, 0x000000070f800000| Untracked 
| 548|0x0000000710000000, 0x0000000710800000, 0x0000000710800000|100%| O|  |TAMS 0x0000000710800000, 0x0000000710000000| Untracked 
| 549|0x0000000710800000, 0x0000000711000000, 0x0000000711000000|100%| O|  |TAMS 0x0000000711000000, 0x0000000710800000| Untracked 
| 550|0x0000000711000000, 0x0000000711800000, 0x0000000711800000|100%| O|  |TAMS 0x0000000711800000, 0x0000000711000000| Untracked 
| 551|0x0000000711800000, 0x0000000712000000, 0x0000000712000000|100%| O|  |TAMS 0x0000000712000000, 0x0000000711800000| Untracked 
| 552|0x0000000712000000, 0x0000000712800000, 0x0000000712800000|100%| O|  |TAMS 0x0000000712800000, 0x0000000712000000| Untracked 
| 553|0x0000000712800000, 0x0000000713000000, 0x0000000713000000|100%| O|  |TAMS 0x0000000713000000, 0x0000000712800000| Untracked 
| 554|0x0000000713000000, 0x0000000713800000, 0x0000000713800000|100%| O|  |TAMS 0x0000000713800000, 0x0000000713000000| Untracked 
| 555|0x0000000713800000, 0x0000000714000000, 0x0000000714000000|100%| O|  |TAMS 0x0000000714000000, 0x0000000713800000| Untracked 
| 556|0x0000000714000000, 0x0000000714800000, 0x0000000714800000|100%| O|  |TAMS 0x0000000714800000, 0x0000000714000000| Untracked 
| 557|0x0000000714800000, 0x0000000715000000, 0x0000000715000000|100%| O|  |TAMS 0x0000000715000000, 0x0000000714800000| Untracked 
| 558|0x0000000715000000, 0x0000000715800000, 0x0000000715800000|100%| O|  |TAMS 0x0000000715800000, 0x0000000715000000| Untracked 
| 559|0x0000000715800000, 0x0000000716000000, 0x0000000716000000|100%| O|  |TAMS 0x0000000716000000, 0x0000000715800000| Untracked 
| 560|0x0000000716000000, 0x0000000716800000, 0x0000000716800000|100%| O|  |TAMS 0x0000000716800000, 0x0000000716000000| Untracked 
| 561|0x0000000716800000, 0x0000000717000000, 0x0000000717000000|100%| O|  |TAMS 0x0000000717000000, 0x0000000716800000| Untracked 
| 562|0x0000000717000000, 0x0000000717800000, 0x0000000717800000|100%| O|  |TAMS 0x0000000717800000, 0x0000000717000000| Untracked 
| 563|0x0000000717800000, 0x0000000718000000, 0x0000000718000000|100%| O|  |TAMS 0x0000000718000000, 0x0000000717800000| Untracked 
| 564|0x0000000718000000, 0x0000000718800000, 0x0000000718800000|100%| O|  |TAMS 0x0000000718800000, 0x0000000718000000| Untracked 
| 565|0x0000000718800000, 0x0000000719000000, 0x0000000719000000|100%| O|  |TAMS 0x0000000719000000, 0x0000000718800000| Untracked 
| 566|0x0000000719000000, 0x0000000719800000, 0x0000000719800000|100%| O|  |TAMS 0x0000000719800000, 0x0000000719000000| Untracked 
| 567|0x0000000719800000, 0x000000071a000000, 0x000000071a000000|100%| O|  |TAMS 0x000000071a000000, 0x0000000719800000| Untracked 
| 568|0x000000071a000000, 0x000000071a800000, 0x000000071a800000|100%| O|  |TAMS 0x000000071a800000, 0x000000071a000000| Untracked 
| 569|0x000000071a800000, 0x000000071b000000, 0x000000071b000000|100%| O|  |TAMS 0x000000071b000000, 0x000000071a800000| Untracked 
| 570|0x000000071b000000, 0x000000071b800000, 0x000000071b800000|100%| O|  |TAMS 0x000000071b800000, 0x000000071b000000| Untracked 
| 571|0x000000071b800000, 0x000000071c000000, 0x000000071c000000|100%| O|  |TAMS 0x000000071c000000, 0x000000071b800000| Untracked 
| 572|0x000000071c000000, 0x000000071c800000, 0x000000071c800000|100%| O|  |TAMS 0x000000071c800000, 0x000000071c000000| Untracked 
| 573|0x000000071c800000, 0x000000071d000000, 0x000000071d000000|100%| O|  |TAMS 0x000000071d000000, 0x000000071c800000| Untracked 
| 574|0x000000071d000000, 0x000000071d800000, 0x000000071d800000|100%| O|  |TAMS 0x000000071d800000, 0x000000071d000000| Untracked 
| 575|0x000000071d800000, 0x000000071e000000, 0x000000071e000000|100%| O|  |TAMS 0x000000071e000000, 0x000000071d800000| Untracked 
| 576|0x000000071e000000, 0x000000071e800000, 0x000000071e800000|100%| O|  |TAMS 0x000000071e800000, 0x000000071e000000| Untracked 
| 577|0x000000071e800000, 0x000000071f000000, 0x000000071f000000|100%| O|  |TAMS 0x000000071f000000, 0x000000071e800000| Untracked 
| 578|0x000000071f000000, 0x000000071f800000, 0x000000071f800000|100%| O|  |TAMS 0x000000071f800000, 0x000000071f000000| Untracked 
| 579|0x000000071f800000, 0x0000000720000000, 0x0000000720000000|100%| O|  |TAMS 0x0000000720000000, 0x000000071f800000| Untracked 
| 580|0x0000000720000000, 0x0000000720800000, 0x0000000720800000|100%| O|  |TAMS 0x0000000720800000, 0x0000000720000000| Untracked 
| 581|0x0000000720800000, 0x0000000721000000, 0x0000000721000000|100%| O|  |TAMS 0x0000000721000000, 0x0000000720800000| Untracked 
| 582|0x0000000721000000, 0x0000000721800000, 0x0000000721800000|100%| O|  |TAMS 0x0000000721800000, 0x0000000721000000| Untracked 
| 583|0x0000000721800000, 0x0000000722000000, 0x0000000722000000|100%| O|  |TAMS 0x0000000722000000, 0x0000000721800000| Untracked 
| 584|0x0000000722000000, 0x0000000722800000, 0x0000000722800000|100%| O|  |TAMS 0x0000000722800000, 0x0000000722000000| Untracked 
| 585|0x0000000722800000, 0x0000000723000000, 0x0000000723000000|100%| O|  |TAMS 0x0000000723000000, 0x0000000722800000| Untracked 
| 586|0x0000000723000000, 0x0000000723800000, 0x0000000723800000|100%| O|  |TAMS 0x0000000723800000, 0x0000000723000000| Untracked 
| 587|0x0000000723800000, 0x0000000724000000, 0x0000000724000000|100%| O|  |TAMS 0x0000000724000000, 0x0000000723800000| Untracked 
| 588|0x0000000724000000, 0x0000000724800000, 0x0000000724800000|100%| O|  |TAMS 0x0000000724800000, 0x0000000724000000| Untracked 
| 589|0x0000000724800000, 0x0000000725000000, 0x0000000725000000|100%| O|  |TAMS 0x0000000725000000, 0x0000000724800000| Untracked 
| 590|0x0000000725000000, 0x0000000725800000, 0x0000000725800000|100%| O|  |TAMS 0x0000000725800000, 0x0000000725000000| Untracked 
| 591|0x0000000725800000, 0x0000000726000000, 0x0000000726000000|100%| O|  |TAMS 0x0000000726000000, 0x0000000725800000| Untracked 
| 592|0x0000000726000000, 0x0000000726800000, 0x0000000726800000|100%| O|  |TAMS 0x0000000726800000, 0x0000000726000000| Untracked 
| 593|0x0000000726800000, 0x0000000727000000, 0x0000000727000000|100%| O|  |TAMS 0x0000000727000000, 0x0000000726800000| Untracked 
| 594|0x0000000727000000, 0x0000000727800000, 0x0000000727800000|100%| O|  |TAMS 0x0000000727800000, 0x0000000727000000| Untracked 
| 595|0x0000000727800000, 0x0000000728000000, 0x0000000728000000|100%| O|  |TAMS 0x0000000728000000, 0x0000000727800000| Untracked 
| 596|0x0000000728000000, 0x0000000728800000, 0x0000000728800000|100%| O|  |TAMS 0x0000000728800000, 0x0000000728000000| Untracked 
| 597|0x0000000728800000, 0x0000000729000000, 0x0000000729000000|100%| O|  |TAMS 0x0000000729000000, 0x0000000728800000| Untracked 
| 598|0x0000000729000000, 0x0000000729800000, 0x0000000729800000|100%| O|  |TAMS 0x0000000729800000, 0x0000000729000000| Untracked 
| 599|0x0000000729800000, 0x000000072a000000, 0x000000072a000000|100%| O|  |TAMS 0x000000072a000000, 0x0000000729800000| Untracked 
| 600|0x000000072a000000, 0x000000072a800000, 0x000000072a800000|100%| O|  |TAMS 0x000000072a800000, 0x000000072a000000| Untracked 
| 601|0x000000072a800000, 0x000000072b000000, 0x000000072b000000|100%| O|  |TAMS 0x000000072b000000, 0x000000072a800000| Untracked 
| 602|0x000000072b000000, 0x000000072b800000, 0x000000072b800000|100%| O|  |TAMS 0x000000072b800000, 0x000000072b000000| Untracked 
| 603|0x000000072b800000, 0x000000072c000000, 0x000000072c000000|100%| O|  |TAMS 0x000000072c000000, 0x000000072b800000| Untracked 
| 604|0x000000072c000000, 0x000000072c800000, 0x000000072c800000|100%| O|  |TAMS 0x000000072c800000, 0x000000072c000000| Untracked 
| 605|0x000000072c800000, 0x000000072d000000, 0x000000072d000000|100%| O|  |TAMS 0x000000072d000000, 0x000000072c800000| Untracked 
| 606|0x000000072d000000, 0x000000072d800000, 0x000000072d800000|100%| O|  |TAMS 0x000000072d800000, 0x000000072d000000| Untracked 
| 607|0x000000072d800000, 0x000000072e000000, 0x000000072e000000|100%| O|  |TAMS 0x000000072e000000, 0x000000072d800000| Untracked 
| 608|0x000000072e000000, 0x000000072e800000, 0x000000072e800000|100%| O|  |TAMS 0x000000072e800000, 0x000000072e000000| Untracked 
| 609|0x000000072e800000, 0x000000072f000000, 0x000000072f000000|100%| O|  |TAMS 0x000000072eec3800, 0x000000072e800000| Untracked 
| 610|0x000000072f000000, 0x000000072f800000, 0x000000072f800000|100%| O|  |TAMS 0x000000072f800000, 0x000000072f000000| Untracked 
| 611|0x000000072f800000, 0x0000000730000000, 0x0000000730000000|100%| O|  |TAMS 0x0000000730000000, 0x000000072f800000| Untracked 
| 612|0x0000000730000000, 0x0000000730800000, 0x0000000730800000|100%| O|  |TAMS 0x0000000730800000, 0x0000000730000000| Untracked 
| 613|0x0000000730800000, 0x0000000731000000, 0x0000000731000000|100%| O|  |TAMS 0x0000000731000000, 0x0000000730800000| Untracked 
| 614|0x0000000731000000, 0x0000000731800000, 0x0000000731800000|100%| O|  |TAMS 0x0000000731800000, 0x0000000731000000| Untracked 
| 615|0x0000000731800000, 0x0000000732000000, 0x0000000732000000|100%| O|  |TAMS 0x0000000732000000, 0x0000000731800000| Untracked 
| 616|0x0000000732000000, 0x0000000732800000, 0x0000000732800000|100%| O|  |TAMS 0x0000000732800000, 0x0000000732000000| Untracked 
| 617|0x0000000732800000, 0x0000000733000000, 0x0000000733000000|100%| O|  |TAMS 0x0000000733000000, 0x0000000732800000| Untracked 
| 618|0x0000000733000000, 0x0000000733800000, 0x0000000733800000|100%| O|  |TAMS 0x0000000733800000, 0x0000000733000000| Untracked 
| 619|0x0000000733800000, 0x0000000734000000, 0x0000000734000000|100%| O|  |TAMS 0x0000000734000000, 0x0000000733800000| Untracked 
| 620|0x0000000734000000, 0x0000000734800000, 0x0000000734800000|100%| O|  |TAMS 0x0000000734800000, 0x0000000734000000| Untracked 
| 621|0x0000000734800000, 0x0000000735000000, 0x0000000735000000|100%| O|  |TAMS 0x0000000735000000, 0x0000000734800000| Untracked 
| 622|0x0000000735000000, 0x0000000735800000, 0x0000000735800000|100%| O|  |TAMS 0x0000000735800000, 0x0000000735000000| Untracked 
| 623|0x0000000735800000, 0x0000000736000000, 0x0000000736000000|100%| O|  |TAMS 0x0000000736000000, 0x0000000735800000| Untracked 
| 624|0x0000000736000000, 0x0000000736800000, 0x0000000736800000|100%| O|  |TAMS 0x0000000736800000, 0x0000000736000000| Untracked 
| 625|0x0000000736800000, 0x0000000737000000, 0x0000000737000000|100%| O|  |TAMS 0x0000000737000000, 0x0000000736800000| Untracked 
| 626|0x0000000737000000, 0x0000000737800000, 0x0000000737800000|100%| O|  |TAMS 0x0000000737800000, 0x0000000737000000| Untracked 
| 627|0x0000000737800000, 0x0000000738000000, 0x0000000738000000|100%| O|  |TAMS 0x0000000738000000, 0x0000000737800000| Untracked 
| 628|0x0000000738000000, 0x0000000738800000, 0x0000000738800000|100%| O|  |TAMS 0x0000000738800000, 0x0000000738000000| Untracked 
| 629|0x0000000738800000, 0x0000000739000000, 0x0000000739000000|100%| O|  |TAMS 0x0000000739000000, 0x0000000738800000| Untracked 
| 630|0x0000000739000000, 0x0000000739800000, 0x0000000739800000|100%| O|  |TAMS 0x0000000739800000, 0x0000000739000000| Untracked 
| 631|0x0000000739800000, 0x000000073a000000, 0x000000073a000000|100%| O|  |TAMS 0x000000073a000000, 0x0000000739800000| Untracked 
| 632|0x000000073a000000, 0x000000073a800000, 0x000000073a800000|100%| O|  |TAMS 0x000000073a800000, 0x000000073a000000| Untracked 
| 633|0x000000073a800000, 0x000000073b000000, 0x000000073b000000|100%| O|  |TAMS 0x000000073b000000, 0x000000073a800000| Untracked 
| 634|0x000000073b000000, 0x000000073b800000, 0x000000073b800000|100%| O|  |TAMS 0x000000073b800000, 0x000000073b000000| Untracked 
| 635|0x000000073b800000, 0x000000073c000000, 0x000000073c000000|100%| O|  |TAMS 0x000000073c000000, 0x000000073b800000| Untracked 
| 636|0x000000073c000000, 0x000000073c800000, 0x000000073c800000|100%| O|  |TAMS 0x000000073c800000, 0x000000073c000000| Untracked 
| 637|0x000000073c800000, 0x000000073d000000, 0x000000073d000000|100%| O|  |TAMS 0x000000073d000000, 0x000000073c800000| Untracked 
| 638|0x000000073d000000, 0x000000073d800000, 0x000000073d800000|100%| O|  |TAMS 0x000000073d800000, 0x000000073d000000| Untracked 
| 639|0x000000073d800000, 0x000000073e000000, 0x000000073e000000|100%| O|  |TAMS 0x000000073e000000, 0x000000073d800000| Untracked 
| 640|0x000000073e000000, 0x000000073e800000, 0x000000073e800000|100%| O|  |TAMS 0x000000073e800000, 0x000000073e000000| Untracked 
| 641|0x000000073e800000, 0x000000073f000000, 0x000000073f000000|100%| O|  |TAMS 0x000000073f000000, 0x000000073e800000| Untracked 
| 642|0x000000073f000000, 0x000000073f800000, 0x000000073f800000|100%| O|  |TAMS 0x000000073f800000, 0x000000073f000000| Untracked 
| 643|0x000000073f800000, 0x0000000740000000, 0x0000000740000000|100%| O|  |TAMS 0x0000000740000000, 0x000000073f800000| Untracked 
| 644|0x0000000740000000, 0x0000000740800000, 0x0000000740800000|100%| O|  |TAMS 0x0000000740800000, 0x0000000740000000| Untracked 
| 645|0x0000000740800000, 0x0000000741000000, 0x0000000741000000|100%| O|  |TAMS 0x0000000741000000, 0x0000000740800000| Untracked 
| 646|0x0000000741000000, 0x0000000741800000, 0x0000000741800000|100%| O|  |TAMS 0x0000000741800000, 0x0000000741000000| Untracked 
| 647|0x0000000741800000, 0x0000000742000000, 0x0000000742000000|100%| O|  |TAMS 0x0000000742000000, 0x0000000741800000| Untracked 
| 648|0x0000000742000000, 0x0000000742800000, 0x0000000742800000|100%| O|  |TAMS 0x0000000742800000, 0x0000000742000000| Untracked 
| 649|0x0000000742800000, 0x0000000743000000, 0x0000000743000000|100%| O|  |TAMS 0x0000000743000000, 0x0000000742800000| Untracked 
| 650|0x0000000743000000, 0x0000000743800000, 0x0000000743800000|100%| O|  |TAMS 0x0000000743800000, 0x0000000743000000| Untracked 
| 651|0x0000000743800000, 0x0000000744000000, 0x0000000744000000|100%| O|  |TAMS 0x0000000744000000, 0x0000000743800000| Untracked 
| 652|0x0000000744000000, 0x0000000744800000, 0x0000000744800000|100%| O|  |TAMS 0x0000000744800000, 0x0000000744000000| Untracked 
| 653|0x0000000744800000, 0x0000000745000000, 0x0000000745000000|100%| O|  |TAMS 0x0000000745000000, 0x0000000744800000| Untracked 
| 654|0x0000000745000000, 0x0000000745800000, 0x0000000745800000|100%| O|  |TAMS 0x0000000745800000, 0x0000000745000000| Untracked 
| 655|0x0000000745800000, 0x0000000746000000, 0x0000000746000000|100%| O|  |TAMS 0x0000000746000000, 0x0000000745800000| Untracked 
| 656|0x0000000746000000, 0x0000000746800000, 0x0000000746800000|100%| O|  |TAMS 0x0000000746800000, 0x0000000746000000| Untracked 
| 657|0x0000000746800000, 0x0000000747000000, 0x0000000747000000|100%| O|  |TAMS 0x0000000747000000, 0x0000000746800000| Untracked 
| 658|0x0000000747000000, 0x0000000747800000, 0x0000000747800000|100%| O|  |TAMS 0x0000000747800000, 0x0000000747000000| Untracked 
| 659|0x0000000747800000, 0x0000000748000000, 0x0000000748000000|100%| O|  |TAMS 0x0000000748000000, 0x0000000747800000| Untracked 
| 660|0x0000000748000000, 0x0000000748800000, 0x0000000748800000|100%| O|  |TAMS 0x0000000748800000, 0x0000000748000000| Untracked 
| 661|0x0000000748800000, 0x0000000749000000, 0x0000000749000000|100%| O|  |TAMS 0x0000000749000000, 0x0000000748800000| Untracked 
| 662|0x0000000749000000, 0x000000074960fc00, 0x0000000749800000| 75%| O|  |TAMS 0x0000000749000000, 0x0000000749000000| Untracked 
| 663|0x0000000749800000, 0x000000074a000000, 0x000000074a000000|100%| O|  |TAMS 0x000000074a000000, 0x0000000749800000| Untracked 
| 664|0x000000074a000000, 0x000000074a800000, 0x000000074a800000|100%| O|  |TAMS 0x000000074a800000, 0x000000074a000000| Untracked 
| 665|0x000000074a800000, 0x000000074b000000, 0x000000074b000000|100%| O|  |TAMS 0x000000074b000000, 0x000000074a800000| Untracked 
| 666|0x000000074b000000, 0x000000074b800000, 0x000000074b800000|100%| O|  |TAMS 0x000000074b800000, 0x000000074b000000| Untracked 
| 667|0x000000074b800000, 0x000000074c000000, 0x000000074c000000|100%| O|  |TAMS 0x000000074c000000, 0x000000074b800000| Untracked 
| 668|0x000000074c000000, 0x000000074c800000, 0x000000074c800000|100%| O|  |TAMS 0x000000074c800000, 0x000000074c000000| Untracked 
| 669|0x000000074c800000, 0x000000074d000000, 0x000000074d000000|100%| O|  |TAMS 0x000000074d000000, 0x000000074c800000| Untracked 
| 670|0x000000074d000000, 0x000000074d800000, 0x000000074d800000|100%| O|  |TAMS 0x000000074d800000, 0x000000074d000000| Untracked 
| 671|0x000000074d800000, 0x000000074d800000, 0x000000074e000000|  0%| F|  |TAMS 0x000000074d800000, 0x000000074d800000| Untracked 
| 672|0x000000074e000000, 0x000000074e800000, 0x000000074e800000|100%| O|  |TAMS 0x000000074e800000, 0x000000074e000000| Untracked 
| 673|0x000000074e800000, 0x000000074f000000, 0x000000074f000000|100%| O|  |TAMS 0x000000074f000000, 0x000000074e800000| Untracked 
| 674|0x000000074f000000, 0x000000074f000000, 0x000000074f800000|  0%| F|  |TAMS 0x000000074f000000, 0x000000074f000000| Untracked 
| 675|0x000000074f800000, 0x0000000750000000, 0x0000000750000000|100%| O|  |TAMS 0x0000000750000000, 0x000000074f800000| Untracked 
| 676|0x0000000750000000, 0x0000000750800000, 0x0000000750800000|100%| O|  |TAMS 0x0000000750800000, 0x0000000750000000| Untracked 
| 677|0x0000000750800000, 0x0000000750800000, 0x0000000751000000|  0%| F|  |TAMS 0x0000000750800000, 0x0000000750800000| Untracked 
| 678|0x0000000751000000, 0x0000000751800000, 0x0000000751800000|100%| O|  |TAMS 0x0000000751800000, 0x0000000751000000| Untracked 
| 679|0x0000000751800000, 0x0000000751800000, 0x0000000752000000|  0%| F|  |TAMS 0x0000000751800000, 0x0000000751800000| Untracked 
| 680|0x0000000752000000, 0x0000000752800000, 0x0000000752800000|100%| O|  |TAMS 0x0000000752800000, 0x0000000752000000| Untracked 
| 681|0x0000000752800000, 0x0000000752800000, 0x0000000753000000|  0%| F|  |TAMS 0x0000000752800000, 0x0000000752800000| Untracked 
| 682|0x0000000753000000, 0x0000000753800000, 0x0000000753800000|100%| O|  |TAMS 0x0000000753800000, 0x0000000753000000| Untracked 
| 683|0x0000000753800000, 0x0000000753800000, 0x0000000754000000|  0%| F|  |TAMS 0x0000000753800000, 0x0000000753800000| Untracked 
| 684|0x0000000754000000, 0x0000000754000000, 0x0000000754800000|  0%| F|  |TAMS 0x0000000754000000, 0x0000000754000000| Untracked 
| 685|0x0000000754800000, 0x0000000755000000, 0x0000000755000000|100%| O|  |TAMS 0x0000000755000000, 0x0000000754800000| Untracked 
| 686|0x0000000755000000, 0x0000000755000000, 0x0000000755800000|  0%| F|  |TAMS 0x0000000755000000, 0x0000000755000000| Untracked 
| 687|0x0000000755800000, 0x0000000756000000, 0x0000000756000000|100%| O|  |TAMS 0x0000000756000000, 0x0000000755800000| Untracked 
| 688|0x0000000756000000, 0x0000000756800000, 0x0000000756800000|100%| O|  |TAMS 0x0000000756800000, 0x0000000756000000| Untracked 
| 689|0x0000000756800000, 0x0000000757000000, 0x0000000757000000|100%| O|  |TAMS 0x0000000757000000, 0x0000000756800000| Untracked 
| 690|0x0000000757000000, 0x0000000757800000, 0x0000000757800000|100%| O|  |TAMS 0x0000000757800000, 0x0000000757000000| Untracked 
| 691|0x0000000757800000, 0x0000000758000000, 0x0000000758000000|100%| O|  |TAMS 0x0000000758000000, 0x0000000757800000| Untracked 
| 692|0x0000000758000000, 0x0000000758000000, 0x0000000758800000|  0%| F|  |TAMS 0x0000000758000000, 0x0000000758000000| Untracked 
| 693|0x0000000758800000, 0x0000000758800000, 0x0000000759000000|  0%| F|  |TAMS 0x0000000758800000, 0x0000000758800000| Untracked 
| 694|0x0000000759000000, 0x0000000759000000, 0x0000000759800000|  0%| F|  |TAMS 0x0000000759000000, 0x0000000759000000| Untracked 
| 695|0x0000000759800000, 0x0000000759800000, 0x000000075a000000|  0%| F|  |TAMS 0x0000000759800000, 0x0000000759800000| Untracked 
| 696|0x000000075a000000, 0x000000075a000000, 0x000000075a800000|  0%| F|  |TAMS 0x000000075a000000, 0x000000075a000000| Untracked 
| 697|0x000000075a800000, 0x000000075b000000, 0x000000075b000000|100%| O|  |TAMS 0x000000075b000000, 0x000000075a800000| Untracked 
| 698|0x000000075b000000, 0x000000075b800000, 0x000000075b800000|100%| O|  |TAMS 0x000000075b800000, 0x000000075b000000| Untracked 
| 699|0x000000075b800000, 0x000000075c000000, 0x000000075c000000|100%| O|  |TAMS 0x000000075c000000, 0x000000075b800000| Untracked 
| 700|0x000000075c000000, 0x000000075c800000, 0x000000075c800000|100%| O|  |TAMS 0x000000075c800000, 0x000000075c000000| Untracked 
| 701|0x000000075c800000, 0x000000075c800000, 0x000000075d000000|  0%| F|  |TAMS 0x000000075c800000, 0x000000075c800000| Untracked 
| 702|0x000000075d000000, 0x000000075d000000, 0x000000075d800000|  0%| F|  |TAMS 0x000000075d000000, 0x000000075d000000| Untracked 
| 703|0x000000075d800000, 0x000000075d800000, 0x000000075e000000|  0%| F|  |TAMS 0x000000075d800000, 0x000000075d800000| Untracked 
| 704|0x000000075e000000, 0x000000075e000000, 0x000000075e800000|  0%| F|  |TAMS 0x000000075e000000, 0x000000075e000000| Untracked 
| 705|0x000000075e800000, 0x000000075e800000, 0x000000075f000000|  0%| F|  |TAMS 0x000000075e800000, 0x000000075e800000| Untracked 
| 706|0x000000075f000000, 0x000000075f000000, 0x000000075f800000|  0%| F|  |TAMS 0x000000075f000000, 0x000000075f000000| Untracked 
| 707|0x000000075f800000, 0x000000075f800000, 0x0000000760000000|  0%| F|  |TAMS 0x000000075f800000, 0x000000075f800000| Untracked 
| 708|0x0000000760000000, 0x0000000760000000, 0x0000000760800000|  0%| F|  |TAMS 0x0000000760000000, 0x0000000760000000| Untracked 
| 709|0x0000000760800000, 0x0000000760800000, 0x0000000761000000|  0%| F|  |TAMS 0x0000000760800000, 0x0000000760800000| Untracked 
| 710|0x0000000761000000, 0x0000000761000000, 0x0000000761800000|  0%| F|  |TAMS 0x0000000761000000, 0x0000000761000000| Untracked 
| 711|0x0000000761800000, 0x0000000761800000, 0x0000000762000000|  0%| F|  |TAMS 0x0000000761800000, 0x0000000761800000| Untracked 
| 712|0x0000000762000000, 0x0000000762000000, 0x0000000762800000|  0%| F|  |TAMS 0x0000000762000000, 0x0000000762000000| Untracked 
| 713|0x0000000762800000, 0x0000000762800000, 0x0000000763000000|  0%| F|  |TAMS 0x0000000762800000, 0x0000000762800000| Untracked 
| 714|0x0000000763000000, 0x0000000763000000, 0x0000000763800000|  0%| F|  |TAMS 0x0000000763000000, 0x0000000763000000| Untracked 
| 715|0x0000000763800000, 0x0000000763800000, 0x0000000764000000|  0%| F|  |TAMS 0x0000000763800000, 0x0000000763800000| Untracked 
| 716|0x0000000764000000, 0x0000000764000000, 0x0000000764800000|  0%| F|  |TAMS 0x0000000764000000, 0x0000000764000000| Untracked 
| 717|0x0000000764800000, 0x0000000764800000, 0x0000000765000000|  0%| F|  |TAMS 0x0000000764800000, 0x0000000764800000| Untracked 
| 718|0x0000000765000000, 0x0000000765000000, 0x0000000765800000|  0%| F|  |TAMS 0x0000000765000000, 0x0000000765000000| Untracked 
| 719|0x0000000765800000, 0x0000000766000000, 0x0000000766000000|100%| O|  |TAMS 0x0000000766000000, 0x0000000765800000| Untracked 
| 720|0x0000000766000000, 0x0000000766000000, 0x0000000766800000|  0%| F|  |TAMS 0x0000000766000000, 0x0000000766000000| Untracked 
| 721|0x0000000766800000, 0x0000000767000000, 0x0000000767000000|100%| O|  |TAMS 0x0000000767000000, 0x0000000766800000| Untracked 
| 722|0x0000000767000000, 0x0000000767000000, 0x0000000767800000|  0%| F|  |TAMS 0x0000000767000000, 0x0000000767000000| Untracked 
| 723|0x0000000767800000, 0x0000000767800000, 0x0000000768000000|  0%| F|  |TAMS 0x0000000767800000, 0x0000000767800000| Untracked 
| 724|0x0000000768000000, 0x0000000768000000, 0x0000000768800000|  0%| F|  |TAMS 0x0000000768000000, 0x0000000768000000| Untracked 
| 725|0x0000000768800000, 0x0000000768800000, 0x0000000769000000|  0%| F|  |TAMS 0x0000000768800000, 0x0000000768800000| Untracked 
| 726|0x0000000769000000, 0x0000000769000000, 0x0000000769800000|  0%| F|  |TAMS 0x0000000769000000, 0x0000000769000000| Untracked 
| 727|0x0000000769800000, 0x0000000769800000, 0x000000076a000000|  0%| F|  |TAMS 0x0000000769800000, 0x0000000769800000| Untracked 
| 728|0x000000076a000000, 0x000000076a000000, 0x000000076a800000|  0%| F|  |TAMS 0x000000076a000000, 0x000000076a000000| Untracked 
| 729|0x000000076a800000, 0x000000076a800000, 0x000000076b000000|  0%| F|  |TAMS 0x000000076a800000, 0x000000076a800000| Untracked 
| 730|0x000000076b000000, 0x000000076b000000, 0x000000076b800000|  0%| F|  |TAMS 0x000000076b000000, 0x000000076b000000| Untracked 
| 731|0x000000076b800000, 0x000000076b800000, 0x000000076c000000|  0%| F|  |TAMS 0x000000076b800000, 0x000000076b800000| Untracked 
| 732|0x000000076c000000, 0x000000076c000000, 0x000000076c800000|  0%| F|  |TAMS 0x000000076c000000, 0x000000076c000000| Untracked 
| 733|0x000000076c800000, 0x000000076c800000, 0x000000076d000000|  0%| F|  |TAMS 0x000000076c800000, 0x000000076c800000| Untracked 
| 734|0x000000076d000000, 0x000000076d000000, 0x000000076d800000|  0%| F|  |TAMS 0x000000076d000000, 0x000000076d000000| Untracked 
| 735|0x000000076d800000, 0x000000076d800000, 0x000000076e000000|  0%| F|  |TAMS 0x000000076d800000, 0x000000076d800000| Untracked 
| 736|0x000000076e000000, 0x000000076e000000, 0x000000076e800000|  0%| F|  |TAMS 0x000000076e000000, 0x000000076e000000| Untracked 
| 737|0x000000076e800000, 0x000000076e800000, 0x000000076f000000|  0%| F|  |TAMS 0x000000076e800000, 0x000000076e800000| Untracked 
| 738|0x000000076f000000, 0x000000076f000000, 0x000000076f800000|  0%| F|  |TAMS 0x000000076f000000, 0x000000076f000000| Untracked 
| 739|0x000000076f800000, 0x000000076f800000, 0x0000000770000000|  0%| F|  |TAMS 0x000000076f800000, 0x000000076f800000| Untracked 
| 740|0x0000000770000000, 0x0000000770000000, 0x0000000770800000|  0%| F|  |TAMS 0x0000000770000000, 0x0000000770000000| Untracked 
| 741|0x0000000770800000, 0x0000000770800000, 0x0000000771000000|  0%| F|  |TAMS 0x0000000770800000, 0x0000000770800000| Untracked 
| 742|0x0000000771000000, 0x0000000771000000, 0x0000000771800000|  0%| F|  |TAMS 0x0000000771000000, 0x0000000771000000| Untracked 
| 743|0x0000000771800000, 0x0000000771800000, 0x0000000772000000|  0%| F|  |TAMS 0x0000000771800000, 0x0000000771800000| Untracked 
| 744|0x0000000772000000, 0x0000000772000000, 0x0000000772800000|  0%| F|  |TAMS 0x0000000772000000, 0x0000000772000000| Untracked 
| 745|0x0000000772800000, 0x0000000772800000, 0x0000000773000000|  0%| F|  |TAMS 0x0000000772800000, 0x0000000772800000| Untracked 
| 746|0x0000000773000000, 0x0000000773000000, 0x0000000773800000|  0%| F|  |TAMS 0x0000000773000000, 0x0000000773000000| Untracked 
| 747|0x0000000773800000, 0x0000000773800000, 0x0000000774000000|  0%| F|  |TAMS 0x0000000773800000, 0x0000000773800000| Untracked 
| 748|0x0000000774000000, 0x0000000774000000, 0x0000000774800000|  0%| F|  |TAMS 0x0000000774000000, 0x0000000774000000| Untracked 
| 749|0x0000000774800000, 0x0000000774800000, 0x0000000775000000|  0%| F|  |TAMS 0x0000000774800000, 0x0000000774800000| Untracked 
| 750|0x0000000775000000, 0x0000000775000000, 0x0000000775800000|  0%| F|  |TAMS 0x0000000775000000, 0x0000000775000000| Untracked 
| 751|0x0000000775800000, 0x0000000775800000, 0x0000000776000000|  0%| F|  |TAMS 0x0000000775800000, 0x0000000775800000| Untracked 
| 752|0x0000000776000000, 0x0000000776000000, 0x0000000776800000|  0%| F|  |TAMS 0x0000000776000000, 0x0000000776000000| Untracked 
| 753|0x0000000776800000, 0x0000000776800000, 0x0000000777000000|  0%| F|  |TAMS 0x0000000776800000, 0x0000000776800000| Untracked 
| 754|0x0000000777000000, 0x0000000777000000, 0x0000000777800000|  0%| F|  |TAMS 0x0000000777000000, 0x0000000777000000| Untracked 
| 755|0x0000000777800000, 0x0000000777800000, 0x0000000778000000|  0%| F|  |TAMS 0x0000000777800000, 0x0000000777800000| Untracked 
| 756|0x0000000778000000, 0x0000000778000000, 0x0000000778800000|  0%| F|  |TAMS 0x0000000778000000, 0x0000000778000000| Untracked 
| 757|0x0000000778800000, 0x0000000778800000, 0x0000000779000000|  0%| F|  |TAMS 0x0000000778800000, 0x0000000778800000| Untracked 
| 758|0x0000000779000000, 0x0000000779000000, 0x0000000779800000|  0%| F|  |TAMS 0x0000000779000000, 0x0000000779000000| Untracked 
| 759|0x0000000779800000, 0x0000000779800000, 0x000000077a000000|  0%| F|  |TAMS 0x0000000779800000, 0x0000000779800000| Untracked 
| 760|0x000000077a000000, 0x000000077a000000, 0x000000077a800000|  0%| F|  |TAMS 0x000000077a000000, 0x000000077a000000| Untracked 
| 761|0x000000077a800000, 0x000000077a800000, 0x000000077b000000|  0%| F|  |TAMS 0x000000077a800000, 0x000000077a800000| Untracked 
| 762|0x000000077b000000, 0x000000077b000000, 0x000000077b800000|  0%| F|  |TAMS 0x000000077b000000, 0x000000077b000000| Untracked 
| 763|0x000000077b800000, 0x000000077b800000, 0x000000077c000000|  0%| F|  |TAMS 0x000000077b800000, 0x000000077b800000| Untracked 
| 764|0x000000077c000000, 0x000000077c000000, 0x000000077c800000|  0%| F|  |TAMS 0x000000077c000000, 0x000000077c000000| Untracked 
| 765|0x000000077c800000, 0x000000077c800000, 0x000000077d000000|  0%| F|  |TAMS 0x000000077c800000, 0x000000077c800000| Untracked 
| 766|0x000000077d000000, 0x000000077d000000, 0x000000077d800000|  0%| F|  |TAMS 0x000000077d000000, 0x000000077d000000| Untracked 
| 767|0x000000077d800000, 0x000000077d800000, 0x000000077e000000|  0%| F|  |TAMS 0x000000077d800000, 0x000000077d800000| Untracked 
| 768|0x000000077e000000, 0x000000077e000000, 0x000000077e800000|  0%| F|  |TAMS 0x000000077e000000, 0x000000077e000000| Untracked 
| 769|0x000000077e800000, 0x000000077e800000, 0x000000077f000000|  0%| F|  |TAMS 0x000000077e800000, 0x000000077e800000| Untracked 
| 770|0x000000077f000000, 0x000000077f000000, 0x000000077f800000|  0%| F|  |TAMS 0x000000077f000000, 0x000000077f000000| Untracked 
| 771|0x000000077f800000, 0x000000077f800000, 0x0000000780000000|  0%| F|  |TAMS 0x000000077f800000, 0x000000077f800000| Untracked 
| 772|0x0000000780000000, 0x0000000780000000, 0x0000000780800000|  0%| F|  |TAMS 0x0000000780000000, 0x0000000780000000| Untracked 
| 773|0x0000000780800000, 0x0000000780800000, 0x0000000781000000|  0%| F|  |TAMS 0x0000000780800000, 0x0000000780800000| Untracked 
| 774|0x0000000781000000, 0x0000000781000000, 0x0000000781800000|  0%| F|  |TAMS 0x0000000781000000, 0x0000000781000000| Untracked 
| 775|0x0000000781800000, 0x0000000781800000, 0x0000000782000000|  0%| F|  |TAMS 0x0000000781800000, 0x0000000781800000| Untracked 
| 776|0x0000000782000000, 0x0000000782000000, 0x0000000782800000|  0%| F|  |TAMS 0x0000000782000000, 0x0000000782000000| Untracked 
| 777|0x0000000782800000, 0x0000000782800000, 0x0000000783000000|  0%| F|  |TAMS 0x0000000782800000, 0x0000000782800000| Untracked 
| 778|0x0000000783000000, 0x0000000783000000, 0x0000000783800000|  0%| F|  |TAMS 0x0000000783000000, 0x0000000783000000| Untracked 
| 779|0x0000000783800000, 0x0000000783800000, 0x0000000784000000|  0%| F|  |TAMS 0x0000000783800000, 0x0000000783800000| Untracked 
| 780|0x0000000784000000, 0x0000000784000000, 0x0000000784800000|  0%| F|  |TAMS 0x0000000784000000, 0x0000000784000000| Untracked 
| 781|0x0000000784800000, 0x0000000784800000, 0x0000000785000000|  0%| F|  |TAMS 0x0000000784800000, 0x0000000784800000| Untracked 
| 782|0x0000000785000000, 0x0000000785000000, 0x0000000785800000|  0%| F|  |TAMS 0x0000000785000000, 0x0000000785000000| Untracked 
| 783|0x0000000785800000, 0x0000000785800000, 0x0000000786000000|  0%| F|  |TAMS 0x0000000785800000, 0x0000000785800000| Untracked 
| 784|0x0000000786000000, 0x0000000786000000, 0x0000000786800000|  0%| F|  |TAMS 0x0000000786000000, 0x0000000786000000| Untracked 
| 785|0x0000000786800000, 0x0000000786800000, 0x0000000787000000|  0%| F|  |TAMS 0x0000000786800000, 0x0000000786800000| Untracked 
| 786|0x0000000787000000, 0x0000000787000000, 0x0000000787800000|  0%| F|  |TAMS 0x0000000787000000, 0x0000000787000000| Untracked 
| 787|0x0000000787800000, 0x0000000787800000, 0x0000000788000000|  0%| F|  |TAMS 0x0000000787800000, 0x0000000787800000| Untracked 
| 788|0x0000000788000000, 0x0000000788000000, 0x0000000788800000|  0%| F|  |TAMS 0x0000000788000000, 0x0000000788000000| Untracked 
| 789|0x0000000788800000, 0x0000000788800000, 0x0000000789000000|  0%| F|  |TAMS 0x0000000788800000, 0x0000000788800000| Untracked 
| 790|0x0000000789000000, 0x0000000789000000, 0x0000000789800000|  0%| F|  |TAMS 0x0000000789000000, 0x0000000789000000| Untracked 
| 791|0x0000000789800000, 0x0000000789800000, 0x000000078a000000|  0%| F|  |TAMS 0x0000000789800000, 0x0000000789800000| Untracked 
| 792|0x000000078a000000, 0x000000078a000000, 0x000000078a800000|  0%| F|  |TAMS 0x000000078a000000, 0x000000078a000000| Untracked 
| 793|0x000000078a800000, 0x000000078acd7308, 0x000000078b000000| 60%| S|CS|TAMS 0x000000078a800000, 0x000000078a800000| Complete 
| 794|0x000000078b000000, 0x000000078b000000, 0x000000078b800000|  0%| F|  |TAMS 0x000000078b000000, 0x000000078b000000| Untracked 
| 795|0x000000078b800000, 0x000000078b800000, 0x000000078c000000|  0%| F|  |TAMS 0x000000078b800000, 0x000000078b800000| Untracked 
| 796|0x000000078c000000, 0x000000078c576658, 0x000000078c800000| 68%| E|  |TAMS 0x000000078c000000, 0x000000078c000000| Complete 
| 797|0x000000078c800000, 0x000000078d000000, 0x000000078d000000|100%| E|CS|TAMS 0x000000078c800000, 0x000000078c800000| Complete 
| 798|0x000000078d000000, 0x000000078d800000, 0x000000078d800000|100%| E|CS|TAMS 0x000000078d000000, 0x000000078d000000| Complete 
| 799|0x000000078d800000, 0x000000078e000000, 0x000000078e000000|100%| E|CS|TAMS 0x000000078d800000, 0x000000078d800000| Complete 
| 800|0x000000078e000000, 0x000000078e800000, 0x000000078e800000|100%| E|CS|TAMS 0x000000078e000000, 0x000000078e000000| Complete 
| 801|0x000000078e800000, 0x000000078f000000, 0x000000078f000000|100%| E|CS|TAMS 0x000000078e800000, 0x000000078e800000| Complete 
| 802|0x000000078f000000, 0x000000078f800000, 0x000000078f800000|100%| E|CS|TAMS 0x000000078f000000, 0x000000078f000000| Complete 
| 803|0x000000078f800000, 0x0000000790000000, 0x0000000790000000|100%| E|CS|TAMS 0x000000078f800000, 0x000000078f800000| Complete 
| 804|0x0000000790000000, 0x0000000790800000, 0x0000000790800000|100%| E|CS|TAMS 0x0000000790000000, 0x0000000790000000| Complete 
| 805|0x0000000790800000, 0x0000000791000000, 0x0000000791000000|100%| E|CS|TAMS 0x0000000790800000, 0x0000000790800000| Complete 
| 806|0x0000000791000000, 0x0000000791800000, 0x0000000791800000|100%| E|CS|TAMS 0x0000000791000000, 0x0000000791000000| Complete 
| 807|0x0000000791800000, 0x0000000792000000, 0x0000000792000000|100%| E|CS|TAMS 0x0000000791800000, 0x0000000791800000| Complete 
| 808|0x0000000792000000, 0x0000000792800000, 0x0000000792800000|100%| E|CS|TAMS 0x0000000792000000, 0x0000000792000000| Complete 
| 809|0x0000000792800000, 0x0000000793000000, 0x0000000793000000|100%| E|CS|TAMS 0x0000000792800000, 0x0000000792800000| Complete 
| 810|0x0000000793000000, 0x0000000793800000, 0x0000000793800000|100%| E|CS|TAMS 0x0000000793000000, 0x0000000793000000| Complete 
| 811|0x0000000793800000, 0x0000000794000000, 0x0000000794000000|100%| E|CS|TAMS 0x0000000793800000, 0x0000000793800000| Complete 
| 812|0x0000000794000000, 0x0000000794800000, 0x0000000794800000|100%| E|CS|TAMS 0x0000000794000000, 0x0000000794000000| Complete 
| 813|0x0000000794800000, 0x0000000795000000, 0x0000000795000000|100%| E|CS|TAMS 0x0000000794800000, 0x0000000794800000| Complete 
| 814|0x0000000795000000, 0x0000000795800000, 0x0000000795800000|100%| E|CS|TAMS 0x0000000795000000, 0x0000000795000000| Complete 
| 815|0x0000000795800000, 0x0000000796000000, 0x0000000796000000|100%| E|CS|TAMS 0x0000000795800000, 0x0000000795800000| Complete 
| 816|0x0000000796000000, 0x0000000796800000, 0x0000000796800000|100%| E|CS|TAMS 0x0000000796000000, 0x0000000796000000| Complete 
| 817|0x0000000796800000, 0x0000000797000000, 0x0000000797000000|100%| E|CS|TAMS 0x0000000796800000, 0x0000000796800000| Complete 
| 818|0x0000000797000000, 0x0000000797800000, 0x0000000797800000|100%| E|CS|TAMS 0x0000000797000000, 0x0000000797000000| Complete 
| 819|0x0000000797800000, 0x0000000798000000, 0x0000000798000000|100%| E|CS|TAMS 0x0000000797800000, 0x0000000797800000| Complete 
| 820|0x0000000798000000, 0x0000000798800000, 0x0000000798800000|100%| E|CS|TAMS 0x0000000798000000, 0x0000000798000000| Complete 
| 821|0x0000000798800000, 0x0000000799000000, 0x0000000799000000|100%| E|CS|TAMS 0x0000000798800000, 0x0000000798800000| Complete 
| 822|0x0000000799000000, 0x0000000799800000, 0x0000000799800000|100%| E|CS|TAMS 0x0000000799000000, 0x0000000799000000| Complete 
| 823|0x0000000799800000, 0x000000079a000000, 0x000000079a000000|100%| E|CS|TAMS 0x0000000799800000, 0x0000000799800000| Complete 
| 824|0x000000079a000000, 0x000000079a800000, 0x000000079a800000|100%| E|CS|TAMS 0x000000079a000000, 0x000000079a000000| Complete 
| 825|0x000000079a800000, 0x000000079b000000, 0x000000079b000000|100%| E|CS|TAMS 0x000000079a800000, 0x000000079a800000| Complete 
| 826|0x000000079b000000, 0x000000079b800000, 0x000000079b800000|100%| E|CS|TAMS 0x000000079b000000, 0x000000079b000000| Complete 
| 827|0x000000079b800000, 0x000000079c000000, 0x000000079c000000|100%| E|CS|TAMS 0x000000079b800000, 0x000000079b800000| Complete 
| 828|0x000000079c000000, 0x000000079c800000, 0x000000079c800000|100%| E|CS|TAMS 0x000000079c000000, 0x000000079c000000| Complete 
| 829|0x000000079c800000, 0x000000079d000000, 0x000000079d000000|100%| E|CS|TAMS 0x000000079c800000, 0x000000079c800000| Complete 
| 830|0x000000079d000000, 0x000000079d800000, 0x000000079d800000|100%| E|CS|TAMS 0x000000079d000000, 0x000000079d000000| Complete 
| 831|0x000000079d800000, 0x000000079e000000, 0x000000079e000000|100%| E|CS|TAMS 0x000000079d800000, 0x000000079d800000| Complete 
| 832|0x000000079e000000, 0x000000079e800000, 0x000000079e800000|100%| E|CS|TAMS 0x000000079e000000, 0x000000079e000000| Complete 
| 833|0x000000079e800000, 0x000000079f000000, 0x000000079f000000|100%| E|CS|TAMS 0x000000079e800000, 0x000000079e800000| Complete 
| 834|0x000000079f000000, 0x000000079f800000, 0x000000079f800000|100%| E|CS|TAMS 0x000000079f000000, 0x000000079f000000| Complete 
| 835|0x000000079f800000, 0x00000007a0000000, 0x00000007a0000000|100%| E|CS|TAMS 0x000000079f800000, 0x000000079f800000| Complete 
| 836|0x00000007a0000000, 0x00000007a0800000, 0x00000007a0800000|100%| E|CS|TAMS 0x00000007a0000000, 0x00000007a0000000| Complete 
| 837|0x00000007a0800000, 0x00000007a1000000, 0x00000007a1000000|100%| E|CS|TAMS 0x00000007a0800000, 0x00000007a0800000| Complete 
| 838|0x00000007a1000000, 0x00000007a1800000, 0x00000007a1800000|100%| E|CS|TAMS 0x00000007a1000000, 0x00000007a1000000| Complete 
| 839|0x00000007a1800000, 0x00000007a2000000, 0x00000007a2000000|100%| E|CS|TAMS 0x00000007a1800000, 0x00000007a1800000| Complete 
| 840|0x00000007a2000000, 0x00000007a2800000, 0x00000007a2800000|100%| E|CS|TAMS 0x00000007a2000000, 0x00000007a2000000| Complete 
| 841|0x00000007a2800000, 0x00000007a3000000, 0x00000007a3000000|100%| E|CS|TAMS 0x00000007a2800000, 0x00000007a2800000| Complete 
| 842|0x00000007a3000000, 0x00000007a3800000, 0x00000007a3800000|100%| E|CS|TAMS 0x00000007a3000000, 0x00000007a3000000| Complete 
| 843|0x00000007a3800000, 0x00000007a4000000, 0x00000007a4000000|100%| E|CS|TAMS 0x00000007a3800000, 0x00000007a3800000| Complete 
| 844|0x00000007a4000000, 0x00000007a4800000, 0x00000007a4800000|100%| E|CS|TAMS 0x00000007a4000000, 0x00000007a4000000| Complete 
| 845|0x00000007a4800000, 0x00000007a5000000, 0x00000007a5000000|100%| E|CS|TAMS 0x00000007a4800000, 0x00000007a4800000| Complete 
| 846|0x00000007a5000000, 0x00000007a5800000, 0x00000007a5800000|100%| E|CS|TAMS 0x00000007a5000000, 0x00000007a5000000| Complete 
| 847|0x00000007a5800000, 0x00000007a6000000, 0x00000007a6000000|100%| E|CS|TAMS 0x00000007a5800000, 0x00000007a5800000| Complete 
| 848|0x00000007a6000000, 0x00000007a6800000, 0x00000007a6800000|100%| E|CS|TAMS 0x00000007a6000000, 0x00000007a6000000| Complete 
| 849|0x00000007a6800000, 0x00000007a7000000, 0x00000007a7000000|100%| E|CS|TAMS 0x00000007a6800000, 0x00000007a6800000| Complete 
| 850|0x00000007a7000000, 0x00000007a7800000, 0x00000007a7800000|100%| E|CS|TAMS 0x00000007a7000000, 0x00000007a7000000| Complete 
| 851|0x00000007a7800000, 0x00000007a8000000, 0x00000007a8000000|100%| E|CS|TAMS 0x00000007a7800000, 0x00000007a7800000| Complete 
| 852|0x00000007a8000000, 0x00000007a8800000, 0x00000007a8800000|100%| E|CS|TAMS 0x00000007a8000000, 0x00000007a8000000| Complete 
| 853|0x00000007a8800000, 0x00000007a9000000, 0x00000007a9000000|100%| E|CS|TAMS 0x00000007a8800000, 0x00000007a8800000| Complete 
| 854|0x00000007a9000000, 0x00000007a9800000, 0x00000007a9800000|100%| E|CS|TAMS 0x00000007a9000000, 0x00000007a9000000| Complete 
| 855|0x00000007a9800000, 0x00000007aa000000, 0x00000007aa000000|100%| E|CS|TAMS 0x00000007a9800000, 0x00000007a9800000| Complete 
| 856|0x00000007aa000000, 0x00000007aa800000, 0x00000007aa800000|100%| E|CS|TAMS 0x00000007aa000000, 0x00000007aa000000| Complete 
| 857|0x00000007aa800000, 0x00000007ab000000, 0x00000007ab000000|100%| E|CS|TAMS 0x00000007aa800000, 0x00000007aa800000| Complete 
| 858|0x00000007ab000000, 0x00000007ab800000, 0x00000007ab800000|100%| E|CS|TAMS 0x00000007ab000000, 0x00000007ab000000| Complete 
| 859|0x00000007ab800000, 0x00000007ac000000, 0x00000007ac000000|100%| E|CS|TAMS 0x00000007ab800000, 0x00000007ab800000| Complete 
| 860|0x00000007ac000000, 0x00000007ac800000, 0x00000007ac800000|100%| E|CS|TAMS 0x00000007ac000000, 0x00000007ac000000| Complete 
| 861|0x00000007ac800000, 0x00000007ad000000, 0x00000007ad000000|100%| E|CS|TAMS 0x00000007ac800000, 0x00000007ac800000| Complete 
| 862|0x00000007ad000000, 0x00000007ad800000, 0x00000007ad800000|100%| E|CS|TAMS 0x00000007ad000000, 0x00000007ad000000| Complete 
| 863|0x00000007ad800000, 0x00000007ae000000, 0x00000007ae000000|100%| E|CS|TAMS 0x00000007ad800000, 0x00000007ad800000| Complete 
| 864|0x00000007ae000000, 0x00000007ae800000, 0x00000007ae800000|100%| E|CS|TAMS 0x00000007ae000000, 0x00000007ae000000| Complete 
| 865|0x00000007ae800000, 0x00000007af000000, 0x00000007af000000|100%| E|CS|TAMS 0x00000007ae800000, 0x00000007ae800000| Complete 
| 866|0x00000007af000000, 0x00000007af800000, 0x00000007af800000|100%| E|CS|TAMS 0x00000007af000000, 0x00000007af000000| Complete 
| 867|0x00000007af800000, 0x00000007b0000000, 0x00000007b0000000|100%| E|CS|TAMS 0x00000007af800000, 0x00000007af800000| Complete 
| 868|0x00000007b0000000, 0x00000007b0800000, 0x00000007b0800000|100%| E|CS|TAMS 0x00000007b0000000, 0x00000007b0000000| Complete 
| 869|0x00000007b0800000, 0x00000007b1000000, 0x00000007b1000000|100%| E|CS|TAMS 0x00000007b0800000, 0x00000007b0800000| Complete 
| 870|0x00000007b1000000, 0x00000007b1800000, 0x00000007b1800000|100%| E|CS|TAMS 0x00000007b1000000, 0x00000007b1000000| Complete 
| 871|0x00000007b1800000, 0x00000007b2000000, 0x00000007b2000000|100%| E|CS|TAMS 0x00000007b1800000, 0x00000007b1800000| Complete 
| 872|0x00000007b2000000, 0x00000007b2800000, 0x00000007b2800000|100%| E|CS|TAMS 0x00000007b2000000, 0x00000007b2000000| Complete 
| 873|0x00000007b2800000, 0x00000007b3000000, 0x00000007b3000000|100%| E|CS|TAMS 0x00000007b2800000, 0x00000007b2800000| Complete 
| 874|0x00000007b3000000, 0x00000007b3800000, 0x00000007b3800000|100%| E|CS|TAMS 0x00000007b3000000, 0x00000007b3000000| Complete 
| 875|0x00000007b3800000, 0x00000007b4000000, 0x00000007b4000000|100%| E|CS|TAMS 0x00000007b3800000, 0x00000007b3800000| Complete 
| 876|0x00000007b4000000, 0x00000007b4800000, 0x00000007b4800000|100%| E|CS|TAMS 0x00000007b4000000, 0x00000007b4000000| Complete 
| 877|0x00000007b4800000, 0x00000007b5000000, 0x00000007b5000000|100%| E|CS|TAMS 0x00000007b4800000, 0x00000007b4800000| Complete 
| 878|0x00000007b5000000, 0x00000007b5800000, 0x00000007b5800000|100%| E|CS|TAMS 0x00000007b5000000, 0x00000007b5000000| Complete 
| 879|0x00000007b5800000, 0x00000007b6000000, 0x00000007b6000000|100%| E|CS|TAMS 0x00000007b5800000, 0x00000007b5800000| Complete 
| 880|0x00000007b6000000, 0x00000007b6800000, 0x00000007b6800000|100%| E|CS|TAMS 0x00000007b6000000, 0x00000007b6000000| Complete 
| 881|0x00000007b6800000, 0x00000007b7000000, 0x00000007b7000000|100%| E|CS|TAMS 0x00000007b6800000, 0x00000007b6800000| Complete 
| 882|0x00000007b7000000, 0x00000007b7800000, 0x00000007b7800000|100%| E|CS|TAMS 0x00000007b7000000, 0x00000007b7000000| Complete 
| 883|0x00000007b7800000, 0x00000007b8000000, 0x00000007b8000000|100%| E|CS|TAMS 0x00000007b7800000, 0x00000007b7800000| Complete 
| 884|0x00000007b8000000, 0x00000007b8800000, 0x00000007b8800000|100%| E|CS|TAMS 0x00000007b8000000, 0x00000007b8000000| Complete 
| 885|0x00000007b8800000, 0x00000007b9000000, 0x00000007b9000000|100%| E|CS|TAMS 0x00000007b8800000, 0x00000007b8800000| Complete 
| 886|0x00000007b9000000, 0x00000007b9800000, 0x00000007b9800000|100%| E|CS|TAMS 0x00000007b9000000, 0x00000007b9000000| Complete 
| 887|0x00000007b9800000, 0x00000007ba000000, 0x00000007ba000000|100%| E|CS|TAMS 0x00000007b9800000, 0x00000007b9800000| Complete 
| 888|0x00000007ba000000, 0x00000007ba800000, 0x00000007ba800000|100%| E|CS|TAMS 0x00000007ba000000, 0x00000007ba000000| Complete 
| 889|0x00000007ba800000, 0x00000007bb000000, 0x00000007bb000000|100%| E|CS|TAMS 0x00000007ba800000, 0x00000007ba800000| Complete 
| 890|0x00000007bb000000, 0x00000007bb800000, 0x00000007bb800000|100%| E|CS|TAMS 0x00000007bb000000, 0x00000007bb000000| Complete 
| 891|0x00000007bb800000, 0x00000007bc000000, 0x00000007bc000000|100%| E|CS|TAMS 0x00000007bb800000, 0x00000007bb800000| Complete 
| 892|0x00000007bc000000, 0x00000007bc800000, 0x00000007bc800000|100%| E|CS|TAMS 0x00000007bc000000, 0x00000007bc000000| Complete 
| 893|0x00000007bc800000, 0x00000007bd000000, 0x00000007bd000000|100%| E|CS|TAMS 0x00000007bc800000, 0x00000007bc800000| Complete 
| 894|0x00000007bd000000, 0x00000007bd800000, 0x00000007bd800000|100%| E|CS|TAMS 0x00000007bd000000, 0x00000007bd000000| Complete 
| 895|0x00000007bd800000, 0x00000007be000000, 0x00000007be000000|100%| E|CS|TAMS 0x00000007bd800000, 0x00000007bd800000| Complete 
| 896|0x00000007be000000, 0x00000007be800000, 0x00000007be800000|100%| E|CS|TAMS 0x00000007be000000, 0x00000007be000000| Complete 
| 897|0x00000007be800000, 0x00000007bf000000, 0x00000007bf000000|100%| E|CS|TAMS 0x00000007be800000, 0x00000007be800000| Complete 
| 898|0x00000007bf000000, 0x00000007bf800000, 0x00000007bf800000|100%| E|CS|TAMS 0x00000007bf000000, 0x00000007bf000000| Complete 
| 899|0x00000007bf800000, 0x00000007c0000000, 0x00000007c0000000|100%| E|CS|TAMS 0x00000007bf800000, 0x00000007bf800000| Complete 
| 900|0x00000007c0000000, 0x00000007c0800000, 0x00000007c0800000|100%| E|CS|TAMS 0x00000007c0000000, 0x00000007c0000000| Complete 
| 901|0x00000007c0800000, 0x00000007c1000000, 0x00000007c1000000|100%| E|CS|TAMS 0x00000007c0800000, 0x00000007c0800000| Complete 
| 902|0x00000007c1000000, 0x00000007c1800000, 0x00000007c1800000|100%| E|CS|TAMS 0x00000007c1000000, 0x00000007c1000000| Complete 
| 903|0x00000007c1800000, 0x00000007c2000000, 0x00000007c2000000|100%| E|CS|TAMS 0x00000007c1800000, 0x00000007c1800000| Complete 
| 904|0x00000007c2000000, 0x00000007c2800000, 0x00000007c2800000|100%| E|CS|TAMS 0x00000007c2000000, 0x00000007c2000000| Complete 
| 905|0x00000007c2800000, 0x00000007c3000000, 0x00000007c3000000|100%| E|CS|TAMS 0x00000007c2800000, 0x00000007c2800000| Complete 
| 906|0x00000007c3000000, 0x00000007c3800000, 0x00000007c3800000|100%| E|CS|TAMS 0x00000007c3000000, 0x00000007c3000000| Complete 
| 907|0x00000007c3800000, 0x00000007c4000000, 0x00000007c4000000|100%| E|CS|TAMS 0x00000007c3800000, 0x00000007c3800000| Complete 
| 908|0x00000007c4000000, 0x00000007c4800000, 0x00000007c4800000|100%| E|CS|TAMS 0x00000007c4000000, 0x00000007c4000000| Complete 
| 909|0x00000007c4800000, 0x00000007c5000000, 0x00000007c5000000|100%| E|CS|TAMS 0x00000007c4800000, 0x00000007c4800000| Complete 
| 910|0x00000007c5000000, 0x00000007c5800000, 0x00000007c5800000|100%| E|CS|TAMS 0x00000007c5000000, 0x00000007c5000000| Complete 
| 911|0x00000007c5800000, 0x00000007c6000000, 0x00000007c6000000|100%| E|CS|TAMS 0x00000007c5800000, 0x00000007c5800000| Complete 
| 912|0x00000007c6000000, 0x00000007c6800000, 0x00000007c6800000|100%| E|CS|TAMS 0x00000007c6000000, 0x00000007c6000000| Complete 
| 913|0x00000007c6800000, 0x00000007c7000000, 0x00000007c7000000|100%| E|CS|TAMS 0x00000007c6800000, 0x00000007c6800000| Complete 
| 914|0x00000007c7000000, 0x00000007c7800000, 0x00000007c7800000|100%| E|CS|TAMS 0x00000007c7000000, 0x00000007c7000000| Complete 
| 915|0x00000007c7800000, 0x00000007c8000000, 0x00000007c8000000|100%| E|CS|TAMS 0x00000007c7800000, 0x00000007c7800000| Complete 
| 916|0x00000007c8000000, 0x00000007c8800000, 0x00000007c8800000|100%| E|CS|TAMS 0x00000007c8000000, 0x00000007c8000000| Complete 
| 917|0x00000007c8800000, 0x00000007c9000000, 0x00000007c9000000|100%| E|CS|TAMS 0x00000007c8800000, 0x00000007c8800000| Complete 
| 918|0x00000007c9000000, 0x00000007c9800000, 0x00000007c9800000|100%| E|CS|TAMS 0x00000007c9000000, 0x00000007c9000000| Complete 
| 919|0x00000007c9800000, 0x00000007ca000000, 0x00000007ca000000|100%| E|CS|TAMS 0x00000007c9800000, 0x00000007c9800000| Complete 
| 920|0x00000007ca000000, 0x00000007ca800000, 0x00000007ca800000|100%| E|CS|TAMS 0x00000007ca000000, 0x00000007ca000000| Complete 
| 921|0x00000007ca800000, 0x00000007cb000000, 0x00000007cb000000|100%| E|CS|TAMS 0x00000007ca800000, 0x00000007ca800000| Complete 
| 922|0x00000007cb000000, 0x00000007cb800000, 0x00000007cb800000|100%| E|CS|TAMS 0x00000007cb000000, 0x00000007cb000000| Complete 
| 923|0x00000007cb800000, 0x00000007cc000000, 0x00000007cc000000|100%| E|CS|TAMS 0x00000007cb800000, 0x00000007cb800000| Complete 
| 924|0x00000007cc000000, 0x00000007cc800000, 0x00000007cc800000|100%| E|CS|TAMS 0x00000007cc000000, 0x00000007cc000000| Complete 
| 925|0x00000007cc800000, 0x00000007cd000000, 0x00000007cd000000|100%| E|CS|TAMS 0x00000007cc800000, 0x00000007cc800000| Complete 
| 926|0x00000007cd000000, 0x00000007cd800000, 0x00000007cd800000|100%| E|CS|TAMS 0x00000007cd000000, 0x00000007cd000000| Complete 
| 927|0x00000007cd800000, 0x00000007ce000000, 0x00000007ce000000|100%| E|CS|TAMS 0x00000007cd800000, 0x00000007cd800000| Complete 
| 928|0x00000007ce000000, 0x00000007ce800000, 0x00000007ce800000|100%| E|CS|TAMS 0x00000007ce000000, 0x00000007ce000000| Complete 
| 929|0x00000007ce800000, 0x00000007cf000000, 0x00000007cf000000|100%| E|CS|TAMS 0x00000007ce800000, 0x00000007ce800000| Complete 
| 930|0x00000007cf000000, 0x00000007cf800000, 0x00000007cf800000|100%| E|CS|TAMS 0x00000007cf000000, 0x00000007cf000000| Complete 
| 931|0x00000007cf800000, 0x00000007d0000000, 0x00000007d0000000|100%| E|CS|TAMS 0x00000007cf800000, 0x00000007cf800000| Complete 
| 932|0x00000007d0000000, 0x00000007d0800000, 0x00000007d0800000|100%| E|CS|TAMS 0x00000007d0000000, 0x00000007d0000000| Complete 
| 933|0x00000007d0800000, 0x00000007d1000000, 0x00000007d1000000|100%| E|CS|TAMS 0x00000007d0800000, 0x00000007d0800000| Complete 
| 934|0x00000007d1000000, 0x00000007d1800000, 0x00000007d1800000|100%| E|CS|TAMS 0x00000007d1000000, 0x00000007d1000000| Complete 
| 935|0x00000007d1800000, 0x00000007d2000000, 0x00000007d2000000|100%| E|CS|TAMS 0x00000007d1800000, 0x00000007d1800000| Complete 
| 936|0x00000007d2000000, 0x00000007d2800000, 0x00000007d2800000|100%| E|CS|TAMS 0x00000007d2000000, 0x00000007d2000000| Complete 
| 937|0x00000007d2800000, 0x00000007d3000000, 0x00000007d3000000|100%| E|CS|TAMS 0x00000007d2800000, 0x00000007d2800000| Complete 
| 938|0x00000007d3000000, 0x00000007d3800000, 0x00000007d3800000|100%| E|CS|TAMS 0x00000007d3000000, 0x00000007d3000000| Complete 
| 939|0x00000007d3800000, 0x00000007d4000000, 0x00000007d4000000|100%| E|CS|TAMS 0x00000007d3800000, 0x00000007d3800000| Complete 
| 940|0x00000007d4000000, 0x00000007d4800000, 0x00000007d4800000|100%| E|CS|TAMS 0x00000007d4000000, 0x00000007d4000000| Complete 
| 941|0x00000007d4800000, 0x00000007d5000000, 0x00000007d5000000|100%| E|CS|TAMS 0x00000007d4800000, 0x00000007d4800000| Complete 
| 942|0x00000007d5000000, 0x00000007d5800000, 0x00000007d5800000|100%| E|CS|TAMS 0x00000007d5000000, 0x00000007d5000000| Complete 
| 943|0x00000007d5800000, 0x00000007d6000000, 0x00000007d6000000|100%| E|CS|TAMS 0x00000007d5800000, 0x00000007d5800000| Complete 
| 944|0x00000007d6000000, 0x00000007d6800000, 0x00000007d6800000|100%| E|CS|TAMS 0x00000007d6000000, 0x00000007d6000000| Complete 
| 945|0x00000007d6800000, 0x00000007d7000000, 0x00000007d7000000|100%| E|CS|TAMS 0x00000007d6800000, 0x00000007d6800000| Complete 
| 946|0x00000007d7000000, 0x00000007d7800000, 0x00000007d7800000|100%| E|CS|TAMS 0x00000007d7000000, 0x00000007d7000000| Complete 
| 947|0x00000007d7800000, 0x00000007d8000000, 0x00000007d8000000|100%| E|CS|TAMS 0x00000007d7800000, 0x00000007d7800000| Complete 
| 948|0x00000007d8000000, 0x00000007d8800000, 0x00000007d8800000|100%| E|CS|TAMS 0x00000007d8000000, 0x00000007d8000000| Complete 
| 949|0x00000007d8800000, 0x00000007d9000000, 0x00000007d9000000|100%| E|CS|TAMS 0x00000007d8800000, 0x00000007d8800000| Complete 
| 950|0x00000007d9000000, 0x00000007d9800000, 0x00000007d9800000|100%| E|CS|TAMS 0x00000007d9000000, 0x00000007d9000000| Complete 
| 951|0x00000007d9800000, 0x00000007da000000, 0x00000007da000000|100%| E|CS|TAMS 0x00000007d9800000, 0x00000007d9800000| Complete 
| 952|0x00000007da000000, 0x00000007da800000, 0x00000007da800000|100%| E|CS|TAMS 0x00000007da000000, 0x00000007da000000| Complete 
| 953|0x00000007da800000, 0x00000007db000000, 0x00000007db000000|100%| E|CS|TAMS 0x00000007da800000, 0x00000007da800000| Complete 
| 954|0x00000007db000000, 0x00000007db800000, 0x00000007db800000|100%| E|CS|TAMS 0x00000007db000000, 0x00000007db000000| Complete 
| 955|0x00000007db800000, 0x00000007dc000000, 0x00000007dc000000|100%| E|CS|TAMS 0x00000007db800000, 0x00000007db800000| Complete 
| 956|0x00000007dc000000, 0x00000007dc800000, 0x00000007dc800000|100%| E|CS|TAMS 0x00000007dc000000, 0x00000007dc000000| Complete 
| 957|0x00000007dc800000, 0x00000007dd000000, 0x00000007dd000000|100%| E|CS|TAMS 0x00000007dc800000, 0x00000007dc800000| Complete 
| 958|0x00000007dd000000, 0x00000007dd800000, 0x00000007dd800000|100%| E|CS|TAMS 0x00000007dd000000, 0x00000007dd000000| Complete 
| 959|0x00000007dd800000, 0x00000007de000000, 0x00000007de000000|100%| E|CS|TAMS 0x00000007dd800000, 0x00000007dd800000| Complete 
| 960|0x00000007de000000, 0x00000007de800000, 0x00000007de800000|100%| E|CS|TAMS 0x00000007de000000, 0x00000007de000000| Complete 
| 961|0x00000007de800000, 0x00000007df000000, 0x00000007df000000|100%| E|CS|TAMS 0x00000007de800000, 0x00000007de800000| Complete 
| 962|0x00000007df000000, 0x00000007df800000, 0x00000007df800000|100%| E|CS|TAMS 0x00000007df000000, 0x00000007df000000| Complete 
| 963|0x00000007df800000, 0x00000007e0000000, 0x00000007e0000000|100%| E|CS|TAMS 0x00000007df800000, 0x00000007df800000| Complete 
| 964|0x00000007e0000000, 0x00000007e0800000, 0x00000007e0800000|100%| E|CS|TAMS 0x00000007e0000000, 0x00000007e0000000| Complete 
| 965|0x00000007e0800000, 0x00000007e1000000, 0x00000007e1000000|100%| E|CS|TAMS 0x00000007e0800000, 0x00000007e0800000| Complete 
| 966|0x00000007e1000000, 0x00000007e1800000, 0x00000007e1800000|100%| E|CS|TAMS 0x00000007e1000000, 0x00000007e1000000| Complete 
| 967|0x00000007e1800000, 0x00000007e2000000, 0x00000007e2000000|100%| E|CS|TAMS 0x00000007e1800000, 0x00000007e1800000| Complete 
| 968|0x00000007e2000000, 0x00000007e2800000, 0x00000007e2800000|100%| E|CS|TAMS 0x00000007e2000000, 0x00000007e2000000| Complete 
| 969|0x00000007e2800000, 0x00000007e3000000, 0x00000007e3000000|100%| E|CS|TAMS 0x00000007e2800000, 0x00000007e2800000| Complete 
| 970|0x00000007e3000000, 0x00000007e3800000, 0x00000007e3800000|100%| E|CS|TAMS 0x00000007e3000000, 0x00000007e3000000| Complete 
| 971|0x00000007e3800000, 0x00000007e4000000, 0x00000007e4000000|100%| E|CS|TAMS 0x00000007e3800000, 0x00000007e3800000| Complete 
| 972|0x00000007e4000000, 0x00000007e4800000, 0x00000007e4800000|100%| E|CS|TAMS 0x00000007e4000000, 0x00000007e4000000| Complete 
| 973|0x00000007e4800000, 0x00000007e5000000, 0x00000007e5000000|100%| E|CS|TAMS 0x00000007e4800000, 0x00000007e4800000| Complete 
| 974|0x00000007e5000000, 0x00000007e5800000, 0x00000007e5800000|100%| E|CS|TAMS 0x00000007e5000000, 0x00000007e5000000| Complete 
| 975|0x00000007e5800000, 0x00000007e6000000, 0x00000007e6000000|100%| E|CS|TAMS 0x00000007e5800000, 0x00000007e5800000| Complete 
| 976|0x00000007e6000000, 0x00000007e6800000, 0x00000007e6800000|100%| E|CS|TAMS 0x00000007e6000000, 0x00000007e6000000| Complete 
| 977|0x00000007e6800000, 0x00000007e7000000, 0x00000007e7000000|100%| E|CS|TAMS 0x00000007e6800000, 0x00000007e6800000| Complete 
| 978|0x00000007e7000000, 0x00000007e7800000, 0x00000007e7800000|100%| E|CS|TAMS 0x00000007e7000000, 0x00000007e7000000| Complete 
| 979|0x00000007e7800000, 0x00000007e8000000, 0x00000007e8000000|100%| E|CS|TAMS 0x00000007e7800000, 0x00000007e7800000| Complete 
| 980|0x00000007e8000000, 0x00000007e8800000, 0x00000007e8800000|100%| E|CS|TAMS 0x00000007e8000000, 0x00000007e8000000| Complete 
| 981|0x00000007e8800000, 0x00000007e9000000, 0x00000007e9000000|100%| E|CS|TAMS 0x00000007e8800000, 0x00000007e8800000| Complete 
| 982|0x00000007e9000000, 0x00000007e9800000, 0x00000007e9800000|100%| E|CS|TAMS 0x00000007e9000000, 0x00000007e9000000| Complete 
| 983|0x00000007e9800000, 0x00000007ea000000, 0x00000007ea000000|100%| E|CS|TAMS 0x00000007e9800000, 0x00000007e9800000| Complete 
| 984|0x00000007ea000000, 0x00000007ea800000, 0x00000007ea800000|100%| E|CS|TAMS 0x00000007ea000000, 0x00000007ea000000| Complete 
| 985|0x00000007ea800000, 0x00000007eb000000, 0x00000007eb000000|100%| E|CS|TAMS 0x00000007ea800000, 0x00000007ea800000| Complete 
| 986|0x00000007eb000000, 0x00000007eb800000, 0x00000007eb800000|100%| E|CS|TAMS 0x00000007eb000000, 0x00000007eb000000| Complete 
| 987|0x00000007eb800000, 0x00000007ec000000, 0x00000007ec000000|100%| E|CS|TAMS 0x00000007eb800000, 0x00000007eb800000| Complete 
| 988|0x00000007ec000000, 0x00000007ec800000, 0x00000007ec800000|100%| E|CS|TAMS 0x00000007ec000000, 0x00000007ec000000| Complete 
| 989|0x00000007ec800000, 0x00000007ed000000, 0x00000007ed000000|100%| E|CS|TAMS 0x00000007ec800000, 0x00000007ec800000| Complete 
| 990|0x00000007ed000000, 0x00000007ed800000, 0x00000007ed800000|100%| E|CS|TAMS 0x00000007ed000000, 0x00000007ed000000| Complete 
| 991|0x00000007ed800000, 0x00000007ee000000, 0x00000007ee000000|100%| E|CS|TAMS 0x00000007ed800000, 0x00000007ed800000| Complete 
| 992|0x00000007ee000000, 0x00000007ee800000, 0x00000007ee800000|100%| E|CS|TAMS 0x00000007ee000000, 0x00000007ee000000| Complete 
| 993|0x00000007ee800000, 0x00000007ef000000, 0x00000007ef000000|100%| E|CS|TAMS 0x00000007ee800000, 0x00000007ee800000| Complete 
| 994|0x00000007ef000000, 0x00000007ef800000, 0x00000007ef800000|100%| E|CS|TAMS 0x00000007ef000000, 0x00000007ef000000| Complete 
| 995|0x00000007ef800000, 0x00000007f0000000, 0x00000007f0000000|100%| E|CS|TAMS 0x00000007ef800000, 0x00000007ef800000| Complete 
| 996|0x00000007f0000000, 0x00000007f0800000, 0x00000007f0800000|100%| E|CS|TAMS 0x00000007f0000000, 0x00000007f0000000| Complete 
| 997|0x00000007f0800000, 0x00000007f1000000, 0x00000007f1000000|100%| E|CS|TAMS 0x00000007f0800000, 0x00000007f0800000| Complete 
| 998|0x00000007f1000000, 0x00000007f1800000, 0x00000007f1800000|100%| E|CS|TAMS 0x00000007f1000000, 0x00000007f1000000| Complete 
| 999|0x00000007f1800000, 0x00000007f2000000, 0x00000007f2000000|100%| E|CS|TAMS 0x00000007f1800000, 0x00000007f1800000| Complete 
|1000|0x00000007f2000000, 0x00000007f2800000, 0x00000007f2800000|100%| E|CS|TAMS 0x00000007f2000000, 0x00000007f2000000| Complete 
|1001|0x00000007f2800000, 0x00000007f3000000, 0x00000007f3000000|100%| E|CS|TAMS 0x00000007f2800000, 0x00000007f2800000| Complete 
|1002|0x00000007f3000000, 0x00000007f3800000, 0x00000007f3800000|100%| E|CS|TAMS 0x00000007f3000000, 0x00000007f3000000| Complete 
|1003|0x00000007f3800000, 0x00000007f4000000, 0x00000007f4000000|100%| E|CS|TAMS 0x00000007f3800000, 0x00000007f3800000| Complete 
|1004|0x00000007f4000000, 0x00000007f4800000, 0x00000007f4800000|100%| E|CS|TAMS 0x00000007f4000000, 0x00000007f4000000| Complete 
|1005|0x00000007f4800000, 0x00000007f5000000, 0x00000007f5000000|100%| E|CS|TAMS 0x00000007f4800000, 0x00000007f4800000| Complete 
|1006|0x00000007f5000000, 0x00000007f5800000, 0x00000007f5800000|100%| E|CS|TAMS 0x00000007f5000000, 0x00000007f5000000| Complete 
|1007|0x00000007f5800000, 0x00000007f6000000, 0x00000007f6000000|100%| E|CS|TAMS 0x00000007f5800000, 0x00000007f5800000| Complete 
|1008|0x00000007f6000000, 0x00000007f6800000, 0x00000007f6800000|100%| E|CS|TAMS 0x00000007f6000000, 0x00000007f6000000| Complete 
|1009|0x00000007f6800000, 0x00000007f7000000, 0x00000007f7000000|100%| E|CS|TAMS 0x00000007f6800000, 0x00000007f6800000| Complete 
|1010|0x00000007f7000000, 0x00000007f7800000, 0x00000007f7800000|100%| E|CS|TAMS 0x00000007f7000000, 0x00000007f7000000| Complete 
|1011|0x00000007f7800000, 0x00000007f8000000, 0x00000007f8000000|100%| E|CS|TAMS 0x00000007f7800000, 0x00000007f7800000| Complete 
|1012|0x00000007f8000000, 0x00000007f8800000, 0x00000007f8800000|100%| E|CS|TAMS 0x00000007f8000000, 0x00000007f8000000| Complete 
|1013|0x00000007f8800000, 0x00000007f9000000, 0x00000007f9000000|100%| E|CS|TAMS 0x00000007f8800000, 0x00000007f8800000| Complete 
|1014|0x00000007f9000000, 0x00000007f9800000, 0x00000007f9800000|100%| E|CS|TAMS 0x00000007f9000000, 0x00000007f9000000| Complete 
|1015|0x00000007f9800000, 0x00000007fa000000, 0x00000007fa000000|100%| E|CS|TAMS 0x00000007f9800000, 0x00000007f9800000| Complete 
|1016|0x00000007fa000000, 0x00000007fa800000, 0x00000007fa800000|100%| E|CS|TAMS 0x00000007fa000000, 0x00000007fa000000| Complete 
|1017|0x00000007fa800000, 0x00000007fb000000, 0x00000007fb000000|100%| E|CS|TAMS 0x00000007fa800000, 0x00000007fa800000| Complete 
|1018|0x00000007fb000000, 0x00000007fb800000, 0x00000007fb800000|100%| E|CS|TAMS 0x00000007fb000000, 0x00000007fb000000| Complete 
|1019|0x00000007fb800000, 0x00000007fc000000, 0x00000007fc000000|100%| E|CS|TAMS 0x00000007fb800000, 0x00000007fb800000| Complete 
|1020|0x00000007fc000000, 0x00000007fc800000, 0x00000007fc800000|100%| E|CS|TAMS 0x00000007fc000000, 0x00000007fc000000| Complete 
|1021|0x00000007fc800000, 0x00000007fd000000, 0x00000007fd000000|100%| E|CS|TAMS 0x00000007fc800000, 0x00000007fc800000| Complete 
|1022|0x00000007fd000000, 0x00000007fd800000, 0x00000007fd800000|100%| E|CS|TAMS 0x00000007fd000000, 0x00000007fd000000| Complete 
|1023|0x00000007fd800000, 0x00000007fe000000, 0x00000007fe000000|100%| E|CS|TAMS 0x00000007fd800000, 0x00000007fd800000| Complete 
|1024|0x00000007fe000000, 0x00000007fe800000, 0x00000007fe800000|100%| E|CS|TAMS 0x00000007fe000000, 0x00000007fe000000| Complete 
|1025|0x00000007fe800000, 0x00000007ff000000, 0x00000007ff000000|100%| E|CS|TAMS 0x00000007fe800000, 0x00000007fe800000| Complete 
|1026|0x00000007ff000000, 0x00000007ff800000, 0x00000007ff800000|100%| E|CS|TAMS 0x00000007ff000000, 0x00000007ff000000| Complete 
|1027|0x00000007ff800000, 0x0000000800000000, 0x0000000800000000|100%| E|CS|TAMS 0x00000007ff800000, 0x00000007ff800000| Complete 

Card table byte_map: [0x000001f5e6070000,0x000001f5e7080000] _byte_map_base: 0x000001f5e3080000

Marking Bits (Prev, Next): (CMBitMap*) 0x000001f5d20dfab0, (CMBitMap*) 0x000001f5d20dfaf0
 Prev Bits: [0x000001f5e8090000, 0x000001f5f0110000)
 Next Bits: [0x000001f5f0110000, 0x000001f5f8190000)

Polling page: 0x000001f5cff20000

Metaspace:

Usage:
  Non-class:    461.20 MB used.
      Class:    101.81 MB used.
       Both:    563.01 MB used.

Virtual space:
  Non-class space:      512.00 MB reserved,     462.88 MB ( 90%) committed,  8 nodes.
      Class space:        1.00 GB reserved,     103.19 MB ( 10%) committed,  1 nodes.
             Both:        1.50 GB reserved,     566.06 MB ( 37%) committed. 

Chunk freelists:
   Non-Class:  432.00 KB
       Class:  8.68 MB
        Both:  9.11 MB

MaxMetaspaceSize: unlimited
CompressedClassSpaceSize: 1.00 GB
Initial GC threshold: 21.00 MB
Current GC threshold: 943.25 MB
CDS: off
MetaspaceReclaimPolicy: balanced
 - commit_granule_bytes: 65536.
 - commit_granule_words: 8192.
 - virtual_space_node_default_size: 8388608.
 - enlarge_chunks_in_place: 1.
 - new_chunks_are_fully_committed: 0.
 - uncommit_free_chunks: 1.
 - use_allocation_guard: 0.
 - handle_deallocations: 1.


Internal statistics:

num_allocs_failed_limit: 473.
num_arena_births: 7216.
num_arena_deaths: 2094.
num_vsnodes_births: 9.
num_vsnodes_deaths: 0.
num_space_committed: 9047.
num_space_uncommitted: 0.
num_chunks_returned_to_freelist: 2961.
num_chunks_taken_from_freelist: 31990.
num_chunk_merges: 1166.
num_chunk_splits: 22087.
num_chunks_enlarged: 16302.
num_inconsistent_stats: 0.

CodeHeap 'non-profiled nmethods': size=119168Kb used=118332Kb max_used=119167Kb free=835Kb
 bounds [0x000001f5dd380000, 0x000001f5e47e0000, 0x000001f5e47e0000]
CodeHeap 'profiled nmethods': size=119104Kb used=95173Kb max_used=100592Kb free=23930Kb
 bounds [0x000001f5d57e0000, 0x000001f5dbbd0000, 0x000001f5dcc30000]
CodeHeap 'non-nmethods': size=7488Kb used=3695Kb max_used=5404Kb free=3792Kb
 bounds [0x000001f5dcc30000, 0x000001f5dd190000, 0x000001f5dd380000]
 total_blobs=69369 nmethods=65681 adapters=3589
 compilation: enabled
              stopped_count=0, restarted_count=0
 full_count=0

Compilation events (20 events):
Event: 42518.567 Thread 0x000001f5840e2c20 118716       4       mezz.jei.library.gui.ingredients.TagContentTooltipComponent::m_142069_ (10 bytes)
Event: 42518.568 Thread 0x000001f5840e2c20 nmethod 118716 0x000001f5dd524490 code [0x000001f5dd524640, 0x000001f5dd524798]
Event: 42518.568 Thread 0x000001f5840e2c20 118717       4       mezz.jei.library.gui.ingredients.TagContentTooltipComponent::m_183452_ (154 bytes)
Event: 42518.593 Thread 0x000001f5840e2c20 nmethod 118717 0x000001f5dd4e0a90 code [0x000001f5dd4e0d80, 0x000001f5dd4e23e8]
Event: 42532.226 Thread 0x000001f5840e2c20 118718       4       com.electrolyte.matc.MATCColorHandler$$Lambda$41080/0x0000000804724480::m_92671_ (6 bytes)
Event: 42532.230 Thread 0x000001f5840e2c20 nmethod 118718 0x000001f5dd5e4010 code [0x000001f5dd5e4200, 0x000001f5dd5e4508]
Event: 42539.282 Thread 0x000001f5840e2c20 118719       4       java.util.Objects::hashCode (13 bytes)
Event: 42539.283 Thread 0x000001f5840e2c20 nmethod 118719 0x000001f5dd551590 code [0x000001f5dd551700, 0x000001f5dd5517f8]
Event: 42544.364 Thread 0x000001f5840e2c20 118720       4       mezz.jei.library.recipes.InternalRecipeManagerPlugin::getRecipes (105 bytes)
Event: 42544.568 Thread 0x000001f5840e2c20 nmethod 118720 0x000001f5d65b2890 code [0x000001f5d65b30a0, 0x000001f5d65b9830]
Event: 42579.700 Thread 0x000001f5840e2c20 118721       4       java.util.Collections$UnmodifiableCollection::iterator (9 bytes)
Event: 42579.701 Thread 0x000001f5840e2c20 nmethod 118721 0x000001f5dd595e10 code [0x000001f5dd595fa0, 0x000001f5dd5961b8]
Event: 42579.701 Thread 0x000001f5840e2c20 118722       4       java.util.Collections$UnmodifiableCollection$1::<init> (26 bytes)
Event: 42579.703 Thread 0x000001f5840e2c20 nmethod 118722 0x000001f5dd7f2810 code [0x000001f5dd7f29a0, 0x000001f5dd7f2c58]
Event: 42594.805 Thread 0x000001f5840e70c0 118723       1       moze_intel.projecte.integration.jei.world_transmute.WorldTransmuteRecipeCategory::getBackground (5 bytes)
Event: 42594.805 Thread 0x000001f5840e70c0 nmethod 118723 0x000001f5dd5da690 code [0x000001f5dd5da820, 0x000001f5dd5da8f8]
Event: 42594.982 Thread 0x000001f5840e70c0 118724       1       cy.jdkdigital.productivebees.compat.jei.BlockConversionRecipeCategory::getBackground (5 bytes)
Event: 42594.983 Thread 0x000001f5840e70c0 nmethod 118724 0x000001f5dd80f010 code [0x000001f5dd80f1a0, 0x000001f5dd80f278]
Event: 42596.653 Thread 0x000001f5840e2c20 118725       4       com.smashingmods.alchemistry.client.jei.category.CombinerRecipeCategory::getIcon (29 bytes)
Event: 42596.654 Thread 0x000001f5840e2c20 nmethod 118725 0x000001f5dd54d910 code [0x000001f5dd54dac0, 0x000001f5dd54dcb8]

GC Heap History (20 events):
Event: 42503.148 GC heap before
{Heap before GC invocations=4724 (full 0):
 garbage-first heap   total 8421376K, used 7555803K [0x00000005fe000000, 0x0000000800000000)
  region size 8192K, 234 young (1916928K), 1 survivors (8192K)
 Metaspace       used 576517K, committed 579648K, reserved 1572864K
  class space    used 104255K, committed 105664K, reserved 1048576K
}
Event: 42503.151 GC heap after
{Heap after GC invocations=4725 (full 0):
 garbage-first heap   total 8421376K, used 5654960K [0x00000005fe000000, 0x0000000800000000)
  region size 8192K, 1 young (8192K), 1 survivors (8192K)
 Metaspace       used 576517K, committed 579648K, reserved 1572864K
  class space    used 104255K, committed 105664K, reserved 1048576K
}
Event: 42514.156 GC heap before
{Heap before GC invocations=4725 (full 0):
 garbage-first heap   total 8421376K, used 7563696K [0x00000005fe000000, 0x0000000800000000)
  region size 8192K, 234 young (1916928K), 1 survivors (8192K)
 Metaspace       used 576517K, committed 579648K, reserved 1572864K
  class space    used 104255K, committed 105664K, reserved 1048576K
}
Event: 42514.160 GC heap after
{Heap after GC invocations=4726 (full 0):
 garbage-first heap   total 8421376K, used 5655000K [0x00000005fe000000, 0x0000000800000000)
  region size 8192K, 1 young (8192K), 1 survivors (8192K)
 Metaspace       used 576517K, committed 579648K, reserved 1572864K
  class space    used 104255K, committed 105664K, reserved 1048576K
}
Event: 42526.608 GC heap before
{Heap before GC invocations=4727 (full 0):
 garbage-first heap   total 8421376K, used 7563736K [0x00000005fe000000, 0x0000000800000000)
  region size 8192K, 234 young (1916928K), 1 survivors (8192K)
 Metaspace       used 576517K, committed 579648K, reserved 1572864K
  class space    used 104255K, committed 105664K, reserved 1048576K
}
Event: 42526.612 GC heap after
{Heap after GC invocations=4728 (full 0):
 garbage-first heap   total 8421376K, used 5655206K [0x00000005fe000000, 0x0000000800000000)
  region size 8192K, 1 young (8192K), 1 survivors (8192K)
 Metaspace       used 576517K, committed 579648K, reserved 1572864K
  class space    used 104255K, committed 105664K, reserved 1048576K
}
Event: 42529.111 GC heap before
{Heap before GC invocations=4728 (full 0):
 garbage-first heap   total 8421376K, used 6064806K [0x00000005fe000000, 0x0000000800000000)
  region size 8192K, 51 young (417792K), 1 survivors (8192K)
 Metaspace       used 576517K, committed 579648K, reserved 1572864K
  class space    used 104255K, committed 105664K, reserved 1048576K
}
Event: 42529.123 GC heap after
{Heap after GC invocations=4729 (full 0):
 garbage-first heap   total 8421376K, used 5653639K [0x00000005fe000000, 0x0000000800000000)
  region size 8192K, 1 young (8192K), 1 survivors (8192K)
 Metaspace       used 576517K, committed 579648K, reserved 1572864K
  class space    used 104255K, committed 105664K, reserved 1048576K
}
Event: 42541.068 GC heap before
{Heap before GC invocations=4729 (full 0):
 garbage-first heap   total 8421376K, used 7562375K [0x00000005fe000000, 0x0000000800000000)
  region size 8192K, 234 young (1916928K), 1 survivors (8192K)
 Metaspace       used 576519K, committed 579648K, reserved 1572864K
  class space    used 104255K, committed 105664K, reserved 1048576K
}
Event: 42541.071 GC heap after
{Heap after GC invocations=4730 (full 0):
 garbage-first heap   total 8421376K, used 5654324K [0x00000005fe000000, 0x0000000800000000)
  region size 8192K, 1 young (8192K), 1 survivors (8192K)
 Metaspace       used 576519K, committed 579648K, reserved 1572864K
  class space    used 104255K, committed 105664K, reserved 1048576K
}
Event: 42553.292 GC heap before
{Heap before GC invocations=4730 (full 0):
 garbage-first heap   total 8421376K, used 7563060K [0x00000005fe000000, 0x0000000800000000)
  region size 8192K, 234 young (1916928K), 1 survivors (8192K)
 Metaspace       used 576519K, committed 579648K, reserved 1572864K
  class space    used 104255K, committed 105664K, reserved 1048576K
}
Event: 42553.295 GC heap after
{Heap after GC invocations=4731 (full 0):
 garbage-first heap   total 8421376K, used 5654641K [0x00000005fe000000, 0x0000000800000000)
  region size 8192K, 1 young (8192K), 1 survivors (8192K)
 Metaspace       used 576519K, committed 579648K, reserved 1572864K
  class space    used 104255K, committed 105664K, reserved 1048576K
}
Event: 42565.597 GC heap before
{Heap before GC invocations=4731 (full 0):
 garbage-first heap   total 8421376K, used 7563377K [0x00000005fe000000, 0x0000000800000000)
  region size 8192K, 234 young (1916928K), 1 survivors (8192K)
 Metaspace       used 576519K, committed 579648K, reserved 1572864K
  class space    used 104255K, committed 105664K, reserved 1048576K
}
Event: 42565.601 GC heap after
{Heap after GC invocations=4732 (full 0):
 garbage-first heap   total 8421376K, used 5654683K [0x00000005fe000000, 0x0000000800000000)
  region size 8192K, 1 young (8192K), 1 survivors (8192K)
 Metaspace       used 576519K, committed 579648K, reserved 1572864K
  class space    used 104255K, committed 105664K, reserved 1048576K
}
Event: 42578.140 GC heap before
{Heap before GC invocations=4733 (full 0):
 garbage-first heap   total 8421376K, used 7563419K [0x00000005fe000000, 0x0000000800000000)
  region size 8192K, 234 young (1916928K), 1 survivors (8192K)
 Metaspace       used 576519K, committed 579648K, reserved 1572864K
  class space    used 104255K, committed 105664K, reserved 1048576K
}
Event: 42578.144 GC heap after
{Heap after GC invocations=4734 (full 0):
 garbage-first heap   total 8421376K, used 5655336K [0x00000005fe000000, 0x0000000800000000)
  region size 8192K, 1 young (8192K), 1 survivors (8192K)
 Metaspace       used 576519K, committed 579648K, reserved 1572864K
  class space    used 104255K, committed 105664K, reserved 1048576K
}
Event: 42579.504 GC heap before
{Heap before GC invocations=4734 (full 0):
 garbage-first heap   total 8421376K, used 6064936K [0x00000005fe000000, 0x0000000800000000)
  region size 8192K, 51 young (417792K), 1 survivors (8192K)
 Metaspace       used 576519K, committed 579648K, reserved 1572864K
  class space    used 104255K, committed 105664K, reserved 1048576K
}
Event: 42579.508 GC heap after
{Heap after GC invocations=4735 (full 0):
 garbage-first heap   total 8421376K, used 5655028K [0x00000005fe000000, 0x0000000800000000)
  region size 8192K, 1 young (8192K), 1 survivors (8192K)
 Metaspace       used 576519K, committed 579648K, reserved 1572864K
  class space    used 104255K, committed 105664K, reserved 1048576K
}
Event: 42590.057 GC heap before
{Heap before GC invocations=4735 (full 0):
 garbage-first heap   total 8421376K, used 7563764K [0x00000005fe000000, 0x0000000800000000)
  region size 8192K, 234 young (1916928K), 1 survivors (8192K)
 Metaspace       used 576519K, committed 579648K, reserved 1572864K
  class space    used 104255K, committed 105664K, reserved 1048576K
}
Event: 42590.061 GC heap after
{Heap after GC invocations=4736 (full 0):
 garbage-first heap   total 8421376K, used 5655451K [0x00000005fe000000, 0x0000000800000000)
  region size 8192K, 1 young (8192K), 1 survivors (8192K)
 Metaspace       used 576519K, committed 579648K, reserved 1572864K
  class space    used 104255K, committed 105664K, reserved 1048576K
}

Dll operation events (20 events):
Event: 0.028 Loaded shared library \AppData\Local\Packages\Microsoft.4297127D64EC6_8wekyb3d8bbwe\LocalCache\Local\runtime\java-runtime-gamma\windows-x64\java-runtime-gamma\bin\jsvml.dll
Event: 0.175 Loaded shared library \AppData\Local\Packages\Microsoft.4297127D64EC6_8wekyb3d8bbwe\LocalCache\Local\runtime\java-runtime-gamma\windows-x64\java-runtime-gamma\bin\net.dll
Event: 0.177 Loaded shared library \AppData\Local\Packages\Microsoft.4297127D64EC6_8wekyb3d8bbwe\LocalCache\Local\runtime\java-runtime-gamma\windows-x64\java-runtime-gamma\bin\nio.dll
Event: 0.182 Loaded shared library \AppData\Local\Packages\Microsoft.4297127D64EC6_8wekyb3d8bbwe\LocalCache\Local\runtime\java-runtime-gamma\windows-x64\java-runtime-gamma\bin\zip.dll
Event: 0.249 Loaded shared library \AppData\Local\Packages\Microsoft.4297127D64EC6_8wekyb3d8bbwe\LocalCache\Local\runtime\java-runtime-gamma\windows-x64\java-runtime-gamma\bin\jimage.dll
Event: 0.449 Loaded shared library \AppData\Local\Packages\Microsoft.4297127D64EC6_8wekyb3d8bbwe\LocalCache\Local\runtime\java-runtime-gamma\windows-x64\java-runtime-gamma\bin\verify.dll
Event: 2.058 Loaded shared library \AppData\Local\Packages\Microsoft.4297127D64EC6_8wekyb3d8bbwe\LocalCache\Local\runtime\java-runtime-gamma\windows-x64\java-runtime-gamma\bin\management.dll
Event: 2.061 Loaded shared library \AppData\Local\Packages\Microsoft.4297127D64EC6_8wekyb3d8bbwe\LocalCache\Local\runtime\java-runtime-gamma\windows-x64\java-runtime-gamma\bin\management_ext.dll
Event: 25.767 Loaded shared library \curseforge\minecraft\Install\bin\178ee3d7263ae10f25489af5e12d0e01cc1bf58c\lwjgl.dll
Event: 26.476 Loaded shared library \curseforge\minecraft\Install\bin\178ee3d7263ae10f25489af5e12d0e01cc1bf58c\lwjgl_stb.dll
Event: 26.620 Loaded shared library \curseforge\minecraft\Install\bin\178ee3d7263ae10f25489af5e12d0e01cc1bf58c\lwjgl_opengl.dll
Event: 62.852 Loaded shared library \curseforge\minecraft\Install\bin\178ee3d7263ae10f25489af5e12d0e01cc1bf58c\jna501791805533651533.dll
Event: 80.567 Loaded shared library \AppData\Local\Packages\Microsoft.4297127D64EC6_8wekyb3d8bbwe\LocalCache\Local\runtime\java-runtime-gamma\windows-x64\java-runtime-gamma\bin\sunmscapi.dll
Event: 126.639 Loaded shared library \AppData\Local\Packages\Microsoft.4297127D64EC6_8wekyb3d8bbwe\LocalCache\Local\runtime\java-runtime-gamma\windows-x64\java-runtime-gamma\bin\awt.dll
Event: 161.714 Loaded shared library \curseforge\minecraft\Instances\All the Mods 9 - To the Sky - atm9sky\mods\mcef-libraries\windows_amd64\d3dcompiler_47.dll
Event: 162.046 Loaded shared library \curseforge\minecraft\Instances\All the Mods 9 - To the Sky - atm9sky\mods\mcef-libraries\windows_amd64\libGLESv2.dll
Event: 162.092 Loaded shared library \curseforge\minecraft\Instances\All the Mods 9 - To the Sky - atm9sky\mods\mcef-libraries\windows_amd64\libEGL.dll
Event: 162.106 Loaded shared library \curseforge\minecraft\Instances\All the Mods 9 - To the Sky - atm9sky\mods\mcef-libraries\windows_amd64\chrome_elf.dll
Event: 162.170 Loaded shared library \curseforge\minecraft\Instances\All the Mods 9 - To the Sky - atm9sky\mods\mcef-libraries\windows_amd64\libcef.dll
Event: 162.217 Loaded shared library \curseforge\minecraft\Instances\All the Mods 9 - To the Sky - atm9sky\mods\mcef-libraries\windows_amd64\jcef.dll

Deoptimization events (20 events):
Event: 42456.157 Thread 0x000001f5d2056d20 Uncommon trap: trap_request=0xffffff45 fr.pc=0x000001f5dd42aebc relative=0x00000000000001dc
Event: 42456.157 Thread 0x000001f5d2056d20 Uncommon trap: reason=unstable_if action=reinterpret pc=0x000001f5dd42aebc method=com.blakebr0.cucumber.helper.ColorHelper.hsbToRGB(FFF)I @ 89 c2
Event: 42456.157 Thread 0x000001f5d2056d20 DEOPT PACKING pc=0x000001f5dd42aebc sp=0x0000006e864fda50
Event: 42456.157 Thread 0x000001f5d2056d20 DEOPT UNPACKING pc=0x000001f5dcc869a3 sp=0x0000006e864fd9b0 mode 2
Event: 42473.893 Thread 0x000001f58b9d08b0 Uncommon trap: trap_request=0xffffffc6 fr.pc=0x000001f5d934f6d8 relative=0x00000000000002d8
Event: 42473.893 Thread 0x000001f58b9d08b0 Uncommon trap: reason=bimorphic_or_optimized_type_check action=maybe_recompile pc=0x000001f5d934f6d8 method=cy.jdkdigital.productivebees.common.recipe.ConfigurableCombBlockRecipe.matches(Lnet/minecraft/world/inventory/CraftingContainer;Lnet/minecraft/worl
Event: 42473.893 Thread 0x000001f58b9d08b0 DEOPT PACKING pc=0x000001f5d934f6d8 sp=0x0000006e907fefa0
Event: 42473.893 Thread 0x000001f58b9d08b0 DEOPT UNPACKING pc=0x000001f5dcc869a3 sp=0x0000006e907feed8 mode 2
Event: 42473.920 Thread 0x000001f76cd06f90 Uncommon trap: trap_request=0xffffffc6 fr.pc=0x000001f5d934f6d8 relative=0x00000000000002d8
Event: 42473.920 Thread 0x000001f76cd06f90 Uncommon trap: reason=bimorphic_or_optimized_type_check action=maybe_recompile pc=0x000001f5d934f6d8 method=cy.jdkdigital.productivebees.common.recipe.ConfigurableCombBlockRecipe.matches(Lnet/minecraft/world/inventory/CraftingContainer;Lnet/minecraft/worl
Event: 42473.920 Thread 0x000001f76cd06f90 DEOPT PACKING pc=0x000001f5d934f6d8 sp=0x0000006e8f5ff480
Event: 42473.920 Thread 0x000001f76cd06f90 DEOPT UNPACKING pc=0x000001f5dcc869a3 sp=0x0000006e8f5ff3b8 mode 2
Event: 42473.942 Thread 0x000001f58b9d08b0 Uncommon trap: trap_request=0xffffffc6 fr.pc=0x000001f5d934f6d8 relative=0x00000000000002d8
Event: 42473.942 Thread 0x000001f58b9d08b0 Uncommon trap: reason=bimorphic_or_optimized_type_check action=maybe_recompile pc=0x000001f5d934f6d8 method=cy.jdkdigital.productivebees.common.recipe.ConfigurableCombBlockRecipe.matches(Lnet/minecraft/world/inventory/CraftingContainer;Lnet/minecraft/worl
Event: 42473.942 Thread 0x000001f58b9d08b0 DEOPT PACKING pc=0x000001f5d934f6d8 sp=0x0000006e907fefa0
Event: 42473.942 Thread 0x000001f58b9d08b0 DEOPT UNPACKING pc=0x000001f5dcc869a3 sp=0x0000006e907feed8 mode 2
Event: 42473.972 Thread 0x000001f68e6e2450 Uncommon trap: trap_request=0xffffffc6 fr.pc=0x000001f5d934f6d8 relative=0x00000000000002d8
Event: 42473.972 Thread 0x000001f68e6e2450 Uncommon trap: reason=bimorphic_or_optimized_type_check action=maybe_recompile pc=0x000001f5d934f6d8 method=cy.jdkdigital.productivebees.common.recipe.ConfigurableCombBlockRecipe.matches(Lnet/minecraft/world/inventory/CraftingContainer;Lnet/minecraft/worl
Event: 42473.972 Thread 0x000001f68e6e2450 DEOPT PACKING pc=0x000001f5d934f6d8 sp=0x0000006e901fefb0
Event: 42473.972 Thread 0x000001f68e6e2450 DEOPT UNPACKING pc=0x000001f5dcc869a3 sp=0x0000006e901feee8 mode 2

Classes unloaded (20 events):
Event: 41913.757 Thread 0x000001f5840128f0 Unloading class 0x00000008001be400 'java/lang/invoke/LambdaForm$MH+0x00000008001be400'
Event: 41913.757 Thread 0x000001f5840128f0 Unloading class 0x00000008066ec000 'java/lang/invoke/LambdaForm$MH+0x00000008066ec000'
Event: 41913.757 Thread 0x000001f5840128f0 Unloading class 0x00000008066fac00 'java/lang/invoke/LambdaForm$MH+0x00000008066fac00'
Event: 42071.629 Thread 0x000001f5840128f0 Unloading class 0x000000080670ac00 'java/lang/invoke/LambdaForm$MH+0x000000080670ac00'
Event: 42071.629 Thread 0x000001f5840128f0 Unloading class 0x000000080670a800 'java/lang/invoke/LambdaForm$MH+0x000000080670a800'
Event: 42071.629 Thread 0x000001f5840128f0 Unloading class 0x000000080670a400 'java/lang/invoke/LambdaForm$MH+0x000000080670a400'
Event: 42071.629 Thread 0x000001f5840128f0 Unloading class 0x000000080670a000 'java/lang/invoke/LambdaForm$MH+0x000000080670a000'
Event: 42071.629 Thread 0x000001f5840128f0 Unloading class 0x0000000806709c00 'java/lang/invoke/LambdaForm$MH+0x0000000806709c00'
Event: 42071.629 Thread 0x000001f5840128f0 Unloading class 0x0000000806709800 'java/lang/invoke/LambdaForm$MH+0x0000000806709800'
Event: 42071.629 Thread 0x000001f5840128f0 Unloading class 0x0000000806709400 'java/lang/invoke/LambdaForm$MH+0x0000000806709400'
Event: 42071.629 Thread 0x000001f5840128f0 Unloading class 0x0000000806709000 'java/lang/invoke/LambdaForm$MH+0x0000000806709000'
Event: 42071.629 Thread 0x000001f5840128f0 Unloading class 0x0000000806708c00 'java/lang/invoke/LambdaForm$MH+0x0000000806708c00'
Event: 42071.629 Thread 0x000001f5840128f0 Unloading class 0x0000000806708800 'java/lang/invoke/LambdaForm$MH+0x0000000806708800'
Event: 42143.951 Thread 0x000001f5840128f0 Unloading class 0x0000000806719400 'java/lang/invoke/LambdaForm$MH+0x0000000806719400'
Event: 42143.951 Thread 0x000001f5840128f0 Unloading class 0x0000000806719000 'java/lang/invoke/LambdaForm$MH+0x0000000806719000'
Event: 42143.951 Thread 0x000001f5840128f0 Unloading class 0x0000000806718c00 'java/lang/invoke/LambdaForm$MH+0x0000000806718c00'
Event: 42143.951 Thread 0x000001f5840128f0 Unloading class 0x0000000806718800 'java/lang/invoke/LambdaForm$MH+0x0000000806718800'
Event: 42143.951 Thread 0x000001f5840128f0 Unloading class 0x0000000806718400 'java/lang/invoke/LambdaForm$MH+0x0000000806718400'
Event: 42143.951 Thread 0x000001f5840128f0 Unloading class 0x0000000806706000 'java/lang/invoke/LambdaForm$MH+0x0000000806706000'
Event: 42143.951 Thread 0x000001f5840128f0 Unloading class 0x0000000806705c00 'java/lang/invoke/LambdaForm$MH+0x0000000806705c00'

Classes redefined (0 events):
No events

Internal exceptions (20 events):
Event: 42202.693 Thread 0x000001f5bda157e0 Exception <a 'sun/nio/fs/WindowsException'{0x00000007dba41018}> (0x00000007dba41018) 
thrown [s\src\hotspot\share\prims\jni.cpp, line 516]
Event: 42221.745 Thread 0x000001f5d2056d20 Implicit null exception at 0x000001f5dd430059 to 0x000001f5dd4301d0
Event: 42221.746 Thread 0x000001f5d2056d20 Implicit null exception at 0x000001f5dd42f90b to 0x000001f5dd42fa74
Event: 42262.589 Thread 0x000001f5bda157e0 Exception <a 'sun/nio/fs/WindowsException'{0x00000007ebfaec28}> (0x00000007ebfaec28) 
thrown [s\src\hotspot\share\prims\jni.cpp, line 516]
Event: 42322.600 Thread 0x000001f5bda157e0 Exception <a 'sun/nio/fs/WindowsException'{0x00000007f748b260}> (0x00000007f748b260) 
thrown [s\src\hotspot\share\prims\jni.cpp, line 516]
Event: 42379.251 Thread 0x000001f69158b8e0 Implicit null exception at 0x000001f5df5a207b to 0x000001f5df5a2428
Event: 42379.252 Thread 0x000001f58b9cfe90 Implicit null exception at 0x000001f5df5a207b to 0x000001f5df5a2428
Event: 42379.252 Thread 0x000001f6cfe303f0 Implicit null exception at 0x000001f5df5a207b to 0x000001f5df5a2428
Event: 42379.252 Thread 0x000001f76cd074a0 Implicit null exception at 0x000001f5df5a207b to 0x000001f5df5a2428
Event: 42379.252 Thread 0x000001f6cfe2e080 Implicit null exception at 0x000001f5df5a207b to 0x000001f5df5a2428
Event: 42382.605 Thread 0x000001f5bda157e0 Exception <a 'sun/nio/fs/WindowsException'{0x00000007c9081b28}> (0x00000007c9081b28) 
thrown [s\src\hotspot\share\prims\jni.cpp, line 516]
Event: 42382.654 Thread 0x000001f5bda157e0 Exception <a 'sun/nio/fs/WindowsException'{0x00000007c81cba48}> (0x00000007c81cba48) 
thrown [s\src\hotspot\share\prims\jni.cpp, line 516]
Event: 42382.700 Thread 0x000001f5bda157e0 Exception <a 'sun/nio/fs/WindowsException'{0x00000007c70b6f28}> (0x00000007c70b6f28) 
thrown [s\src\hotspot\share\prims\jni.cpp, line 516]
Event: 42387.051 Thread 0x000001f5d2056d20 Exception <a 'sun/nio/fs/WindowsException'{0x00000007ac2ac0a0}> (0x00000007ac2ac0a0) 
thrown [s\src\hotspot\share\prims\jni.cpp, line 516]
Event: 42442.590 Thread 0x000001f5bda157e0 Exception <a 'sun/nio/fs/WindowsException'{0x00000007939489f0}> (0x00000007939489f0) 
thrown [s\src\hotspot\share\prims\jni.cpp, line 516]
Event: 42502.602 Thread 0x000001f5bda157e0 Exception <a 'sun/nio/fs/WindowsException'{0x00000007966268e8}> (0x00000007966268e8) 
thrown [s\src\hotspot\share\prims\jni.cpp, line 516]
Event: 42502.652 Thread 0x000001f5bda157e0 Exception <a 'sun/nio/fs/WindowsException'{0x0000000794e322e0}> (0x0000000794e322e0) 
thrown [s\src\hotspot\share\prims\jni.cpp, line 516]
Event: 42512.730 Thread 0x000001f5d2056d20 Exception <a 'sun/nio/fs/WindowsException'{0x0000000798d618a8}> (0x0000000798d618a8) 
thrown [s\src\hotspot\share\prims\jni.cpp, line 516]
Event: 42558.424 Thread 0x000001f5d2056d20 Exception <a 'sun/nio/fs/WindowsException'{0x00000007ce256930}> (0x00000007ce256930) 
thrown [s\src\hotspot\share\prims\jni.cpp, line 516]
Event: 42564.876 Thread 0x000001f5d2056d20 Exception <a 'sun/nio/fs/WindowsException'{0x0000000792041158}> (0x0000000792041158) 
thrown [s\src\hotspot\share\prims\jni.cpp, line 516]

VM Operations (20 events):
Event: 42555.295 Executing VM operation: Cleanup
Event: 42555.295 Executing VM operation: Cleanup done
Event: 42565.597 Executing VM operation: G1CollectForAllocation
Event: 42565.601 Executing VM operation: G1CollectForAllocation done
Event: 42567.602 Executing VM operation: Cleanup
Event: 42567.602 Executing VM operation: Cleanup done
Event: 42567.760 Executing VM operation: G1PauseRemark
Event: 42567.780 Executing VM operation: G1PauseRemark done
Event: 42568.773 Executing VM operation: G1PauseCleanup
Event: 42568.773 Executing VM operation: G1PauseCleanup done
Event: 42569.893 Executing VM operation: HandshakeAllThreads
Event: 42569.893 Executing VM operation: HandshakeAllThreads done
Event: 42573.894 Executing VM operation: Cleanup
Event: 42573.894 Executing VM operation: Cleanup done
Event: 42578.140 Executing VM operation: G1CollectForAllocation
Event: 42578.144 Executing VM operation: G1CollectForAllocation done
Event: 42579.503 Executing VM operation: G1CollectForAllocation
Event: 42579.509 Executing VM operation: G1CollectForAllocation done
Event: 42590.057 Executing VM operation: G1CollectForAllocation
Event: 42590.061 Executing VM operation: G1CollectForAllocation done

Events (20 events):
Event: 42602.081 Thread 0x000001f5bfa0af90 Thread added: 0x000001f5bfa0af90
Event: 42602.081 Thread 0x000001f5bfa0af90 Thread exited: 0x000001f5bfa0af90
Event: 42602.114 Thread 0x000001f5bcbb34b0 Thread added: 0x000001f5bcbb34b0
Event: 42602.114 Thread 0x000001f5bcbb34b0 Thread exited: 0x000001f5bcbb34b0
Event: 42602.160 Thread 0x000001f5bfa0a570 Thread added: 0x000001f5bfa0a570
Event: 42602.160 Thread 0x000001f5bfa0a570 Thread exited: 0x000001f5bfa0a570
Event: 42602.181 Thread 0x000001f5bcbb34b0 Thread added: 0x000001f5bcbb34b0
Event: 42602.181 Thread 0x000001f5bcbb34b0 Thread exited: 0x000001f5bcbb34b0
Event: 42602.216 Thread 0x000001f5bcbb39c0 Thread added: 0x000001f5bcbb39c0
Event: 42602.216 Thread 0x000001f5bcbb39c0 Thread exited: 0x000001f5bcbb39c0
Event: 42602.291 Thread 0x000001f5bfa0bec0 Thread added: 0x000001f5bfa0bec0
Event: 42602.291 Thread 0x000001f5bfa0bec0 Thread exited: 0x000001f5bfa0bec0
Event: 42602.315 Thread 0x000001f5bcbb39c0 Thread added: 0x000001f5bcbb39c0
Event: 42602.315 Thread 0x000001f5bcbb39c0 Thread exited: 0x000001f5bcbb39c0
Event: 42602.373 Thread 0x000001f5bfa0a570 Thread added: 0x000001f5bfa0a570
Event: 42602.373 Thread 0x000001f5bfa0a570 Thread exited: 0x000001f5bfa0a570
Event: 42602.383 Thread 0x000001f5bcbb2a90 Thread added: 0x000001f5bcbb2a90
Event: 42602.384 Thread 0x000001f5bcbb2a90 Thread exited: 0x000001f5bcbb2a90
Event: 42602.421 Thread 0x000001f5bcbb2a90 Thread added: 0x000001f5bcbb2a90
Event: 42602.421 Thread 0x000001f5bcbb2a90 Thread exited: 0x000001f5bcbb2a90


Dynamic libraries:
0x00007ff690580000 - 0x00007ff69058e000 	\AppData\Local\Packages\Microsoft.4297127D64EC6_8wekyb3d8bbwe\LocalCache\Local\runtime\java-runtime-gamma\windows-x64\java-runtime-gamma\bin\javaw.exe
0x00007ffd1afe0000 - 0x00007ffd1b243000 	C:\WINDOWS\SYSTEM32\ntdll.dll
0x00007ffd19680000 - 0x00007ffd19747000 	C:\WINDOWS\System32\KERNEL32.DLL
0x00007ffd188a0000 - 0x00007ffd18c67000 	C:\WINDOWS\System32\KERNELBASE.dll
0x00007ffd18410000 - 0x00007ffd1855c000 	C:\WINDOWS\System32\ucrtbase.dll
0x00007ffc8eb60000 - 0x00007ffc8eb7b000 	\AppData\Local\Packages\Microsoft.4297127D64EC6_8wekyb3d8bbwe\LocalCache\Local\runtime\java-runtime-gamma\windows-x64\java-runtime-gamma\bin\VCRUNTIME140.dll
0x00007ffc8eb40000 - 0x00007ffc8eb57000 	\AppData\Local\Packages\Microsoft.4297127D64EC6_8wekyb3d8bbwe\LocalCache\Local\runtime\java-runtime-gamma\windows-x64\java-runtime-gamma\bin\jli.dll
0x00007ffd19b50000 - 0x00007ffd19d19000 	C:\WINDOWS\System32\USER32.dll
0x00007ffd08ec0000 - 0x00007ffd09150000 	C:\WINDOWS\WinSxS\amd64_microsoft.windows.common-controls_6595b64144ccf1df_6.0.26100.3037_none_3e09262ce333c378\COMCTL32.dll
0x00007ffd18df0000 - 0x00007ffd18e17000 	C:\WINDOWS\System32\win32u.dll
0x00007ffd195d0000 - 0x00007ffd19679000 	C:\WINDOWS\System32\msvcrt.dll
0x00007ffd19080000 - 0x00007ffd190aa000 	C:\WINDOWS\System32\GDI32.dll
0x00007ffd186b0000 - 0x00007ffd187db000 	C:\WINDOWS\System32\gdi32full.dll
0x00007ffd18600000 - 0x00007ffd186a3000 	C:\WINDOWS\System32\msvcp_win.dll
0x00007ffd19a90000 - 0x00007ffd19abf000 	C:\WINDOWS\System32\IMM32.DLL
0x00007ffd00720000 - 0x00007ffd0072c000 	\AppData\Local\Packages\Microsoft.4297127D64EC6_8wekyb3d8bbwe\LocalCache\Local\runtime\java-runtime-gamma\windows-x64\java-runtime-gamma\bin\vcruntime140_1.dll
0x00007ffc8eab0000 - 0x00007ffc8eb3d000 	\AppData\Local\Packages\Microsoft.4297127D64EC6_8wekyb3d8bbwe\LocalCache\Local\runtime\java-runtime-gamma\windows-x64\java-runtime-gamma\bin\msvcp140.dll
0x00007ffc8dd90000 - 0x00007ffc8e9f5000 	\AppData\Local\Packages\Microsoft.4297127D64EC6_8wekyb3d8bbwe\LocalCache\Local\runtime\java-runtime-gamma\windows-x64\java-runtime-gamma\bin\server\jvm.dll
0x00007ffd194a0000 - 0x00007ffd19554000 	C:\WINDOWS\System32\ADVAPI32.dll
0x00007ffd1ad20000 - 0x00007ffd1adc6000 	C:\WINDOWS\System32\sechost.dll
0x00007ffd19240000 - 0x00007ffd19356000 	C:\WINDOWS\System32\RPCRT4.dll
0x00007ffd16fe0000 - 0x00007ffd1702e000 	C:\WINDOWS\SYSTEM32\POWRPROF.dll
0x00007ffd0c600000 - 0x00007ffd0c636000 	C:\WINDOWS\SYSTEM32\WINMM.dll
0x00007ffcfab10000 - 0x00007ffcfab1a000 	C:\WINDOWS\SYSTEM32\WSOCK32.dll
0x00007ffd0beb0000 - 0x00007ffd0bebb000 	C:\WINDOWS\SYSTEM32\VERSION.dll
0x00007ffd19ad0000 - 0x00007ffd19b44000 	C:\WINDOWS\System32\WS2_32.dll
0x00007ffd16fc0000 - 0x00007ffd16fd4000 	C:\WINDOWS\SYSTEM32\UMPDC.dll
0x00007ffd17280000 - 0x00007ffd1729a000 	C:\WINDOWS\SYSTEM32\kernel.appcore.dll
0x00007ffcfe430000 - 0x00007ffcfe43a000 	\AppData\Local\Packages\Microsoft.4297127D64EC6_8wekyb3d8bbwe\LocalCache\Local\runtime\java-runtime-gamma\windows-x64\java-runtime-gamma\bin\jimage.dll
0x00007ffd157a0000 - 0x00007ffd159e1000 	C:\WINDOWS\SYSTEM32\DBGHELP.DLL
0x00007ffd1a990000 - 0x00007ffd1ad0e000 	C:\WINDOWS\System32\combase.dll
0x00007ffd190b0000 - 0x00007ffd19186000 	C:\WINDOWS\System32\OLEAUT32.dll
0x00007ffcfafe0000 - 0x00007ffcfb019000 	C:\WINDOWS\SYSTEM32\dbgcore.DLL
0x00007ffd18560000 - 0x00007ffd185f9000 	C:\WINDOWS\System32\bcryptPrimitives.dll
0x00007ffc8ea80000 - 0x00007ffc8eaa5000 	\AppData\Local\Packages\Microsoft.4297127D64EC6_8wekyb3d8bbwe\LocalCache\Local\runtime\java-runtime-gamma\windows-x64\java-runtime-gamma\bin\java.dll
0x00007ffc8ea60000 - 0x00007ffc8ea78000 	\AppData\Local\Packages\Microsoft.4297127D64EC6_8wekyb3d8bbwe\LocalCache\Local\runtime\java-runtime-gamma\windows-x64\java-runtime-gamma\bin\zip.dll
0x00007ffc8dcb0000 - 0x00007ffc8dd87000 	\AppData\Local\Packages\Microsoft.4297127D64EC6_8wekyb3d8bbwe\LocalCache\Local\runtime\java-runtime-gamma\windows-x64\java-runtime-gamma\bin\jsvml.dll
0x00007ffd19de0000 - 0x00007ffd1a4e4000 	C:\WINDOWS\System32\SHELL32.dll
0x00007ffd16060000 - 0x00007ffd16897000 	C:\WINDOWS\SYSTEM32\windows.storage.dll
0x00007ffd19360000 - 0x00007ffd19449000 	C:\WINDOWS\System32\SHCORE.dll
0x00007ffd19560000 - 0x00007ffd195bd000 	C:\WINDOWS\System32\shlwapi.dll
0x00007ffd18290000 - 0x00007ffd182be000 	C:\WINDOWS\SYSTEM32\profapi.dll
0x00007ffd01d70000 - 0x00007ffd01d89000 	\AppData\Local\Packages\Microsoft.4297127D64EC6_8wekyb3d8bbwe\LocalCache\Local\runtime\java-runtime-gamma\windows-x64\java-runtime-gamma\bin\net.dll
0x00007ffd127f0000 - 0x00007ffd1290e000 	C:\WINDOWS\SYSTEM32\WINHTTP.dll
0x00007ffd17770000 - 0x00007ffd177da000 	C:\WINDOWS\system32\mswsock.dll
0x00007ffcb9fc0000 - 0x00007ffcb9fd6000 	\AppData\Local\Packages\Microsoft.4297127D64EC6_8wekyb3d8bbwe\LocalCache\Local\runtime\java-runtime-gamma\windows-x64\java-runtime-gamma\bin\nio.dll
0x00007ffd01d60000 - 0x00007ffd01d70000 	\AppData\Local\Packages\Microsoft.4297127D64EC6_8wekyb3d8bbwe\LocalCache\Local\runtime\java-runtime-gamma\windows-x64\java-runtime-gamma\bin\verify.dll
0x00007ffcfe2c0000 - 0x00007ffcfe2c9000 	\AppData\Local\Packages\Microsoft.4297127D64EC6_8wekyb3d8bbwe\LocalCache\Local\runtime\java-runtime-gamma\windows-x64\java-runtime-gamma\bin\management.dll
0x00007ffcf73e0000 - 0x00007ffcf73eb000 	\AppData\Local\Packages\Microsoft.4297127D64EC6_8wekyb3d8bbwe\LocalCache\Local\runtime\java-runtime-gamma\windows-x64\java-runtime-gamma\bin\management_ext.dll
0x00007ffd1a4f0000 - 0x00007ffd1a4f8000 	C:\WINDOWS\System32\PSAPI.DLL
0x00007ffcfaa30000 - 0x00007ffcfaa48000 	C:\WINDOWS\system32\napinsp.dll
0x00007ffd16da0000 - 0x00007ffd16ec5000 	C:\WINDOWS\SYSTEM32\DNSAPI.dll
0x00007ffd16d60000 - 0x00007ffd16d92000 	C:\WINDOWS\SYSTEM32\IPHLPAPI.DLL
0x00007ffd195c0000 - 0x00007ffd195ca000 	C:\WINDOWS\System32\NSI.dll
0x00007ffcfa9e0000 - 0x00007ffcfa9f2000 	C:\WINDOWS\System32\winrnr.dll
0x00007ffceec50000 - 0x00007ffceec72000 	C:\WINDOWS\system32\nlansp_c.dll
0x00007ffce5c10000 - 0x00007ffce5c26000 	C:\WINDOWS\system32\wshbth.dll
0x00007ffd11840000 - 0x00007ffd1184b000 	C:\Windows\System32\rasadhlp.dll
0x00007ffd12c90000 - 0x00007ffd12d15000 	C:\WINDOWS\System32\fwpuclnt.dll
0x00007ffd006a0000 - 0x00007ffd00715000 	\curseforge\minecraft\Install\bin\178ee3d7263ae10f25489af5e12d0e01cc1bf58c\lwjgl.dll
0x00007ffcfe3b0000 - 0x00007ffcfe411000 	\curseforge\minecraft\Install\bin\178ee3d7263ae10f25489af5e12d0e01cc1bf58c\glfw.dll
0x00007ffcd8970000 - 0x00007ffcd89bb000 	C:\WINDOWS\SYSTEM32\dinput8.dll
0x00007ffd0c750000 - 0x00007ffd0c762000 	C:\WINDOWS\SYSTEM32\xinput1_4.dll
0x00007ffd17fd0000 - 0x00007ffd1802f000 	C:\WINDOWS\SYSTEM32\cfgmgr32.dll
0x00007ffd17fa0000 - 0x00007ffd17fcd000 	C:\WINDOWS\SYSTEM32\DEVOBJ.dll
0x00007ffd147f0000 - 0x00007ffd1481e000 	C:\WINDOWS\SYSTEM32\dwmapi.dll
0x00007ffd00450000 - 0x00007ffd0062e000 	C:\WINDOWS\SYSTEM32\inputhost.dll
0x00007ffd140a0000 - 0x00007ffd141c6000 	C:\WINDOWS\SYSTEM32\CoreMessaging.dll
0x00007ffd14670000 - 0x00007ffd1471d000 	C:\WINDOWS\system32\uxtheme.dll
0x00007ffd179a0000 - 0x00007ffd179ac000 	C:\WINDOWS\SYSTEM32\CRYPTBASE.DLL
0x00007ffd19830000 - 0x00007ffd1998c000 	C:\WINDOWS\System32\MSCTF.dll
0x00007ffcd35d0000 - 0x00007ffcd36dc000 	C:\WINDOWS\SYSTEM32\opengl32.dll
0x00007ffcd5de0000 - 0x00007ffcd5e0d000 	C:\WINDOWS\SYSTEM32\GLU32.dll
0x00007ffd14c00000 - 0x00007ffd14c47000 	C:\WINDOWS\SYSTEM32\dxcore.dll
0x00007ffd15be0000 - 0x00007ffd15c3c000 	C:\WINDOWS\SYSTEM32\directxdatabasehelper.dll
0x00007ffd01ac0000 - 0x00007ffd01ada000 	C:\WINDOWS\SYSTEM32\windows.staterepositorycore.dll
0x00007ffc7f540000 - 0x00007ffc81b78000 	C:\WINDOWS\System32\DriverStore\FileRepository\nvami.inf_amd64_60e995a01594d69e\nvoglv64.dll
0x00007ffd1a500000 - 0x00007ffd1a986000 	C:\WINDOWS\System32\SETUPAPI.dll
0x00007ffd18ee0000 - 0x00007ffd19075000 	C:\WINDOWS\System32\ole32.dll
0x00007ffd145a0000 - 0x00007ffd145b6000 	C:\WINDOWS\SYSTEM32\WTSAPI32.dll
0x00007ffd17b10000 - 0x00007ffd17b23000 	C:\WINDOWS\SYSTEM32\msasn1.dll
0x00007ffd0a140000 - 0x00007ffd0a17b000 	C:\WINDOWS\SYSTEM32\cryptnet.dll
0x00007ffd18c70000 - 0x00007ffd18de6000 	C:\WINDOWS\System32\CRYPT32.dll
0x00007ffd17a40000 - 0x00007ffd17a9d000 	C:\WINDOWS\SYSTEM32\wldp.dll
0x00007ffd09f60000 - 0x00007ffd0a0d9000 	C:\WINDOWS\SYSTEM32\drvstore.dll
0x00007ffd18380000 - 0x00007ffd183ff000 	C:\WINDOWS\System32\WINTRUST.dll
0x00007ffd173a0000 - 0x00007ffd173d5000 	C:\WINDOWS\SYSTEM32\ntmarta.dll
0x00007ffd19db0000 - 0x00007ffd19dd0000 	C:\WINDOWS\System32\imagehlp.dll
0x00007ffd17ab0000 - 0x00007ffd17acc000 	C:\WINDOWS\SYSTEM32\CRYPTSP.dll
0x00007ffd171e0000 - 0x00007ffd17218000 	C:\WINDOWS\system32\rsaenh.dll
0x00007ffd17c40000 - 0x00007ffd17c66000 	C:\WINDOWS\SYSTEM32\bcrypt.dll
0x00007ffc81b80000 - 0x00007ffc84890000 	C:\WINDOWS\System32\DriverStore\FileRepository\nvami.inf_amd64_60e995a01594d69e\nvgpucomp64.dll
0x00007ffcb35e0000 - 0x00007ffcb38e4000 	C:\WINDOWS\system32\nvspcap64.dll
0x00007ffd16c10000 - 0x00007ffd16c70000 	C:\WINDOWS\SYSTEM32\WINSTA.dll
0x00007ffd15eb0000 - 0x00007ffd15fdc000 	C:\WINDOWS\system32\dxgi.dll
0x00007ffd15c40000 - 0x00007ffd15e9e000 	C:\WINDOWS\system32\d3d11.dll
0x00007ffc76880000 - 0x00007ffc76944000 	C:\WINDOWS\System32\DriverStore\FileRepository\nvami.inf_amd64_60e995a01594d69e\nvldumdx.dll
0x00007ffc5a4c0000 - 0x00007ffc5e93d000 	C:\WINDOWS\System32\DriverStore\FileRepository\nvami.inf_amd64_60e995a01594d69e\nvwgf2umx.dll
0x00007ffcd8ee0000 - 0x00007ffcd9035000 	C:\WINDOWS\System32\DriverStore\FileRepository\nvami.inf_amd64_60e995a01594d69e\nvppex.dll
0x00007ffd059f0000 - 0x00007ffd060e9000 	C:\WINDOWS\SYSTEM32\nvapi64.dll
0x00007ffd0cb70000 - 0x00007ffd109f0000 	C:\WINDOWS\System32\DriverStore\FileRepository\u0407959.inf_amd64_44b45732b02a83bf\B406653\amdxx64.dll
0x00007ffd0b190000 - 0x00007ffd0b1b3000 	C:\WINDOWS\system32\atidxx64.dll
0x00007ffd143f0000 - 0x00007ffd1448c000 	C:\WINDOWS\SYSTEM32\apphelp.dll
0x00000000621c0000 - 0x0000000062315000 	C:\WINDOWS\System32\DriverStore\FileRepository\u0407959.inf_amd64_44b45732b02a83bf\B406653\amdenc64.dll
0x00007ffd0b0c0000 - 0x00007ffd0b0f7000 	C:\WINDOWS\System32\DriverStore\FileRepository\u0407959.inf_amd64_44b45732b02a83bf\B406653\amdihk64.dll
0x00007ffd13a00000 - 0x00007ffd13c25000 	C:\WINDOWS\SYSTEM32\dcomp.dll
0x00007ffd13890000 - 0x00007ffd138a9000 	C:\WINDOWS\SYSTEM32\Microsoft.Internal.WarpPal.dll
0x00007ffcec9b0000 - 0x00007ffcecc09000 	\curseforge\minecraft\Install\bin\178ee3d7263ae10f25489af5e12d0e01cc1bf58c\jemalloc.dll
0x00007ffcfe320000 - 0x00007ffcfe3a1000 	\curseforge\minecraft\Install\bin\178ee3d7263ae10f25489af5e12d0e01cc1bf58c\lwjgl_stb.dll
0x00007ffd020d0000 - 0x00007ffd02216000 	C:\WINDOWS\SYSTEM32\textinputframework.dll
0x00007ffcf7060000 - 0x00007ffcf70bd000 	\curseforge\minecraft\Install\bin\178ee3d7263ae10f25489af5e12d0e01cc1bf58c\lwjgl_opengl.dll
0x00007ffd17810000 - 0x00007ffd1783b000 	C:\WINDOWS\SYSTEM32\USERENV.dll
0x00007ffd129e0000 - 0x00007ffd129ff000 	C:\WINDOWS\SYSTEM32\dhcpcsvc6.DLL
0x00007ffd12940000 - 0x00007ffd12965000 	C:\WINDOWS\SYSTEM32\dhcpcsvc.DLL
0x00007ffd05350000 - 0x00007ffd05390000 	\curseforge\minecraft\Install\bin\178ee3d7263ae10f25489af5e12d0e01cc1bf58c\jna501791805533651533.dll
0x00007ffd18e30000 - 0x00007ffd18ed8000 	C:\WINDOWS\System32\clbcatq.dll
0x00007ffce3300000 - 0x00007ffce331d000 	C:\WINDOWS\SYSTEM32\amsi.dll
0x00007ffce3270000 - 0x00007ffce32f3000 	C:\ProgramData\Microsoft\Windows Defender\Platform\4.18.24090.11-0\MpOav.dll
0x00007ffd03800000 - 0x00007ffd03856000 	C:\WINDOWS\SYSTEM32\Pdh.dll
0x00007ffcf0620000 - 0x00007ffcf0631000 	C:\WINDOWS\System32\perfos.dll
0x00007ffd168c0000 - 0x00007ffd168d2000 	C:\WINDOWS\SYSTEM32\pfclient.dll
0x00007ffd14560000 - 0x00007ffd1456e000 	\AppData\Local\Packages\Microsoft.4297127D64EC6_8wekyb3d8bbwe\LocalCache\Local\runtime\java-runtime-gamma\windows-x64\java-runtime-gamma\bin\sunmscapi.dll
0x00007ffd17c00000 - 0x00007ffd17c30000 	C:\WINDOWS\SYSTEM32\ncrypt.dll
0x00007ffd17bb0000 - 0x00007ffd17bef000 	C:\WINDOWS\SYSTEM32\NTASN1.dll
0x00007ffd11e40000 - 0x00007ffd11f00000 	C:\WINDOWS\SYSTEM32\mscms.dll
0x00007ffd04280000 - 0x00007ffd042c9000 	C:\WINDOWS\SYSTEM32\icm32.dll
0x00007ffd11ae0000 - 0x00007ffd11dc3000 	C:\WINDOWS\SYSTEM32\CoreUIComponents.dll
0x00007ffd11970000 - 0x00007ffd11ad8000 	C:\WINDOWS\SYSTEM32\wintypes.dll

dbghelp: loaded successfully - version: 4.0.5 - missing functions: none
symbol engine: initialized successfully - sym options: 0x614 - pdb path: .;\AppData\Local\Packages\Microsoft.4297127D64EC6_8wekyb3d8bbwe\LocalCache\Local\runtime\java-runtime-gamma\windows-x64\java-runtime-gamma\bin;C:\WINDOWS\SYSTEM32;C:\WINDOWS\WinSxS\amd64_microsoft.windows.common-controls_6595b64144ccf1df_6.0.26100.3037_none_3e09262ce333c378;\AppData\Local\Packages\Microsoft.4297127D64EC6_8wekyb3d8bbwe\LocalCache\Local\runtime\java-runtime-gamma\windows-x64\java-runtime-gamma\bin\server;\curseforge\minecraft\Install\bin\178ee3d7263ae10f25489af5e12d0e01cc1bf58c;C:\WINDOWS\System32\DriverStore\FileRepository\nvami.inf_amd64_60e995a01594d69e;C:\WINDOWS\System32\DriverStore\FileRepository\u0407959.inf_amd64_44b45732b02a83bf\B406653;C:\ProgramData\Microsoft\Windows Defender\Platform\4.18.24090.11-0;C:\WINDOWS\System32\Speech\Common;\curseforge\minecraft\Instances\All the Mods 9 - To the Sky - atm9sky\mods\mcef-libraries\windows_amd64

VM Arguments:
jvm_args: -XX:HeapDumpPath=MojangTricksIntelDriversForPerformance_javaw.exe_minecraft.exe.heapdump -Xss1M -Djava.library.path=\curseforge\minecraft\Install\bin\178ee3d7263ae10f25489af5e12d0e01cc1bf58c -Djna.tmpdir=\curseforge\minecraft\Install\bin\178ee3d7263ae10f25489af5e12d0e01cc1bf58c -Dorg.lwjgl.system.SharedLibraryExtractPath=\curseforge\minecraft\Install\bin\178ee3d7263ae10f25489af5e12d0e01cc1bf58c -Dio.netty.native.workdir=\curseforge\minecraft\Install\bin\178ee3d7263ae10f25489af5e12d0e01cc1bf58c -Dminecraft.launcher.brand=minecraft-launcher -Dminecraft.launcher.version=3.7.29 -Djava.net.preferIPv6Addresses=system -DignoreList=bootstraplauncher,securejarhandler,asm-commons,asm-util,asm-analysis,asm-tree,asm,JarJarFileSystems,client-extra,fmlcore,javafmllanguage,lowcodelanguage,mclanguage,forge-,forge-47.3.0.jar,forge-47.3.0 -DmergeModules=jna-5.10.0.jar,jna-platform-5.10.0.jar -DlibraryDirectory=\curseforge\minecraft\Install\libraries --module-path=\curseforge\minecraft\Install\libraries/cpw/mods/bootstraplauncher/1.1.2/bootstraplauncher-1.1.2.jar;\curseforge\minecraft\Install\libraries/cpw/mods/securejarhandler/2.1.10/securejarhandler-2.1.10.jar;\curseforge\minecraft\Install\libraries/org/ow2/asm/asm-commons/9.7/asm-commons-9.7.jar;\curseforge\minecraft\Install\libraries/org/ow2/asm/asm-util/9.7/asm-util-9.7.jar;\curseforge\minecraft\Install\libraries/org/ow2/asm/asm-analysis/9.7/asm-analysis-9.7.jar;\curseforge\minecraft\Install\libraries/org/ow2/asm/asm-tree/9.7/asm-tree-9.7.jar;\curseforge\minecraft\Install\libraries/org/ow2/asm/asm/9.7/asm-9.7.jar;\curseforge\minecraft\Install\libraries/net/minecraftforge/JarJarFileSystems/0.3.19/JarJarFileSystems-0.3.19.jar --add-modules=ALL-MODULE-PATH --add-opens=java.base/java.util.jar=cpw.mods.securejarhandler --add-opens=java.base/java.lang.invoke=cpw.mods.securejarhandler --add-exports=java.base/sun.security.util=cpw.mods.securejarhandler --add-exports=jdk.naming.dns/com.sun.jndi.dns=java.naming -Xmx8224m -Xms256m -Dminecraft.applet.TargetDirectory=\curseforge\minecraft\Instances\All the Mods 9 - To the Sky - atm9sky -Dfml.ignorePatchDiscrepancies=true -Dfml.ignoreInvalidMinecraftCertificates=true -Duser.language=en -Duser.country=US -DlibraryDirectory=\curseforge\minecraft\Install\libraries -Dlog4j.configurationFile=\curseforge\minecraft\Install\assets\log_configs\client-1.12.xml 
java_command: cpw.mods.bootstraplauncher.BootstrapLauncher --username Nuril --version forge-47.3.0 --gameDir \curseforge\minecraft\Instances\All the Mods 9 - To the Sky - atm9sky --assetsDir \curseforge\minecraft\Install\assets --assetIndex 5 --uuid 2ccd51038b974619947777d7e7c66b38 --clientId NzlhZTcyZjQtMGQwZS00OTA0LWJiZWItODY4ZGNiY2Y3N2Ew --xuid 2535451231369092 --userType msa --versionType release --width 1024 --height 768 --quickPlayPath \curseforge\minecraft\Install\quickPlay\java\1740313703381.json --launchTarget forgeclient --fml.forgeVersion 47.3.0 --fml.mcVersion 1.20.1 --fml.forgeGroup net.minecraftforge --fml.mcpVersion 20230612.114412
java_class_path (initial): \curseforge\minecraft\Install\libraries\cpw\mods\securejarhandler\2.1.10\securejarhandler-2.1.10.jar;\curseforge\minecraft\Install\libraries\org\ow2\asm\asm\9.7\asm-9.7.jar;\curseforge\minecraft\Install\libraries\org\ow2\asm\asm-commons\9.7\asm-commons-9.7.jar;\curseforge\minecraft\Install\libraries\org\ow2\asm\asm-tree\9.7\asm-tree-9.7.jar;\curseforge\minecraft\Install\libraries\org\ow2\asm\asm-util\9.7\asm-util-9.7.jar;\curseforge\minecraft\Install\libraries\org\ow2\asm\asm-analysis\9.7\asm-analysis-9.7.jar;\curseforge\minecraft\Install\libraries\net\minecraftforge\accesstransformers\8.0.4\accesstransformers-8.0.4.jar;\curseforge\minecraft\Install\libraries\org\antlr\antlr4-runtime\4.9.1\antlr4-runtime-4.9.1.jar;\curseforge\minecraft\Install\libraries\net\minecraftforge\eventbus\6.0.5\eventbus-6.0.5.jar;\curseforge\minecraft\Install\libraries\net\minecraftforge\forgespi\7.0.1\forgespi-7.0.1.jar;\curseforge\minecraft\Install\libraries\net\minecraftforge\coremods\5.1.6\coremods-5.1.6.jar;\curseforge\minecraft\Install\libraries\cpw\mods\modlauncher\10.0.9\modlauncher-10.0.9.jar;\curseforge\minecraft\Install\libraries\net\minecraftforge\unsafe\0.2.0\unsafe-0.2.0.jar;\curseforge\minecraft\Install\libraries\net\minecraftforge\mergetool\1.1.5\mergetool-1.1.5-api.jar;\curseforge\minecraft\Install\libraries\com\electronwill\night-config\core\3.6.4\core-3.6.4.jar;\curseforge\minecraft\Install\libraries\com\electronwill\night-config\toml\3.6.4\toml-3.6.4.jar;\curseforge\minecraft\Install\libraries\org\apache\maven\maven-artifact\3.8.5\maven-artifact-3.8.5.jar;\curseforge\minecraft\Install\libraries\net\jodah\typetools\0.6.3\typetools-0.6.3.jar;\curseforge\minecraft\Install\libraries\ne
Launcher Type: SUN_STANDARD

[Global flags]
     intx CICompilerCount                          = 12                                        {product} {ergonomic}
     uint ConcGCThreads                            = 3                                         {product} {ergonomic}
     uint G1ConcRefinementThreads                  = 13                                        {product} {ergonomic}
   size_t G1HeapRegionSize                         = 8388608                                   {product} {ergonomic}
    uintx GCDrainStackTargetSize                   = 64                                        {product} {ergonomic}
    ccstr HeapDumpPath                             = MojangTricksIntelDriversForPerformance_javaw.exe_minecraft.exe.heapdump         {manageable} {command line}
   size_t InitialHeapSize                          = 268435456                                 {product} {command line}
   size_t MarkStackSize                            = 4194304                                   {product} {ergonomic}
   size_t MaxHeapSize                              = 8623489024                                {product} {command line}
   size_t MaxNewSize                               = 5167382528                                {product} {ergonomic}
   size_t MinHeapDeltaBytes                        = 8388608                                   {product} {ergonomic}
   size_t MinHeapSize                              = 268435456                                 {product} {command line}
    uintx NonNMethodCodeHeapSize                   = 7602480                                {pd product} {ergonomic}
    uintx NonProfiledCodeHeapSize                  = 122027880                              {pd product} {ergonomic}
    uintx ProfiledCodeHeapSize                     = 122027880                              {pd product} {ergonomic}
    uintx ReservedCodeCacheSize                    = 251658240                              {pd product} {ergonomic}
     bool SegmentedCodeCache                       = true                                      {product} {ergonomic}
   size_t SoftMaxHeapSize                          = 8623489024                             {manageable} {ergonomic}
     intx ThreadStackSize                          = 1024                                   {pd product} {command line}
     bool UseCompressedClassPointers               = true                           {product lp64_product} {ergonomic}
     bool UseCompressedOops                        = true                           {product lp64_product} {ergonomic}
     bool UseG1GC                                  = true                                      {product} {ergonomic}
     bool UseLargePagesIndividualAllocation        = false                                  {pd product} {ergonomic}

Logging:
Log output configuration:
 #0: stdout all=warning uptime,level,tags
 #1: stderr all=off uptime,level,tags

Environment Variables:
PATH=C:\ffmpeg;C:\Windows\system32;C:\Windows;C:\Windows\System32\Wbem;C:\Windows\System32\WindowsPowerShell\v1.0\;C:\Windows\System32\OpenSSH\;C:\Program Files (x86)\NVIDIA Corporation\PhysX\Common;C:\Program Files\dotnet\;C:\Program Files\NVIDIA Corporation\NVIDIA app\NvDLISR;C:\Program Files (x86)\Microsoft SQL Server\160\Tools\Binn\;C:\Program Files\Microsoft SQL Server\160\Tools\Binn\;C:\Program Files\Microsoft SQL Server\Client SDK\ODBC\170\Tools\Binn\;C:\Program Files\Microsoft SQL Server\160\DTS\Binn\;C:\Program Files\Microsoft SQL Server\150\Tools\Binn\;C:\Program Files (x86)\Microsoft SQL Server\160\DTS\Binn\;C:\Program Files (x86)\cloudflared\;C:\Program Files (x86)\Windows Kits\10\Windows Performance Toolkit\;\.console-ninja\.bin;\AppData\Local\Microsoft\WindowsApps;\AppData\Local\Programs\Microsoft VS Code\bin;\AppData\Roaming\npm;\.dotnet;C:\Program Files\Cloudflare\Cloudflare WARP\;C:\Program Files\nodejs\;C:\Program Files\Docker\Docker\resources\bin;C:\Program Files (x86)\ZeroTier\One\;C:\WINDOWS\system32;C:\WINDOWS;C:\WINDOWS\System32\Wbem;C:\WINDOWS\System32\WindowsPowerShell\v1.0\;C:\WINDOWS\System32\OpenSSH\;C:\Program Files\Git\cmd;\.dotnet\tools;\AppData\Local\gitkraken\bin;\AppData\Local\Muse Hub\lib;\AppData\Local\Programs\Windsurf\bin
USERNAME=%USERPROFILE%
OS=Windows_NT
PROCESSOR_IDENTIFIER=AMD64 Family 25 Model 68 Stepping 1, AuthenticAMD
TMP=<TMP>
TEMP=<TEMP>



---------------  S Y S T E M  ---------------

OS:
 Windows 11 , 64 bit Build 26100 (10.0.26100.3037)
OS uptime: 2 days 11:25 hours
Hyper-V role detected

CPU: total 16 (initial active 16) (16 cores per cpu, 2 threads per core) family 25 model 68 stepping 1 microcode 0xa404107, cx8, cmov, fxsr, ht, mmx, 3dnowpref, sse, sse2, sse3, ssse3, sse4a, sse4.1, sse4.2, popcnt, lzcnt, tsc, tscinvbit, avx, avx2, aes, erms, clmul, bmi1, bmi2, adx, sha, fma, vzeroupper, clflush, clflushopt, hv
Processor Information for all 16 processors :
  Max Mhz: 3201, Current Mhz: 3201, Mhz Limit: 3201

Memory: 4k page, system-wide physical 31992M (7331M free)
TotalPageFile size 62712M (AvailPageFile size 24993M)
current process WorkingSet (physical memory assigned to process): 8875M, peak: 9783M
current process commit charge ("private bytes"): 15734M, peak: 15953M

vm_info: OpenJDK 64-Bit Server VM (17.0.8+7-LTS) for windows-amd64 JRE (17.0.8+7-LTS), built on Jul  7 2023 17:21:55 by "MicrosoftCorporation" with MS VC++ 16.10 / 16.11 (VS2019)

END.
