[00:06:22] [main/INFO]: ModLauncher running: args [--username, Nuril, --version, forge-47.4.0, --gameDir, C:\Users\Nuril\curseforge\minecraft\Instances\All the Mods 9 - To the Sky - atm9sky, --assetsDir, C:\Users\Nuril\curseforge\minecraft\Install\assets, --assetIndex, 5, --uuid, 2ccd51038b974619947777d7e7c66b38, --accessToken, ????????, --clientId, NzlhZTcyZjQtMGQwZS00OTA0LWJiZWItODY4ZGNiY2Y3N2Ew, --xuid, 2535451231369092, --userType, msa, --versionType, release, --width, 1024, --height, 768, --quickPlayPath, C:\Users\Nuril\curseforge\minecraft\Install\quickPlay\java\1749416779360.json, --launchTarget, forgeclient, --fml.forgeVersion, 47.4.0, --fml.mcVersion, 1.20.1, --fml.forgeGroup, net.minecraftforge, --fml.mcpVersion, 20230612.114412]
[00:06:22] [main/INFO]: ModLauncher 10.0.9+10.0.9+main.dcd20f30 starting: java version 17.0.15 by Microsoft; OS Windows 11 arch amd64 version 10.0
[00:06:22] [main/WARN]: Configuration file C:\Users\Nuril\curseforge\minecraft\Instances\All the Mods 9 - To the Sky - atm9sky\config\fml.toml is not correct. Correcting
[00:06:22] [main/INFO]: Incorrect key [earlyWindowHeight] was corrected from null to 480
[00:06:22] [main/INFO]: Incorrect key [earlyWindowControl] was corrected from null to true
[00:06:22] [main/INFO]: Incorrect key [earlyWindowFBScale] was corrected from null to 1
[00:06:22] [main/INFO]: Incorrect key [earlyWindowProvider] was corrected from null to fmlearlywindow
[00:06:22] [main/INFO]: Incorrect key [earlyWindowWidth] was corrected from null to 854
[00:06:22] [main/INFO]: Incorrect key [earlyWindowMaximized] was corrected from null to false
[00:06:22] [main/INFO]: Incorrect key [defaultConfigPath] was corrected from null to defaultconfigs
[00:06:22] [main/INFO]: Incorrect key [disableOptimizedDFU] was corrected from null to true
[00:06:22] [main/INFO]: Incorrect key [earlyWindowSkipGLVersions] was corrected from null to []
[00:06:22] [main/INFO]: Incorrect key [earlyWindowLogHelpMessage] was corrected from null to true
[00:06:22] [main/INFO]: Incorrect key [maxThreads] was corrected from null to -1
[00:06:22] [main/INFO]: Incorrect key [earlyWindowSquir] was corrected from null to false
[00:06:22] [main/INFO]: Incorrect key [earlyWindowShowCPU] was corrected from null to false
[00:06:24] [main/INFO]: Loading ImmediateWindowProvider fmlearlywindow
[00:06:24] [main/INFO]: Trying GL version 4.6
[00:06:24] [main/INFO]: If this message is the only thing at the bottom of your log before a crash, you probably have a driver issue.

Possible solutions:
A) Make sure Minecraft is set to prefer high performance graphics in the OS and/or driver control panel
B) Check for driver updates on the graphics brand's website
C) Try reinstalling your graphics drivers
D) If still not working after trying all of the above, ask for further help on the Forge forums or Discord

You can safely ignore this message if the game starts up successfully.
[00:06:24] [main/INFO]: Requested GL version 4.6 got version 4.6
[00:06:24] [main/INFO]: SpongePowered MIXIN Subsystem Version=0.8.5 Source=union:/C:/Users/Nuril/curseforge/minecraft/Install/libraries/org/spongepowered/mixin/0.8.5/mixin-0.8.5.jar%23100!/ Service=ModLauncher Env=CLIENT
[00:06:24] [pool-2-thread-1/INFO]: GL info: AMD Radeon(TM) Graphics GL version 4.6.0 Core Profile Context 25.6.1.250522, ATI Technologies Inc.
[00:06:24] [main/INFO]: Launching CrashAssistantApp (CrashAssistant-forge-1.19.2-1.20.1-1.8.0.jar)
[00:06:27] [main/INFO]: Found mod file absentbydesign-1.20.1-1.9.0.jar of type MOD with provider {mods folder locator at C:\Users\Nuril\curseforge\minecraft\Instances\All the Mods 9 - To the Sky - atm9sky\mods}
[00:06:27] [main/INFO]: Found mod file AdvancedAE-1.1.2-1.20.1.jar of type MOD with provider {mods folder locator at C:\Users\Nuril\curseforge\minecraft\Instances\All the Mods 9 - To the Sky - atm9sky\mods}
[00:06:27] [main/INFO]: Found mod file advgenerators-1.6.0.6-mc1.20.1.jar of type MOD with provider {mods folder locator at C:\Users\Nuril\curseforge\minecraft\Instances\All the Mods 9 - To the Sky - atm9sky\mods}
[00:06:27] [main/INFO]: Found mod file AE2-Things-1.2.1.jar of type MOD with provider {mods folder locator at C:\Users\Nuril\curseforge\minecraft\Instances\All the Mods 9 - To the Sky - atm9sky\mods}
[00:06:27] [main/INFO]: Found mod file ae2insertexportcard-1.20.1-1.3.0.jar of type MOD with provider {mods folder locator at C:\Users\Nuril\curseforge\minecraft\Instances\All the Mods 9 - To the Sky - atm9sky\mods}
[00:06:27] [main/INFO]: Found mod file ae2wtlib-15.2.3-forge.jar of type MOD with provider {mods folder locator at C:\Users\Nuril\curseforge\minecraft\Instances\All the Mods 9 - To the Sky - atm9sky\mods}
[00:06:27] [main/INFO]: Found mod file aecapfix-0.9.jar of type MOD with provider {mods folder locator at C:\Users\Nuril\curseforge\minecraft\Instances\All the Mods 9 - To the Sky - atm9sky\mods}
[00:06:27] [main/INFO]: Found mod file alchemistry-1.20.1-2.3.4.jar of type MOD with provider {mods folder locator at C:\Users\Nuril\curseforge\minecraft\Instances\All the Mods 9 - To the Sky - atm9sky\mods}
[00:06:27] [main/INFO]: Found mod file alchemylib-1.20.1-1.0.30.jar of type MOD with provider {mods folder locator at C:\Users\Nuril\curseforge\minecraft\Instances\All the Mods 9 - To the Sky - atm9sky\mods}
[00:06:27] [main/INFO]: Found mod file allthecompressed-1.20.1-3.0.2.jar of type MOD with provider {mods folder locator at C:\Users\Nuril\curseforge\minecraft\Instances\All the Mods 9 - To the Sky - atm9sky\mods}
[00:06:27] [main/INFO]: Found mod file alltheleaks-0.1.4-beta+1.20.1-forge.jar of type MOD with provider {mods folder locator at C:\Users\Nuril\curseforge\minecraft\Instances\All the Mods 9 - To the Sky - atm9sky\mods}
[00:06:27] [main/INFO]: Found mod file allthemodium-1.20.1-47.1.25-2.5.6.jar of type MOD with provider {mods folder locator at C:\Users\Nuril\curseforge\minecraft\Instances\All the Mods 9 - To the Sky - atm9sky\mods}
[00:06:27] [main/INFO]: Found mod file alltheores-1.20.1-47.1.3-2.2.4.jar of type MOD with provider {mods folder locator at C:\Users\Nuril\curseforge\minecraft\Instances\All the Mods 9 - To the Sky - atm9sky\mods}
[00:06:27] [main/INFO]: Found mod file allthetweaks-1.20.1-47.2.20-2.3.2.jar of type MOD with provider {mods folder locator at C:\Users\Nuril\curseforge\minecraft\Instances\All the Mods 9 - To the Sky - atm9sky\mods}
[00:06:27] [main/INFO]: Found mod file almostunified-forge-1.20.1-0.10.0.jar of type MOD with provider {mods folder locator at C:\Users\Nuril\curseforge\minecraft\Instances\All the Mods 9 - To the Sky - atm9sky\mods}
[00:06:27] [main/INFO]: Found mod file amendments-1.20-1.2.19.jar of type MOD with provider {mods folder locator at C:\Users\Nuril\curseforge\minecraft\Instances\All the Mods 9 - To the Sky - atm9sky\mods}
[00:06:27] [main/INFO]: Found mod file angelring-1.20.1-2.3.1.jar of type MOD with provider {mods folder locator at C:\Users\Nuril\curseforge\minecraft\Instances\All the Mods 9 - To the Sky - atm9sky\mods}
[00:06:27] [main/INFO]: Found mod file Apotheosis-1.20.1-7.4.8.jar of type MOD with provider {mods folder locator at C:\Users\Nuril\curseforge\minecraft\Instances\All the Mods 9 - To the Sky - atm9sky\mods}
[00:06:27] [main/INFO]: Found mod file ApothicAttributes-1.20.1-1.3.7.jar of type MOD with provider {mods folder locator at C:\Users\Nuril\curseforge\minecraft\Instances\All the Mods 9 - To the Sky - atm9sky\mods}
[00:06:27] [main/INFO]: Found mod file appleskin-forge-mc1.20.1-2.5.1.jar of type MOD with provider {mods folder locator at C:\Users\Nuril\curseforge\minecraft\Instances\All the Mods 9 - To the Sky - atm9sky\mods}
[00:06:27] [main/INFO]: Found mod file Applied-Botanics-forge-1.5.0.jar of type MOD with provider {mods folder locator at C:\Users\Nuril\curseforge\minecraft\Instances\All the Mods 9 - To the Sky - atm9sky\mods}
[00:06:27] [main/INFO]: Found mod file Applied-Mekanistics-1.4.2.jar of type MOD with provider {mods folder locator at C:\Users\Nuril\curseforge\minecraft\Instances\All the Mods 9 - To the Sky - atm9sky\mods}
[00:06:27] [main/INFO]: Found mod file appliede-0.14.3.jar of type MOD with provider {mods folder locator at C:\Users\Nuril\curseforge\minecraft\Instances\All the Mods 9 - To the Sky - atm9sky\mods}
[00:06:27] [main/INFO]: Found mod file appliedenergistics2-forge-15.4.2.jar of type MOD with provider {mods folder locator at C:\Users\Nuril\curseforge\minecraft\Instances\All the Mods 9 - To the Sky - atm9sky\mods}
[00:06:27] [main/INFO]: Found mod file AppliedFlux-1.20-1.2.2-forge.jar of type MOD with provider {mods folder locator at C:\Users\Nuril\curseforge\minecraft\Instances\All the Mods 9 - To the Sky - atm9sky\mods}
[00:06:27] [main/INFO]: Found mod file architectury-9.2.14-forge.jar of type MOD with provider {mods folder locator at C:\Users\Nuril\curseforge\minecraft\Instances\All the Mods 9 - To the Sky - atm9sky\mods}
[00:06:27] [main/INFO]: Found mod file ars_caelum-1.20.1-2.0.1.jar of type MOD with provider {mods folder locator at C:\Users\Nuril\curseforge\minecraft\Instances\All the Mods 9 - To the Sky - atm9sky\mods}
[00:06:27] [main/INFO]: Found mod file ars_elemental-1.20.1-0.6.7.8.jar of type MOD with provider {mods folder locator at C:\Users\Nuril\curseforge\minecraft\Instances\All the Mods 9 - To the Sky - atm9sky\mods}
[00:06:27] [main/INFO]: Found mod file ars_nouveau-1.20.1-4.12.6-all.jar of type MOD with provider {mods folder locator at C:\Users\Nuril\curseforge\minecraft\Instances\All the Mods 9 - To the Sky - atm9sky\mods}
[00:06:27] [main/INFO]: Found mod file ars_ocultas-1.20.1-1.2.2-all.jar of type MOD with provider {mods folder locator at C:\Users\Nuril\curseforge\minecraft\Instances\All the Mods 9 - To the Sky - atm9sky\mods}
[00:06:27] [main/INFO]: Found mod file arseng-1.2.0.jar of type MOD with provider {mods folder locator at C:\Users\Nuril\curseforge\minecraft\Instances\All the Mods 9 - To the Sky - atm9sky\mods}
[00:06:27] [main/INFO]: Found mod file athena-forge-1.20.1-3.1.2.jar of type MOD with provider {mods folder locator at C:\Users\Nuril\curseforge\minecraft\Instances\All the Mods 9 - To the Sky - atm9sky\mods}
[00:06:27] [main/INFO]: Found mod file AttributeFix-Forge-1.20.1-21.0.4.jar of type MOD with provider {mods folder locator at C:\Users\Nuril\curseforge\minecraft\Instances\All the Mods 9 - To the Sky - atm9sky\mods}
[00:06:27] [main/INFO]: Found mod file balm-forge-1.20.1-7.3.30-all.jar of type MOD with provider {mods folder locator at C:\Users\Nuril\curseforge\minecraft\Instances\All the Mods 9 - To the Sky - atm9sky\mods}
[00:06:27] [main/INFO]: Found mod file bdlib-1.27.0.8-mc1.20.1.jar of type MOD with provider {mods folder locator at C:\Users\Nuril\curseforge\minecraft\Instances\All the Mods 9 - To the Sky - atm9sky\mods}
[00:06:27] [main/INFO]: Found mod file BetterCompatibilityChecker-forge-4.0.8+mc1.20.1.jar of type MOD with provider {mods folder locator at C:\Users\Nuril\curseforge\minecraft\Instances\All the Mods 9 - To the Sky - atm9sky\mods}
[00:06:27] [main/INFO]: Found mod file biggerreactors-1.20.1-0.6.0-beta.10.5.jar of type MOD with provider {mods folder locator at C:\Users\Nuril\curseforge\minecraft\Instances\All the Mods 9 - To the Sky - atm9sky\mods}
[00:06:27] [main/INFO]: Found mod file bloodmagic-1.20.1-3.3.3-45.jar of type MOD with provider {mods folder locator at C:\Users\Nuril\curseforge\minecraft\Instances\All the Mods 9 - To the Sky - atm9sky\mods}
[00:06:27] [main/INFO]: Found mod file Bookshelf-Forge-1.20.1-20.2.13.jar of type MOD with provider {mods folder locator at C:\Users\Nuril\curseforge\minecraft\Instances\All the Mods 9 - To the Sky - atm9sky\mods}
[00:06:27] [main/INFO]: Found mod file Botania-1.20.1-448-FORGE.jar of type MOD with provider {mods folder locator at C:\Users\Nuril\curseforge\minecraft\Instances\All the Mods 9 - To the Sky - atm9sky\mods}
[00:06:27] [main/INFO]: Found mod file BrandonsCore-1.20.1-3.2.1.302-universal.jar of type MOD with provider {mods folder locator at C:\Users\Nuril\curseforge\minecraft\Instances\All the Mods 9 - To the Sky - atm9sky\mods}
[00:06:27] [main/INFO]: Found mod file BridgingMod-2.5.1+1.20.1.forge-release.jar of type MOD with provider {mods folder locator at C:\Users\Nuril\curseforge\minecraft\Instances\All the Mods 9 - To the Sky - atm9sky\mods}
[00:06:27] [main/INFO]: Found mod file buildinggadgets2-1.0.7.jar of type MOD with provider {mods folder locator at C:\Users\Nuril\curseforge\minecraft\Instances\All the Mods 9 - To the Sky - atm9sky\mods}
[00:06:27] [main/INFO]: Found mod file bwncr-forge-1.20.1-3.17.2.jar of type MOD with provider {mods folder locator at C:\Users\Nuril\curseforge\minecraft\Instances\All the Mods 9 - To the Sky - atm9sky\mods}
[00:06:27] [main/INFO]: Found mod file canary-mc1.20.1-0.3.3.jar of type MOD with provider {mods folder locator at C:\Users\Nuril\curseforge\minecraft\Instances\All the Mods 9 - To the Sky - atm9sky\mods}
[00:06:27] [main/INFO]: Found mod file CBMultipart-1.20.1-3.3.0.146-universal.jar of type MOD with provider {mods folder locator at C:\Users\Nuril\curseforge\minecraft\Instances\All the Mods 9 - To the Sky - atm9sky\mods}
[00:06:27] [main/INFO]: Found mod file cc-tweaked-1.20.1-forge-1.115.1.jar of type MOD with provider {mods folder locator at C:\Users\Nuril\curseforge\minecraft\Instances\All the Mods 9 - To the Sky - atm9sky\mods}
[00:06:27] [main/INFO]: Found mod file chemlib-1.20.1-2.0.19.jar of type MOD with provider {mods folder locator at C:\Users\Nuril\curseforge\minecraft\Instances\All the Mods 9 - To the Sky - atm9sky\mods}
[00:06:27] [main/INFO]: Found mod file chipped-forge-1.20.1-3.0.7.jar of type MOD with provider {mods folder locator at C:\Users\Nuril\curseforge\minecraft\Instances\All the Mods 9 - To the Sky - atm9sky\mods}
[00:06:27] [main/INFO]: Found mod file ClickMachine-1.20.1-8.0.2.jar of type MOD with provider {mods folder locator at C:\Users\Nuril\curseforge\minecraft\Instances\All the Mods 9 - To the Sky - atm9sky\mods}
[00:06:27] [main/INFO]: Found mod file cloth-config-11.1.136-forge.jar of type MOD with provider {mods folder locator at C:\Users\Nuril\curseforge\minecraft\Instances\All the Mods 9 - To the Sky - atm9sky\mods}
[00:06:27] [main/INFO]: Found mod file Clumps-forge-1.20.1-12.0.0.4.jar of type MOD with provider {mods folder locator at C:\Users\Nuril\curseforge\minecraft\Instances\All the Mods 9 - To the Sky - atm9sky\mods}
[00:06:27] [main/INFO]: Found mod file CobbleForDays-1.8.0.jar of type MOD with provider {mods folder locator at C:\Users\Nuril\curseforge\minecraft\Instances\All the Mods 9 - To the Sky - atm9sky\mods}
[00:06:27] [main/INFO]: Found mod file CodeChickenLib-1.20.1-4.4.0.516-universal.jar of type MOD with provider {mods folder locator at C:\Users\Nuril\curseforge\minecraft\Instances\All the Mods 9 - To the Sky - atm9sky\mods}
[00:06:27] [main/INFO]: Found mod file cofh_core-1.20.1-11.0.2.56.jar of type MOD with provider {mods folder locator at C:\Users\Nuril\curseforge\minecraft\Instances\All the Mods 9 - To the Sky - atm9sky\mods}
[00:06:27] [main/INFO]: Found mod file colorfulhearts-forge-1.20.1-4.3.16.jar of type MOD with provider {mods folder locator at C:\Users\Nuril\curseforge\minecraft\Instances\All the Mods 9 - To the Sky - atm9sky\mods}
[00:06:27] [main/INFO]: Found mod file comforts-forge-6.4.0+1.20.1.jar of type MOD with provider {mods folder locator at C:\Users\Nuril\curseforge\minecraft\Instances\All the Mods 9 - To the Sky - atm9sky\mods}
[00:06:27] [main/INFO]: Found mod file CommonCapabilities-1.20.1-2.9.6.jar of type MOD with provider {mods folder locator at C:\Users\Nuril\curseforge\minecraft\Instances\All the Mods 9 - To the Sky - atm9sky\mods}
[00:06:27] [main/INFO]: Found mod file configured-forge-1.20.1-2.2.3.jar of type MOD with provider {mods folder locator at C:\Users\Nuril\curseforge\minecraft\Instances\All the Mods 9 - To the Sky - atm9sky\mods}
[00:06:27] [main/INFO]: Found mod file connectedglass-1.1.13-forge-mc1.20.1.jar of type MOD with provider {mods folder locator at C:\Users\Nuril\curseforge\minecraft\Instances\All the Mods 9 - To the Sky - atm9sky\mods}
[00:06:27] [main/INFO]: Found mod file connectivity-1.20.1-7.1.jar of type MOD with provider {mods folder locator at C:\Users\Nuril\curseforge\minecraft\Instances\All the Mods 9 - To the Sky - atm9sky\mods}
[00:06:27] [main/INFO]: Found mod file constructionwand-1.20.1-2.11.jar of type MOD with provider {mods folder locator at C:\Users\Nuril\curseforge\minecraft\Instances\All the Mods 9 - To the Sky - atm9sky\mods}
[00:06:27] [main/INFO]: Found mod file Controlling-forge-1.20.1-12.0.2.jar of type MOD with provider {mods folder locator at C:\Users\Nuril\curseforge\minecraft\Instances\All the Mods 9 - To the Sky - atm9sky\mods}
[00:06:27] [main/INFO]: Found mod file cookingforblockheads-forge-1.20.1-16.0.13.jar of type MOD with provider {mods folder locator at C:\Users\Nuril\curseforge\minecraft\Instances\All the Mods 9 - To the Sky - atm9sky\mods}
[00:06:27] [main/INFO]: Found mod file cosmeticarmorreworked-1.20.1-v1a.jar of type MOD with provider {mods folder locator at C:\Users\Nuril\curseforge\minecraft\Instances\All the Mods 9 - To the Sky - atm9sky\mods}
[00:06:27] [main/INFO]: Found mod file crafting-on-a-stick-1.20.1-1.1.5.jar of type MOD with provider {mods folder locator at C:\Users\Nuril\curseforge\minecraft\Instances\All the Mods 9 - To the Sky - atm9sky\mods}
[00:06:27] [main/INFO]: Found mod file craftingstation-1.20.1-1.2.3.jar of type MOD with provider {mods folder locator at C:\Users\Nuril\curseforge\minecraft\Instances\All the Mods 9 - To the Sky - atm9sky\mods}
[00:06:27] [main/INFO]: Found mod file craftingtweaks-forge-1.20.1-18.2.5.jar of type MOD with provider {mods folder locator at C:\Users\Nuril\curseforge\minecraft\Instances\All the Mods 9 - To the Sky - atm9sky\mods}
[00:06:27] [main/INFO]: Found mod file crashutilities-8.1.4.jar of type MOD with provider {mods folder locator at C:\Users\Nuril\curseforge\minecraft\Instances\All the Mods 9 - To the Sky - atm9sky\mods}
[00:06:27] [main/INFO]: Found mod file create-1.20.1-6.0.4.jar of type MOD with provider {mods folder locator at C:\Users\Nuril\curseforge\minecraft\Instances\All the Mods 9 - To the Sky - atm9sky\mods}
[00:06:27] [main/INFO]: Found mod file createaddition-1.20.1-1.3.1.jar of type MOD with provider {mods folder locator at C:\Users\Nuril\curseforge\minecraft\Instances\All the Mods 9 - To the Sky - atm9sky\mods}
[00:06:27] [main/INFO]: Found mod file creativewirelesstransmitter-1.20.1-1.1.jar of type MOD with provider {mods folder locator at C:\Users\Nuril\curseforge\minecraft\Instances\All the Mods 9 - To the Sky - atm9sky\mods}
[00:06:27] [main/INFO]: Found mod file Croptopia-1.20.1-FORGE-3.0.4.jar of type MOD with provider {mods folder locator at C:\Users\Nuril\curseforge\minecraft\Instances\All the Mods 9 - To the Sky - atm9sky\mods}
[00:06:27] [main/INFO]: Found mod file crystalix-1.3.5_forge_1.20.1.jar of type MOD with provider {mods folder locator at C:\Users\Nuril\curseforge\minecraft\Instances\All the Mods 9 - To the Sky - atm9sky\mods}
[00:06:27] [main/INFO]: Found mod file Cucumber-1.20.1-7.0.13.jar of type MOD with provider {mods folder locator at C:\Users\Nuril\curseforge\minecraft\Instances\All the Mods 9 - To the Sky - atm9sky\mods}
[00:06:27] [main/INFO]: Found mod file cupboard-1.20.1-2.7.jar of type MOD with provider {mods folder locator at C:\Users\Nuril\curseforge\minecraft\Instances\All the Mods 9 - To the Sky - atm9sky\mods}
[00:06:27] [main/INFO]: Found mod file curios-forge-5.14.1+1.20.1.jar of type MOD with provider {mods folder locator at C:\Users\Nuril\curseforge\minecraft\Instances\All the Mods 9 - To the Sky - atm9sky\mods}
[00:06:27] [main/INFO]: Found mod file CyclopsCore-1.20.1-1.20.0.jar of type MOD with provider {mods folder locator at C:\Users\Nuril\curseforge\minecraft\Instances\All the Mods 9 - To the Sky - atm9sky\mods}
[00:06:27] [main/INFO]: Found mod file dankstorage-forge-1.20.1-15.jar of type MOD with provider {mods folder locator at C:\Users\Nuril\curseforge\minecraft\Instances\All the Mods 9 - To the Sky - atm9sky\mods}
[00:06:27] [main/INFO]: Found mod file darksmithing-forge-1.20.1-1.0.5.jar of type MOD with provider {mods folder locator at C:\Users\Nuril\curseforge\minecraft\Instances\All the Mods 9 - To the Sky - atm9sky\mods}
[00:06:27] [main/INFO]: Found mod file DarkUtilities-Forge-1.20.1-17.0.5.jar of type MOD with provider {mods folder locator at C:\Users\Nuril\curseforge\minecraft\Instances\All the Mods 9 - To the Sky - atm9sky\mods}
[00:06:27] [main/INFO]: Found mod file default-server-properties-forge-81.1.0.jar of type MOD with provider {mods folder locator at C:\Users\Nuril\curseforge\minecraft\Instances\All the Mods 9 - To the Sky - atm9sky\mods}
[00:06:27] [main/INFO]: Found mod file DefaultSettings-1.20.x-4.0.7-Forge.jar of type MOD with provider {mods folder locator at C:\Users\Nuril\curseforge\minecraft\Instances\All the Mods 9 - To the Sky - atm9sky\mods}
[00:06:27] [main/INFO]: Found mod file DefaultWorldType-1.20.1-4.0.4.jar of type MOD with provider {mods folder locator at C:\Users\Nuril\curseforge\minecraft\Instances\All the Mods 9 - To the Sky - atm9sky\mods}
[00:06:27] [main/INFO]: Found mod file Draconic-Evolution-1.20.1-3.1.2.604-universal.jar of type MOD with provider {mods folder locator at C:\Users\Nuril\curseforge\minecraft\Instances\All the Mods 9 - To the Sky - atm9sky\mods}
[00:06:27] [main/INFO]: Found mod file durabilitytooltip-1.1.5-forge-mc1.20.jar of type MOD with provider {mods folder locator at C:\Users\Nuril\curseforge\minecraft\Instances\All the Mods 9 - To the Sky - atm9sky\mods}
[00:06:27] [main/INFO]: Found mod file easy-villagers-forge-1.20.1-1.1.23.jar of type MOD with provider {mods folder locator at C:\Users\Nuril\curseforge\minecraft\Instances\All the Mods 9 - To the Sky - atm9sky\mods}
[00:06:27] [main/INFO]: Found mod file EdivadLib-1.20.1-2.0.1.jar of type MOD with provider {mods folder locator at C:\Users\Nuril\curseforge\minecraft\Instances\All the Mods 9 - To the Sky - atm9sky\mods}
[00:06:27] [main/INFO]: Found mod file elevatorid-1.20.1-lex-1.9.jar of type MOD with provider {mods folder locator at C:\Users\Nuril\curseforge\minecraft\Instances\All the Mods 9 - To the Sky - atm9sky\mods}
[00:06:27] [main/INFO]: Found mod file embeddium-0.3.31+mc1.20.1.jar of type MOD with provider {mods folder locator at C:\Users\Nuril\curseforge\minecraft\Instances\All the Mods 9 - To the Sky - atm9sky\mods}
[00:06:27] [main/INFO]: Found mod file Emojiful-Forge-1.20.1-4.2.0.jar of type MOD with provider {mods folder locator at C:\Users\Nuril\curseforge\minecraft\Instances\All the Mods 9 - To the Sky - atm9sky\mods}
[00:06:27] [main/INFO]: Found mod file EnchantmentDescriptions-Forge-1.20.1-17.1.19.jar of type MOD with provider {mods folder locator at C:\Users\Nuril\curseforge\minecraft\Instances\All the Mods 9 - To the Sky - atm9sky\mods}
[00:06:27] [main/INFO]: Found mod file enderchests-forge-1.20.1-1.3.jar of type MOD with provider {mods folder locator at C:\Users\Nuril\curseforge\minecraft\Instances\All the Mods 9 - To the Sky - atm9sky\mods}
[00:06:27] [main/INFO]: Found mod file EnderIO-1.20.1-6.2.11-beta-all.jar of type MOD with provider {mods folder locator at C:\Users\Nuril\curseforge\minecraft\Instances\All the Mods 9 - To the Sky - atm9sky\mods}
[00:06:27] [main/INFO]: Found mod file endertanks-forge-1.20.1-1.4.jar of type MOD with provider {mods folder locator at C:\Users\Nuril\curseforge\minecraft\Instances\All the Mods 9 - To the Sky - atm9sky\mods}
[00:06:27] [main/INFO]: Found mod file energymeter-forge-1.20.1-1.0.0.jar of type MOD with provider {mods folder locator at C:\Users\Nuril\curseforge\minecraft\Instances\All the Mods 9 - To the Sky - atm9sky\mods}
[00:06:27] [main/INFO]: Found mod file ensorcellation-1.20.1-5.0.2.24.jar of type MOD with provider {mods folder locator at C:\Users\Nuril\curseforge\minecraft\Instances\All the Mods 9 - To the Sky - atm9sky\mods}
[00:06:27] [main/INFO]: Found mod file entangled-1.3.20-forge-mc1.20.4.jar of type MOD with provider {mods folder locator at C:\Users\Nuril\curseforge\minecraft\Instances\All the Mods 9 - To the Sky - atm9sky\mods}
[00:06:27] [main/INFO]: Found mod file entityculling-forge-1.7.4-mc1.20.1.jar of type MOD with provider {mods folder locator at C:\Users\Nuril\curseforge\minecraft\Instances\All the Mods 9 - To the Sky - atm9sky\mods}
[00:06:27] [main/INFO]: Found mod file EpheroLib-1.20.1-FORGE-1.2.0.jar of type MOD with provider {mods folder locator at C:\Users\Nuril\curseforge\minecraft\Instances\All the Mods 9 - To the Sky - atm9sky\mods}
[00:06:27] [main/INFO]: Found mod file EuphoriaPatcher-1.6.4-r5.5.1-forge.jar of type MOD with provider {mods folder locator at C:\Users\Nuril\curseforge\minecraft\Instances\All the Mods 9 - To the Sky - atm9sky\mods}
[00:06:27] [main/INFO]: Found mod file EverlastingAbilities-1.20.1-2.3.1.jar of type MOD with provider {mods folder locator at C:\Users\Nuril\curseforge\minecraft\Instances\All the Mods 9 - To the Sky - atm9sky\mods}
[00:06:27] [main/INFO]: Found mod file Exchangers-1.20.1-3.5.1.jar of type MOD with provider {mods folder locator at C:\Users\Nuril\curseforge\minecraft\Instances\All the Mods 9 - To the Sky - atm9sky\mods}
[00:06:27] [main/INFO]: Found mod file exdeorum-1.45.jar of type MOD with provider {mods folder locator at C:\Users\Nuril\curseforge\minecraft\Instances\All the Mods 9 - To the Sky - atm9sky\mods}
[00:06:27] [main/INFO]: Found mod file exmachinis-deorum-1.20.1-3.0.3.jar of type MOD with provider {mods folder locator at C:\Users\Nuril\curseforge\minecraft\Instances\All the Mods 9 - To the Sky - atm9sky\mods}
[00:06:27] [main/INFO]: Found mod file ExtendedAE-1.20-1.4.2-forge.jar of type MOD with provider {mods folder locator at C:\Users\Nuril\curseforge\minecraft\Instances\All the Mods 9 - To the Sky - atm9sky\mods}
[00:06:27] [main/INFO]: Found mod file ExtraStorage-1.20.1-4.0.7.jar of type MOD with provider {mods folder locator at C:\Users\Nuril\curseforge\minecraft\Instances\All the Mods 9 - To the Sky - atm9sky\mods}
[00:06:27] [main/INFO]: Found mod file ExtremeSoundMuffler-3.49.1-forge-1.20.1.jar of type MOD with provider {mods folder locator at C:\Users\Nuril\curseforge\minecraft\Instances\All the Mods 9 - To the Sky - atm9sky\mods}
[00:06:27] [main/INFO]: Found mod file FarmersDelight-1.20.1-1.2.7.jar of type MOD with provider {mods folder locator at C:\Users\Nuril\curseforge\minecraft\Instances\All the Mods 9 - To the Sky - atm9sky\mods}
[00:06:27] [main/INFO]: Found mod file farmingforblockheads-forge-1.20.1-14.0.2.jar of type MOD with provider {mods folder locator at C:\Users\Nuril\curseforge\minecraft\Instances\All the Mods 9 - To the Sky - atm9sky\mods}
[00:06:27] [main/INFO]: Found mod file FastFurnace-1.20.1-8.0.2.jar of type MOD with provider {mods folder locator at C:\Users\Nuril\curseforge\minecraft\Instances\All the Mods 9 - To the Sky - atm9sky\mods}
[00:06:27] [main/INFO]: Found mod file FastLeafDecay-32.jar of type MOD with provider {mods folder locator at C:\Users\Nuril\curseforge\minecraft\Instances\All the Mods 9 - To the Sky - atm9sky\mods}
[00:06:27] [main/INFO]: Found mod file FastSuite-1.20.1-5.1.0.jar of type MOD with provider {mods folder locator at C:\Users\Nuril\curseforge\minecraft\Instances\All the Mods 9 - To the Sky - atm9sky\mods}
[00:06:27] [main/INFO]: Found mod file FastWorkbench-1.20.1-8.0.4.jar of type MOD with provider {mods folder locator at C:\Users\Nuril\curseforge\minecraft\Instances\All the Mods 9 - To the Sky - atm9sky\mods}
[00:06:27] [main/INFO]: Found mod file ferritecore-6.0.1-forge.jar of type MOD with provider {mods folder locator at C:\Users\Nuril\curseforge\minecraft\Instances\All the Mods 9 - To the Sky - atm9sky\mods}
[00:06:27] [main/INFO]: Found mod file findme-3.2.1-forge.jar of type MOD with provider {mods folder locator at C:\Users\Nuril\curseforge\minecraft\Instances\All the Mods 9 - To the Sky - atm9sky\mods}
[00:06:27] [main/INFO]: Found mod file flib-1.20.1-0.0.15.jar of type MOD with provider {mods folder locator at C:\Users\Nuril\curseforge\minecraft\Instances\All the Mods 9 - To the Sky - atm9sky\mods}
[00:06:27] [main/INFO]: Found mod file FlowerPatch-forge-1.20.1-3.1.0.jar of type MOD with provider {mods folder locator at C:\Users\Nuril\curseforge\minecraft\Instances\All the Mods 9 - To the Sky - atm9sky\mods}
[00:06:27] [main/INFO]: Found mod file FluxNetworks-1.20.1-7.2.1.15.jar of type MOD with provider {mods folder locator at C:\Users\Nuril\curseforge\minecraft\Instances\All the Mods 9 - To the Sky - atm9sky\mods}
[00:06:27] [main/INFO]: Found mod file forbidden_arcanus-1.20.1-2.2.6.jar of type MOD with provider {mods folder locator at C:\Users\Nuril\curseforge\minecraft\Instances\All the Mods 9 - To the Sky - atm9sky\mods}
[00:06:27] [main/INFO]: Found mod file forcecraft-1.20.1-4.2.5.jar of type MOD with provider {mods folder locator at C:\Users\Nuril\curseforge\minecraft\Instances\All the Mods 9 - To the Sky - atm9sky\mods}
[00:06:27] [main/INFO]: Found mod file forgivingvoid-forge-1.20-10.0.1.jar of type MOD with provider {mods folder locator at C:\Users\Nuril\curseforge\minecraft\Instances\All the Mods 9 - To the Sky - atm9sky\mods}
[00:06:27] [main/INFO]: Found mod file FramedBlocks-9.4.1.jar of type MOD with provider {mods folder locator at C:\Users\Nuril\curseforge\minecraft\Instances\All the Mods 9 - To the Sky - atm9sky\mods}
[00:06:27] [main/INFO]: Found mod file ftb-chunks-forge-2001.3.6.jar of type MOD with provider {mods folder locator at C:\Users\Nuril\curseforge\minecraft\Instances\All the Mods 9 - To the Sky - atm9sky\mods}
[00:06:27] [main/INFO]: Found mod file ftb-essentials-forge-2001.2.3.jar of type MOD with provider {mods folder locator at C:\Users\Nuril\curseforge\minecraft\Instances\All the Mods 9 - To the Sky - atm9sky\mods}
[00:06:27] [main/INFO]: Found mod file ftb-library-forge-2001.2.9.jar of type MOD with provider {mods folder locator at C:\Users\Nuril\curseforge\minecraft\Instances\All the Mods 9 - To the Sky - atm9sky\mods}
[00:06:27] [main/INFO]: Found mod file ftb-quests-forge-2001.4.13.jar of type MOD with provider {mods folder locator at C:\Users\Nuril\curseforge\minecraft\Instances\All the Mods 9 - To the Sky - atm9sky\mods}
[00:06:27] [main/INFO]: Found mod file ftb-ranks-forge-2001.1.7.jar of type MOD with provider {mods folder locator at C:\Users\Nuril\curseforge\minecraft\Instances\All the Mods 9 - To the Sky - atm9sky\mods}
[00:06:27] [main/INFO]: Found mod file ftb-teams-forge-2001.3.1.jar of type MOD with provider {mods folder locator at C:\Users\Nuril\curseforge\minecraft\Instances\All the Mods 9 - To the Sky - atm9sky\mods}
[00:06:27] [main/INFO]: Found mod file ftb-ultimine-forge-2001.1.5.jar of type MOD with provider {mods folder locator at C:\Users\Nuril\curseforge\minecraft\Instances\All the Mods 9 - To the Sky - atm9sky\mods}
[00:06:27] [main/INFO]: Found mod file ftb-xmod-compat-forge-2.1.3.jar of type MOD with provider {mods folder locator at C:\Users\Nuril\curseforge\minecraft\Instances\All the Mods 9 - To the Sky - atm9sky\mods}
[00:06:27] [main/INFO]: Found mod file fuelgoeshere-1.20.0-1.0.1.jar of type MOD with provider {mods folder locator at C:\Users\Nuril\curseforge\minecraft\Instances\All the Mods 9 - To the Sky - atm9sky\mods}
[00:06:27] [main/INFO]: Found mod file functionalstorage-1.20.1-1.2.12.jar of type MOD with provider {mods folder locator at C:\Users\Nuril\curseforge\minecraft\Instances\All the Mods 9 - To the Sky - atm9sky\mods}
[00:06:27] [main/INFO]: Found mod file fusion-1.2.7b-forge-mc1.20.1.jar of type MOD with provider {mods folder locator at C:\Users\Nuril\curseforge\minecraft\Instances\All the Mods 9 - To the Sky - atm9sky\mods}
[00:06:27] [main/INFO]: Found mod file GatewaysToEternity-1.20.1-4.2.6.jar of type MOD with provider {mods folder locator at C:\Users\Nuril\curseforge\minecraft\Instances\All the Mods 9 - To the Sky - atm9sky\mods}
[00:06:27] [main/INFO]: Found mod file geckolib-forge-1.20.1-4.7.1.2.jar of type MOD with provider {mods folder locator at C:\Users\Nuril\curseforge\minecraft\Instances\All the Mods 9 - To the Sky - atm9sky\mods}
[00:06:27] [main/INFO]: Found mod file generatorgalore-1.20.1-1.2.4.jar of type MOD with provider {mods folder locator at C:\Users\Nuril\curseforge\minecraft\Instances\All the Mods 9 - To the Sky - atm9sky\mods}
[00:06:27] [main/INFO]: Found mod file glassential-forge-1.20.1-2.0.0.jar of type MOD with provider {mods folder locator at C:\Users\Nuril\curseforge\minecraft\Instances\All the Mods 9 - To the Sky - atm9sky\mods}
[00:06:27] [main/INFO]: Found mod file Glodium-1.20-1.5-forge.jar of type MOD with provider {mods folder locator at C:\Users\Nuril\curseforge\minecraft\Instances\All the Mods 9 - To the Sky - atm9sky\mods}
[00:06:27] [main/INFO]: Found mod file guideme-20.1.7.jar of type MOD with provider {mods folder locator at C:\Users\Nuril\curseforge\minecraft\Instances\All the Mods 9 - To the Sky - atm9sky\mods}
[00:06:27] [main/INFO]: Found mod file GunpowderLib-1.20.2-2.2.2.jar of type MOD with provider {mods folder locator at C:\Users\Nuril\curseforge\minecraft\Instances\All the Mods 9 - To the Sky - atm9sky\mods}
[00:06:27] [main/INFO]: Found mod file HostileNeuralNetworks-1.20.1-5.3.3.jar of type MOD with provider {mods folder locator at C:\Users\Nuril\curseforge\minecraft\Instances\All the Mods 9 - To the Sky - atm9sky\mods}
[00:06:27] [main/INFO]: Found mod file hyperbox-1.20.1-4.0.2.0.jar of type MOD with provider {mods folder locator at C:\Users\Nuril\curseforge\minecraft\Instances\All the Mods 9 - To the Sky - atm9sky\mods}
[00:06:27] [main/INFO]: Found mod file Iceberg-1.20.1-forge-1.1.25.jar of type MOD with provider {mods folder locator at C:\Users\Nuril\curseforge\minecraft\Instances\All the Mods 9 - To the Sky - atm9sky\mods}
[00:06:27] [main/INFO]: Found mod file ImmersiveEngineering-1.20.1-10.2.0-183.jar of type MOD with provider {mods folder locator at C:\Users\Nuril\curseforge\minecraft\Instances\All the Mods 9 - To the Sky - atm9sky\mods}
[00:06:27] [main/INFO]: Found mod file industrial-foregoing-1.20.1-3.5.19.jar of type MOD with provider {mods folder locator at C:\Users\Nuril\curseforge\minecraft\Instances\All the Mods 9 - To the Sky - atm9sky\mods}
[00:06:27] [main/INFO]: Found mod file IntegratedCrafting-1.20.1-1.2.0.jar of type MOD with provider {mods folder locator at C:\Users\Nuril\curseforge\minecraft\Instances\All the Mods 9 - To the Sky - atm9sky\mods}
[00:06:27] [main/INFO]: Found mod file IntegratedDynamics-1.20.1-1.26.1.jar of type MOD with provider {mods folder locator at C:\Users\Nuril\curseforge\minecraft\Instances\All the Mods 9 - To the Sky - atm9sky\mods}
[00:06:27] [main/INFO]: Found mod file IntegratedTerminals-1.20.1-1.6.7.jar of type MOD with provider {mods folder locator at C:\Users\Nuril\curseforge\minecraft\Instances\All the Mods 9 - To the Sky - atm9sky\mods}
[00:06:27] [main/INFO]: Found mod file IntegratedTunnels-1.20.1-1.8.36.jar of type MOD with provider {mods folder locator at C:\Users\Nuril\curseforge\minecraft\Instances\All the Mods 9 - To the Sky - atm9sky\mods}
[00:06:27] [main/INFO]: Found mod file inventoryessentials-forge-1.20.1-8.2.7.jar of type MOD with provider {mods folder locator at C:\Users\Nuril\curseforge\minecraft\Instances\All the Mods 9 - To the Sky - atm9sky\mods}
[00:06:27] [main/INFO]: Found mod file invtweaks-1.20.1-1.2.0.jar of type MOD with provider {mods folder locator at C:\Users\Nuril\curseforge\minecraft\Instances\All the Mods 9 - To the Sky - atm9sky\mods}
[00:06:27] [main/INFO]: Found mod file ironfurnaces-1.20.1-4.1.6.jar of type MOD with provider {mods folder locator at C:\Users\Nuril\curseforge\minecraft\Instances\All the Mods 9 - To the Sky - atm9sky\mods}
[00:06:27] [main/INFO]: Found mod file IronJetpacks-1.20.1-7.0.8.jar of type MOD with provider {mods folder locator at C:\Users\Nuril\curseforge\minecraft\Instances\All the Mods 9 - To the Sky - atm9sky\mods}
[00:06:27] [main/INFO]: Found mod file item-filters-forge-2001.1.0-build.59.jar of type MOD with provider {mods folder locator at C:\Users\Nuril\curseforge\minecraft\Instances\All the Mods 9 - To the Sky - atm9sky\mods}
[00:06:27] [main/INFO]: Found mod file itemcollectors-1.1.10-forge-mc1.20.jar of type MOD with provider {mods folder locator at C:\Users\Nuril\curseforge\minecraft\Instances\All the Mods 9 - To the Sky - atm9sky\mods}
[00:06:27] [main/INFO]: Found mod file Jade-1.20.1-Forge-11.13.1.jar of type MOD with provider {mods folder locator at C:\Users\Nuril\curseforge\minecraft\Instances\All the Mods 9 - To the Sky - atm9sky\mods}
[00:06:27] [main/INFO]: Found mod file JadeAddons-1.20.1-Forge-5.5.0.jar of type MOD with provider {mods folder locator at C:\Users\Nuril\curseforge\minecraft\Instances\All the Mods 9 - To the Sky - atm9sky\mods}
[00:06:27] [main/INFO]: Found mod file jei-1.20.1-forge-15.20.0.106.jar of type MOD with provider {mods folder locator at C:\Users\Nuril\curseforge\minecraft\Instances\All the Mods 9 - To the Sky - atm9sky\mods}
[00:06:27] [main/INFO]: Found mod file jeiintegration_1.20.1-10.0.0.jar of type MOD with provider {mods folder locator at C:\Users\Nuril\curseforge\minecraft\Instances\All the Mods 9 - To the Sky - atm9sky\mods}
[00:06:27] [main/INFO]: Found mod file JustEnoughProfessions-forge-1.20.1-3.0.1.jar of type MOD with provider {mods folder locator at C:\Users\Nuril\curseforge\minecraft\Instances\All the Mods 9 - To the Sky - atm9sky\mods}
[00:06:27] [main/INFO]: Found mod file JustEnoughResources-1.20.1-1.4.0.247.jar of type MOD with provider {mods folder locator at C:\Users\Nuril\curseforge\minecraft\Instances\All the Mods 9 - To the Sky - atm9sky\mods}
[00:06:27] [main/INFO]: Found mod file justzoom_forge_2.0.0_MC_1.20.1.jar of type MOD with provider {mods folder locator at C:\Users\Nuril\curseforge\minecraft\Instances\All the Mods 9 - To the Sky - atm9sky\mods}
[00:06:27] [main/INFO]: Found mod file keybindbundles-1.20.1-1.1.0.jar of type MOD with provider {mods folder locator at C:\Users\Nuril\curseforge\minecraft\Instances\All the Mods 9 - To the Sky - atm9sky\mods}
[00:06:27] [main/INFO]: Found mod file keybindspurger-1.20.1-forge-1.3.3.jar of type MOD with provider {mods folder locator at C:\Users\Nuril\curseforge\minecraft\Instances\All the Mods 9 - To the Sky - atm9sky\mods}
[00:06:27] [main/INFO]: Found mod file konkrete_forge_1.8.0_MC_1.20-1.20.1.jar of type MOD with provider {mods folder locator at C:\Users\Nuril\curseforge\minecraft\Instances\All the Mods 9 - To the Sky - atm9sky\mods}
[00:06:27] [main/INFO]: Found mod file kotlinforforge-4.11.0-all.jar of type LIBRARY with provider {mods folder locator at C:\Users\Nuril\curseforge\minecraft\Instances\All the Mods 9 - To the Sky - atm9sky\mods}
[00:06:27] [main/INFO]: Found mod file kubejs-forge-2001.6.5-build.16.jar of type MOD with provider {mods folder locator at C:\Users\Nuril\curseforge\minecraft\Instances\All the Mods 9 - To the Sky - atm9sky\mods}
[00:06:27] [main/INFO]: Found mod file kubejs_enderio-forge-1.20.1-0.6.0.jar of type MOD with provider {mods folder locator at C:\Users\Nuril\curseforge\minecraft\Instances\All the Mods 9 - To the Sky - atm9sky\mods}
[00:06:27] [main/INFO]: Found mod file laserio-1.6.8.jar of type MOD with provider {mods folder locator at C:\Users\Nuril\curseforge\minecraft\Instances\All the Mods 9 - To the Sky - atm9sky\mods}
[00:06:27] [main/INFO]: Found mod file LibX-1.20.1-5.0.14.jar of type MOD with provider {mods folder locator at C:\Users\Nuril\curseforge\minecraft\Instances\All the Mods 9 - To the Sky - atm9sky\mods}
[00:06:27] [main/INFO]: Found mod file lootr-forge-1.20-0.7.35.91.jar of type MOD with provider {mods folder locator at C:\Users\Nuril\curseforge\minecraft\Instances\All the Mods 9 - To the Sky - atm9sky\mods}
[00:06:27] [main/INFO]: Found mod file luminax-1.3.0_forge_1.20.1.jar of type MOD with provider {mods folder locator at C:\Users\Nuril\curseforge\minecraft\Instances\All the Mods 9 - To the Sky - atm9sky\mods}
[00:06:27] [main/INFO]: Found mod file matc-1.6.0.jar of type MOD with provider {mods folder locator at C:\Users\Nuril\curseforge\minecraft\Instances\All the Mods 9 - To the Sky - atm9sky\mods}
[00:06:27] [main/INFO]: Found mod file mcef-forge-2.1.6-1.20.1.jar of type MOD with provider {mods folder locator at C:\Users\Nuril\curseforge\minecraft\Instances\All the Mods 9 - To the Sky - atm9sky\mods}
[00:06:27] [main/INFO]: Found mod file mcjtylib-1.20-8.0.7.jar of type MOD with provider {mods folder locator at C:\Users\Nuril\curseforge\minecraft\Instances\All the Mods 9 - To the Sky - atm9sky\mods}
[00:06:27] [main/INFO]: Found mod file mcw-bridges-3.1.0-mc1.20.1forge.jar of type MOD with provider {mods folder locator at C:\Users\Nuril\curseforge\minecraft\Instances\All the Mods 9 - To the Sky - atm9sky\mods}
[00:06:27] [main/INFO]: Found mod file mcw-doors-1.1.2-mc1.20.1forge.jar of type MOD with provider {mods folder locator at C:\Users\Nuril\curseforge\minecraft\Instances\All the Mods 9 - To the Sky - atm9sky\mods}
[00:06:27] [main/INFO]: Found mod file mcw-fences-1.2.0-1.20.1forge.jar of type MOD with provider {mods folder locator at C:\Users\Nuril\curseforge\minecraft\Instances\All the Mods 9 - To the Sky - atm9sky\mods}
[00:06:27] [main/INFO]: Found mod file mcw-furniture-3.3.0-mc1.20.1forge.jar of type MOD with provider {mods folder locator at C:\Users\Nuril\curseforge\minecraft\Instances\All the Mods 9 - To the Sky - atm9sky\mods}
[00:06:27] [main/INFO]: Found mod file mcw-roofs-2.3.2-mc1.20.1forge.jar of type MOD with provider {mods folder locator at C:\Users\Nuril\curseforge\minecraft\Instances\All the Mods 9 - To the Sky - atm9sky\mods}
[00:06:27] [main/INFO]: Found mod file mcw-trapdoors-1.1.4-mc1.20.1forge.jar of type MOD with provider {mods folder locator at C:\Users\Nuril\curseforge\minecraft\Instances\All the Mods 9 - To the Sky - atm9sky\mods}
[00:06:27] [main/INFO]: Found mod file mcw-windows-2.3.0-mc1.20.1forge.jar of type MOD with provider {mods folder locator at C:\Users\Nuril\curseforge\minecraft\Instances\All the Mods 9 - To the Sky - atm9sky\mods}
[00:06:27] [main/INFO]: Found mod file Measurements-forge-1.20.1-2.0.1.jar of type MOD with provider {mods folder locator at C:\Users\Nuril\curseforge\minecraft\Instances\All the Mods 9 - To the Sky - atm9sky\mods}
[00:06:27] [main/INFO]: Found mod file megacells-forge-2.4.6-1.20.1.jar of type MOD with provider {mods folder locator at C:\Users\Nuril\curseforge\minecraft\Instances\All the Mods 9 - To the Sky - atm9sky\mods}
[00:06:27] [main/INFO]: Found mod file Mekanism-1.20.1-10.4.16.80.jar of type MOD with provider {mods folder locator at C:\Users\Nuril\curseforge\minecraft\Instances\All the Mods 9 - To the Sky - atm9sky\mods}
[00:06:27] [main/INFO]: Found mod file MekanismGenerators-1.20.1-10.4.16.80.jar of type MOD with provider {mods folder locator at C:\Users\Nuril\curseforge\minecraft\Instances\All the Mods 9 - To the Sky - atm9sky\mods}
[00:06:27] [main/INFO]: Found mod file MekanismTools-1.20.1-10.4.16.80.jar of type MOD with provider {mods folder locator at C:\Users\Nuril\curseforge\minecraft\Instances\All the Mods 9 - To the Sky - atm9sky\mods}
[00:06:27] [main/INFO]: Found mod file merequester-forge-1.20.1-1.1.5.jar of type MOD with provider {mods folder locator at C:\Users\Nuril\curseforge\minecraft\Instances\All the Mods 9 - To the Sky - atm9sky\mods}
[00:06:27] [main/INFO]: Found mod file mob_grinding_utils-1.20.1-1.1.0.jar of type MOD with provider {mods folder locator at C:\Users\Nuril\curseforge\minecraft\Instances\All the Mods 9 - To the Sky - atm9sky\mods}
[00:06:27] [main/INFO]: Found mod file modernfix-forge-5.23.0+mc1.20.1.jar of type MOD with provider {mods folder locator at C:\Users\Nuril\curseforge\minecraft\Instances\All the Mods 9 - To the Sky - atm9sky\mods}
[00:06:27] [main/INFO]: Found mod file modonomicon-1.20.1-forge-1.77.6.jar of type MOD with provider {mods folder locator at C:\Users\Nuril\curseforge\minecraft\Instances\All the Mods 9 - To the Sky - atm9sky\mods}
[00:06:27] [main/INFO]: Found mod file modular-routers-12.1.1+mc1.20.1.jar of type MOD with provider {mods folder locator at C:\Users\Nuril\curseforge\minecraft\Instances\All the Mods 9 - To the Sky - atm9sky\mods}
[00:06:27] [main/INFO]: Found mod file moonlight-1.20-2.14.1-forge.jar of type MOD with provider {mods folder locator at C:\Users\Nuril\curseforge\minecraft\Instances\All the Mods 9 - To the Sky - atm9sky\mods}
[00:06:27] [main/INFO]: Found mod file moredragoneggs-4.0.jar of type MOD with provider {mods folder locator at C:\Users\Nuril\curseforge\minecraft\Instances\All the Mods 9 - To the Sky - atm9sky\mods}
[00:06:27] [main/INFO]: Found mod file moreoverlays-1.22.7-mc1.20.2.jar of type MOD with provider {mods folder locator at C:\Users\Nuril\curseforge\minecraft\Instances\All the Mods 9 - To the Sky - atm9sky\mods}
[00:06:27] [main/INFO]: Found mod file morered-1.20.1-4.0.0.4.jar of type MOD with provider {mods folder locator at C:\Users\Nuril\curseforge\minecraft\Instances\All the Mods 9 - To the Sky - atm9sky\mods}
[00:06:27] [main/INFO]: Found mod file MouseTweaks-forge-mc1.20.1-2.25.1.jar of type MOD with provider {mods folder locator at C:\Users\Nuril\curseforge\minecraft\Instances\All the Mods 9 - To the Sky - atm9sky\mods}
[00:06:27] [main/INFO]: Found mod file MysticalAgradditions-1.20.1-7.0.10.jar of type MOD with provider {mods folder locator at C:\Users\Nuril\curseforge\minecraft\Instances\All the Mods 9 - To the Sky - atm9sky\mods}
[00:06:27] [main/INFO]: Found mod file MysticalAgriculture-1.20.1-7.0.20.jar of type MOD with provider {mods folder locator at C:\Users\Nuril\curseforge\minecraft\Instances\All the Mods 9 - To the Sky - atm9sky\mods}
[00:06:27] [main/INFO]: Found mod file MysticalCustomization-1.20.1-5.0.2.jar of type MOD with provider {mods folder locator at C:\Users\Nuril\curseforge\minecraft\Instances\All the Mods 9 - To the Sky - atm9sky\mods}
[00:06:27] [main/INFO]: Found mod file MythicBotany-1.20.1-4.0.3.jar of type MOD with provider {mods folder locator at C:\Users\Nuril\curseforge\minecraft\Instances\All the Mods 9 - To the Sky - atm9sky\mods}
[00:06:27] [main/INFO]: Found mod file NaturesCompass-1.20.1-1.11.2-forge.jar of type MOD with provider {mods folder locator at C:\Users\Nuril\curseforge\minecraft\Instances\All the Mods 9 - To the Sky - atm9sky\mods}
[00:06:27] [main/INFO]: Found mod file Necronomicon-Forge-1.6.0+1.20.1.jar of type MOD with provider {mods folder locator at C:\Users\Nuril\curseforge\minecraft\Instances\All the Mods 9 - To the Sky - atm9sky\mods}
[00:06:27] [main/INFO]: Found mod file NoChatReports-FORGE-1.20.1-v2.2.2.jar of type MOD with provider {mods folder locator at C:\Users\Nuril\curseforge\minecraft\Instances\All the Mods 9 - To the Sky - atm9sky\mods}
[00:06:27] [main/INFO]: Found mod file NonConflictKeys-Forge-1.19.X-1.20-1.0.0.jar of type MOD with provider {mods folder locator at C:\Users\Nuril\curseforge\minecraft\Instances\All the Mods 9 - To the Sky - atm9sky\mods}
[00:06:27] [main/INFO]: Found mod file Not Enough Recipe Book-FORGE-0.4.1+1.20.1.jar of type MOD with provider {mods folder locator at C:\Users\Nuril\curseforge\minecraft\Instances\All the Mods 9 - To the Sky - atm9sky\mods}
[00:06:27] [main/INFO]: Found mod file notrample-1.20.1-1.0.1.jar of type MOD with provider {mods folder locator at C:\Users\Nuril\curseforge\minecraft\Instances\All the Mods 9 - To the Sky - atm9sky\mods}
[00:06:27] [main/INFO]: Found mod file observable-4.4.1.jar of type MOD with provider {mods folder locator at C:\Users\Nuril\curseforge\minecraft\Instances\All the Mods 9 - To the Sky - atm9sky\mods}
[00:06:27] [main/INFO]: Found mod file occultism-1.20.1-1.141.4.jar of type MOD with provider {mods folder locator at C:\Users\Nuril\curseforge\minecraft\Instances\All the Mods 9 - To the Sky - atm9sky\mods}
[00:06:27] [main/INFO]: Found mod file OctoLib-FORGE-0.5.0.1+1.20.1.jar of type MOD with provider {mods folder locator at C:\Users\Nuril\curseforge\minecraft\Instances\All the Mods 9 - To the Sky - atm9sky\mods}
[00:06:27] [main/INFO]: Found mod file oculus-mc1.20.1-1.8.0.jar of type MOD with provider {mods folder locator at C:\Users\Nuril\curseforge\minecraft\Instances\All the Mods 9 - To the Sky - atm9sky\mods}
[00:06:27] [main/INFO]: Found mod file OreBerries-Replanted-1.20.1-0.5.2.jar of type MOD with provider {mods folder locator at C:\Users\Nuril\curseforge\minecraft\Instances\All the Mods 9 - To the Sky - atm9sky\mods}
[00:06:27] [main/INFO]: Found mod file packetfixer-forge-2.0.0-1.19-to-1.20.1.jar of type MOD with provider {mods folder locator at C:\Users\Nuril\curseforge\minecraft\Instances\All the Mods 9 - To the Sky - atm9sky\mods}
[00:06:27] [main/INFO]: Found mod file PackMenu-1.20.1-6.1.2.jar of type MOD with provider {mods folder locator at C:\Users\Nuril\curseforge\minecraft\Instances\All the Mods 9 - To the Sky - atm9sky\mods}
[00:06:27] [main/INFO]: Found mod file Patchouli-1.20.1-84.1-FORGE.jar of type MOD with provider {mods folder locator at C:\Users\Nuril\curseforge\minecraft\Instances\All the Mods 9 - To the Sky - atm9sky\mods}
[00:06:27] [main/INFO]: Found mod file phosphophyllite-1.20.1-0.7.0-alpha.0.2.jar of type MOD with provider {mods folder locator at C:\Users\Nuril\curseforge\minecraft\Instances\All the Mods 9 - To the Sky - atm9sky\mods}
[00:06:27] [main/INFO]: Found mod file PickleTweaks-1.20.1-8.0.5.jar of type MOD with provider {mods folder locator at C:\Users\Nuril\curseforge\minecraft\Instances\All the Mods 9 - To the Sky - atm9sky\mods}
[00:06:27] [main/INFO]: Found mod file PigPen-Forge-1.20.1-15.0.2.jar of type MOD with provider {mods folder locator at C:\Users\Nuril\curseforge\minecraft\Instances\All the Mods 9 - To the Sky - atm9sky\mods}
[00:06:27] [main/INFO]: Found mod file pipez-forge-1.20.1-1.2.21.jar of type MOD with provider {mods folder locator at C:\Users\Nuril\curseforge\minecraft\Instances\All the Mods 9 - To the Sky - atm9sky\mods}
[00:06:27] [main/INFO]: Found mod file Placebo-1.20.1-8.6.3.jar of type MOD with provider {mods folder locator at C:\Users\Nuril\curseforge\minecraft\Instances\All the Mods 9 - To the Sky - atm9sky\mods}
[00:06:27] [main/INFO]: Found mod file plonk-1.20.1-10.0.5-forge.jar of type MOD with provider {mods folder locator at C:\Users\Nuril\curseforge\minecraft\Instances\All the Mods 9 - To the Sky - atm9sky\mods}
[00:06:27] [main/INFO]: Found mod file pneumaticcraft-repressurized-6.0.20+mc1.20.1.jar of type MOD with provider {mods folder locator at C:\Users\Nuril\curseforge\minecraft\Instances\All the Mods 9 - To the Sky - atm9sky\mods}
[00:06:27] [main/INFO]: Found mod file polyeng-forge-0.1.1-1.20.1.jar of type MOD with provider {mods folder locator at C:\Users\Nuril\curseforge\minecraft\Instances\All the Mods 9 - To the Sky - atm9sky\mods}
[00:06:27] [main/INFO]: Found mod file polymorph-forge-0.49.10+1.20.1.jar of type MOD with provider {mods folder locator at C:\Users\Nuril\curseforge\minecraft\Instances\All the Mods 9 - To the Sky - atm9sky\mods}
[00:06:27] [main/INFO]: Found mod file ponderjs-1.20.1-2.0.5.jar of type MOD with provider {mods folder locator at C:\Users\Nuril\curseforge\minecraft\Instances\All the Mods 9 - To the Sky - atm9sky\mods}
[00:06:27] [main/INFO]: Found mod file Powah-5.0.10.jar of type MOD with provider {mods folder locator at C:\Users\Nuril\curseforge\minecraft\Instances\All the Mods 9 - To the Sky - atm9sky\mods}
[00:06:27] [main/INFO]: Found mod file productivebees-1.20.1-12.6.0.jar of type MOD with provider {mods folder locator at C:\Users\Nuril\curseforge\minecraft\Instances\All the Mods 9 - To the Sky - atm9sky\mods}
[00:06:27] [main/INFO]: Found mod file productivetrees-1.20.1-0.2.6.jar of type MOD with provider {mods folder locator at C:\Users\Nuril\curseforge\minecraft\Instances\All the Mods 9 - To the Sky - atm9sky\mods}
[00:06:27] [main/INFO]: Found mod file ProjectE-1.20.1-PE1.0.1.jar of type MOD with provider {mods folder locator at C:\Users\Nuril\curseforge\minecraft\Instances\All the Mods 9 - To the Sky - atm9sky\mods}
[00:06:27] [main/INFO]: Found mod file pylons-1.20.1-4.2.1.jar of type MOD with provider {mods folder locator at C:\Users\Nuril\curseforge\minecraft\Instances\All the Mods 9 - To the Sky - atm9sky\mods}
[00:06:27] [main/INFO]: Found mod file quartz-1.20.1-0.2.0-alpha.0.1.jar of type MOD with provider {mods folder locator at C:\Users\Nuril\curseforge\minecraft\Instances\All the Mods 9 - To the Sky - atm9sky\mods}
[00:06:27] [main/INFO]: Found mod file reap-forge-1.20.1-1.1.2.jar of type MOD with provider {mods folder locator at C:\Users\Nuril\curseforge\minecraft\Instances\All the Mods 9 - To the Sky - atm9sky\mods}
[00:06:27] [main/INFO]: Found mod file rechiseled-1.1.6-forge-mc1.20.jar of type MOD with provider {mods folder locator at C:\Users\Nuril\curseforge\minecraft\Instances\All the Mods 9 - To the Sky - atm9sky\mods}
[00:06:27] [main/INFO]: Found mod file redstone_arsenal-1.20.1-8.0.1.24.jar of type MOD with provider {mods folder locator at C:\Users\Nuril\curseforge\minecraft\Instances\All the Mods 9 - To the Sky - atm9sky\mods}
[00:06:27] [main/INFO]: Found mod file refinedpolymorph-0.1.1-1.20.1.jar of type MOD with provider {mods folder locator at C:\Users\Nuril\curseforge\minecraft\Instances\All the Mods 9 - To the Sky - atm9sky\mods}
[00:06:27] [main/INFO]: Found mod file refinedstorage-1.12.4.jar of type MOD with provider {mods folder locator at C:\Users\Nuril\curseforge\minecraft\Instances\All the Mods 9 - To the Sky - atm9sky\mods}
[00:06:27] [main/INFO]: Found mod file refinedstorageaddons-0.10.0.jar of type MOD with provider {mods folder locator at C:\Users\Nuril\curseforge\minecraft\Instances\All the Mods 9 - To the Sky - atm9sky\mods}
[00:06:27] [main/INFO]: Found mod file reliquary-1.20.1-2.0.45.1248.jar of type MOD with provider {mods folder locator at C:\Users\Nuril\curseforge\minecraft\Instances\All the Mods 9 - To the Sky - atm9sky\mods}
[00:06:27] [main/INFO]: Found mod file resourcefulconfig-forge-1.20.1-2.1.3.jar of type MOD with provider {mods folder locator at C:\Users\Nuril\curseforge\minecraft\Instances\All the Mods 9 - To the Sky - atm9sky\mods}
[00:06:27] [main/INFO]: Found mod file resourcefullib-forge-1.20.1-2.1.29.jar of type MOD with provider {mods folder locator at C:\Users\Nuril\curseforge\minecraft\Instances\All the Mods 9 - To the Sky - atm9sky\mods}
[00:06:27] [main/INFO]: Found mod file rftoolsbase-1.20-5.0.6.jar of type MOD with provider {mods folder locator at C:\Users\Nuril\curseforge\minecraft\Instances\All the Mods 9 - To the Sky - atm9sky\mods}
[00:06:27] [main/INFO]: Found mod file rftoolsbuilder-1.20-6.0.8.jar of type MOD with provider {mods folder locator at C:\Users\Nuril\curseforge\minecraft\Instances\All the Mods 9 - To the Sky - atm9sky\mods}
[00:06:27] [main/INFO]: Found mod file rftoolspower-1.20-6.0.2.jar of type MOD with provider {mods folder locator at C:\Users\Nuril\curseforge\minecraft\Instances\All the Mods 9 - To the Sky - atm9sky\mods}
[00:06:27] [main/INFO]: Found mod file rftoolsstorage-1.20-5.0.3.jar of type MOD with provider {mods folder locator at C:\Users\Nuril\curseforge\minecraft\Instances\All the Mods 9 - To the Sky - atm9sky\mods}
[00:06:27] [main/INFO]: Found mod file rftoolsutility-1.20-6.0.6.jar of type MOD with provider {mods folder locator at C:\Users\Nuril\curseforge\minecraft\Instances\All the Mods 9 - To the Sky - atm9sky\mods}
[00:06:27] [main/INFO]: Found mod file rhino-forge-2001.2.3-build.10.jar of type MOD with provider {mods folder locator at C:\Users\Nuril\curseforge\minecraft\Instances\All the Mods 9 - To the Sky - atm9sky\mods}
[00:06:27] [main/INFO]: Found mod file RSInfinityBooster-1.20.1-1.0+41.jar of type MOD with provider {mods folder locator at C:\Users\Nuril\curseforge\minecraft\Instances\All the Mods 9 - To the Sky - atm9sky\mods}
[00:06:27] [main/INFO]: Found mod file rsrequestify-1.20.1-2.3.3.jar of type MOD with provider {mods folder locator at C:\Users\Nuril\curseforge\minecraft\Instances\All the Mods 9 - To the Sky - atm9sky\mods}
[00:06:27] [main/INFO]: Found mod file rubidium-extra-0.5.4.4+mc1.20.1-build.131.jar of type MOD with provider {mods folder locator at C:\Users\Nuril\curseforge\minecraft\Instances\All the Mods 9 - To the Sky - atm9sky\mods}
[00:06:27] [main/INFO]: Found mod file Runelic-Forge-1.20.1-18.0.2.jar of type MOD with provider {mods folder locator at C:\Users\Nuril\curseforge\minecraft\Instances\All the Mods 9 - To the Sky - atm9sky\mods}
[00:06:27] [main/INFO]: Found mod file ScalableCatsForce-3.3.1-build-0-with-library.jar of type LANGPROVIDER with provider {mods folder locator at C:\Users\Nuril\curseforge\minecraft\Instances\All the Mods 9 - To the Sky - atm9sky\mods}
[00:06:27] [main/INFO]: Found mod file Searchables-forge-1.20.1-1.0.3.jar of type MOD with provider {mods folder locator at C:\Users\Nuril\curseforge\minecraft\Instances\All the Mods 9 - To the Sky - atm9sky\mods}
[00:06:27] [main/INFO]: Found mod file shetiphiancore-forge-1.20.1-1.4.jar of type MOD with provider {mods folder locator at C:\Users\Nuril\curseforge\minecraft\Instances\All the Mods 9 - To the Sky - atm9sky\mods}
[00:06:27] [main/INFO]: Found mod file showcaseitem-1.20.1-1.2.jar of type MOD with provider {mods folder locator at C:\Users\Nuril\curseforge\minecraft\Instances\All the Mods 9 - To the Sky - atm9sky\mods}
[00:06:27] [main/INFO]: Found mod file Shrink-1.20.1-1.4.5.jar of type MOD with provider {mods folder locator at C:\Users\Nuril\curseforge\minecraft\Instances\All the Mods 9 - To the Sky - atm9sky\mods}
[00:06:27] [main/INFO]: Found mod file silent-gear-1.20.1-3.6.6.jar of type MOD with provider {mods folder locator at C:\Users\Nuril\curseforge\minecraft\Instances\All the Mods 9 - To the Sky - atm9sky\mods}
[00:06:27] [main/INFO]: Found mod file silent-lib-1.20.1-8.0.0.jar of type MOD with provider {mods folder locator at C:\Users\Nuril\curseforge\minecraft\Instances\All the Mods 9 - To the Sky - atm9sky\mods}
[00:06:27] [main/INFO]: Found mod file SimpleBackups-1.20.1-3.1.7.jar of type MOD with provider {mods folder locator at C:\Users\Nuril\curseforge\minecraft\Instances\All the Mods 9 - To the Sky - atm9sky\mods}
[00:06:27] [main/INFO]: Found mod file simplemagnets-1.1.12-forge-mc1.20.1.jar of type MOD with provider {mods folder locator at C:\Users\Nuril\curseforge\minecraft\Instances\All the Mods 9 - To the Sky - atm9sky\mods}
[00:06:27] [main/INFO]: Found mod file simplylight-1.20.1-1.4.6-build.50.jar of type MOD with provider {mods folder locator at C:\Users\Nuril\curseforge\minecraft\Instances\All the Mods 9 - To the Sky - atm9sky\mods}
[00:06:27] [main/INFO]: Found mod file SkyblockBuilder-1.20.1-5.1.26.jar of type MOD with provider {mods folder locator at C:\Users\Nuril\curseforge\minecraft\Instances\All the Mods 9 - To the Sky - atm9sky\mods}
[00:06:27] [main/INFO]: Found mod file SkyGUIs-1.20.1-3.0.16.jar of type MOD with provider {mods folder locator at C:\Users\Nuril\curseforge\minecraft\Instances\All the Mods 9 - To the Sky - atm9sky\mods}
[00:06:27] [main/INFO]: Found mod file SmartBrainLib-forge-1.20.1-1.15.jar of type MOD with provider {mods folder locator at C:\Users\Nuril\curseforge\minecraft\Instances\All the Mods 9 - To the Sky - atm9sky\mods}
[00:06:27] [main/INFO]: Found mod file smoothboot(reloaded)-mc1.20.1-0.0.4.jar of type MOD with provider {mods folder locator at C:\Users\Nuril\curseforge\minecraft\Instances\All the Mods 9 - To the Sky - atm9sky\mods}
[00:06:27] [main/INFO]: Found mod file smoothchunk-1.20.1-4.1.jar of type MOD with provider {mods folder locator at C:\Users\Nuril\curseforge\minecraft\Instances\All the Mods 9 - To the Sky - atm9sky\mods}
[00:06:27] [main/INFO]: Found mod file SolarGeneration-1.20.1-6.0.2.jar of type MOD with provider {mods folder locator at C:\Users\Nuril\curseforge\minecraft\Instances\All the Mods 9 - To the Sky - atm9sky\mods}
[00:06:27] [main/INFO]: Found mod file sophisticatedbackpacks-1.20.1-3.23.19.1251.jar of type MOD with provider {mods folder locator at C:\Users\Nuril\curseforge\minecraft\Instances\All the Mods 9 - To the Sky - atm9sky\mods}
[00:06:27] [main/INFO]: Found mod file sophisticatedcore-1.20.1-1.2.66.997.jar of type MOD with provider {mods folder locator at C:\Users\Nuril\curseforge\minecraft\Instances\All the Mods 9 - To the Sky - atm9sky\mods}
[00:06:27] [main/INFO]: Found mod file sophisticatedstorage-1.20.1-1.3.47.1163.jar of type MOD with provider {mods folder locator at C:\Users\Nuril\curseforge\minecraft\Instances\All the Mods 9 - To the Sky - atm9sky\mods}
[00:06:27] [main/INFO]: Found mod file sound-physics-remastered-forge-1.20.1-1.4.10.jar of type MOD with provider {mods folder locator at C:\Users\Nuril\curseforge\minecraft\Instances\All the Mods 9 - To the Sky - atm9sky\mods}
[00:06:27] [main/INFO]: Found mod file spark-1.10.53-forge.jar of type MOD with provider {mods folder locator at C:\Users\Nuril\curseforge\minecraft\Instances\All the Mods 9 - To the Sky - atm9sky\mods}
[00:06:27] [main/INFO]: Found mod file squatgrow-forge-5.3.0+mc1.20.1.jar of type MOD with provider {mods folder locator at C:\Users\Nuril\curseforge\minecraft\Instances\All the Mods 9 - To the Sky - atm9sky\mods}
[00:06:27] [main/INFO]: Found mod file StructureCompass-1.20.1-2.1.0.jar of type MOD with provider {mods folder locator at C:\Users\Nuril\curseforge\minecraft\Instances\All the Mods 9 - To the Sky - atm9sky\mods}
[00:06:27] [main/INFO]: Found mod file summoningrituals-forge-1.20.1-2.0.8.jar of type MOD with provider {mods folder locator at C:\Users\Nuril\curseforge\minecraft\Instances\All the Mods 9 - To the Sky - atm9sky\mods}
[00:06:27] [main/INFO]: Found mod file Super Factory Manager (SFM)-MC1.20.1-4.21.0.jar of type MOD with provider {mods folder locator at C:\Users\Nuril\curseforge\minecraft\Instances\All the Mods 9 - To the Sky - atm9sky\mods}
[00:06:27] [main/INFO]: Found mod file supermartijn642configlib-1.1.8-forge-mc1.20.jar of type MOD with provider {mods folder locator at C:\Users\Nuril\curseforge\minecraft\Instances\All the Mods 9 - To the Sky - atm9sky\mods}
[00:06:27] [main/INFO]: Found mod file supermartijn642corelib-1.1.18-forge-mc1.20.1.jar of type MOD with provider {mods folder locator at C:\Users\Nuril\curseforge\minecraft\Instances\All the Mods 9 - To the Sky - atm9sky\mods}
[00:06:27] [main/INFO]: Found mod file supplementaries-1.20-3.1.30.jar of type MOD with provider {mods folder locator at C:\Users\Nuril\curseforge\minecraft\Instances\All the Mods 9 - To the Sky - atm9sky\mods}
[00:06:27] [main/INFO]: Found mod file teamprojecte-1.20.1-1.1.4.jar of type MOD with provider {mods folder locator at C:\Users\Nuril\curseforge\minecraft\Instances\All the Mods 9 - To the Sky - atm9sky\mods}
[00:06:27] [main/INFO]: Found mod file tempad-forge-1.20.1-2.3.4.jar of type MOD with provider {mods folder locator at C:\Users\Nuril\curseforge\minecraft\Instances\All the Mods 9 - To the Sky - atm9sky\mods}
[00:06:27] [main/INFO]: Found mod file thermal_cultivation-1.20.1-11.0.1.24.jar of type MOD with provider {mods folder locator at C:\Users\Nuril\curseforge\minecraft\Instances\All the Mods 9 - To the Sky - atm9sky\mods}
[00:06:27] [main/INFO]: Found mod file thermal_dynamics-1.20.1-11.0.1.23.jar of type MOD with provider {mods folder locator at C:\Users\Nuril\curseforge\minecraft\Instances\All the Mods 9 - To the Sky - atm9sky\mods}
[00:06:27] [main/INFO]: Found mod file thermal_expansion-1.20.1-11.0.1.29.jar of type MOD with provider {mods folder locator at C:\Users\Nuril\curseforge\minecraft\Instances\All the Mods 9 - To the Sky - atm9sky\mods}
[00:06:27] [main/INFO]: Found mod file thermal_foundation-1.20.1-11.0.6.70.jar of type MOD with provider {mods folder locator at C:\Users\Nuril\curseforge\minecraft\Instances\All the Mods 9 - To the Sky - atm9sky\mods}
[00:06:27] [main/INFO]: Found mod file thermal_innovation-1.20.1-11.0.1.23.jar of type MOD with provider {mods folder locator at C:\Users\Nuril\curseforge\minecraft\Instances\All the Mods 9 - To the Sky - atm9sky\mods}
[00:06:27] [main/INFO]: Found mod file thermalendergy-1.20.1-1.0.0.jar of type MOD with provider {mods folder locator at C:\Users\Nuril\curseforge\minecraft\Instances\All the Mods 9 - To the Sky - atm9sky\mods}
[00:06:27] [main/INFO]: Found mod file ThermalExtra-3.2.5-1.20.1.jar of type MOD with provider {mods folder locator at C:\Users\Nuril\curseforge\minecraft\Instances\All the Mods 9 - To the Sky - atm9sky\mods}
[00:06:27] [main/INFO]: Found mod file time-in-a-bottle-4.0.4-mc1.20.1.jar of type MOD with provider {mods folder locator at C:\Users\Nuril\curseforge\minecraft\Instances\All the Mods 9 - To the Sky - atm9sky\mods}
[00:06:27] [main/INFO]: Found mod file titanium-1.20.1-3.8.32.jar of type MOD with provider {mods folder locator at C:\Users\Nuril\curseforge\minecraft\Instances\All the Mods 9 - To the Sky - atm9sky\mods}
[00:06:27] [main/INFO]: Found mod file tombstone-1.20.1-8.9.6.jar of type MOD with provider {mods folder locator at C:\Users\Nuril\curseforge\minecraft\Instances\All the Mods 9 - To the Sky - atm9sky\mods}
[00:06:27] [main/INFO]: Found mod file torchmaster-20.1.9.jar of type MOD with provider {mods folder locator at C:\Users\Nuril\curseforge\minecraft\Instances\All the Mods 9 - To the Sky - atm9sky\mods}
[00:06:27] [main/INFO]: Found mod file Translocators-1.20.1-2.6.0.86-universal.jar of type MOD with provider {mods folder locator at C:\Users\Nuril\curseforge\minecraft\Instances\All the Mods 9 - To the Sky - atm9sky\mods}
[00:06:27] [main/INFO]: Found mod file trashcans-1.0.18b-forge-mc1.20.jar of type MOD with provider {mods folder locator at C:\Users\Nuril\curseforge\minecraft\Instances\All the Mods 9 - To the Sky - atm9sky\mods}
[00:06:27] [main/INFO]: Found mod file trashslot-forge-1.20-15.1.2.jar of type MOD with provider {mods folder locator at C:\Users\Nuril\curseforge\minecraft\Instances\All the Mods 9 - To the Sky - atm9sky\mods}
[00:06:27] [main/INFO]: Found mod file utilitarian-1.20.1-0.9.1.jar of type MOD with provider {mods folder locator at C:\Users\Nuril\curseforge\minecraft\Instances\All the Mods 9 - To the Sky - atm9sky\mods}
[00:06:27] [main/INFO]: Found mod file UtilitiX-1.20.1-0.8.25.jar of type MOD with provider {mods folder locator at C:\Users\Nuril\curseforge\minecraft\Instances\All the Mods 9 - To the Sky - atm9sky\mods}
[00:06:27] [main/INFO]: Found mod file valhelsia_core-forge-1.20.1-1.1.2.jar of type MOD with provider {mods folder locator at C:\Users\Nuril\curseforge\minecraft\Instances\All the Mods 9 - To the Sky - atm9sky\mods}
[00:06:27] [main/INFO]: Found mod file voicechat-forge-1.20.1-2.5.28.jar of type MOD with provider {mods folder locator at C:\Users\Nuril\curseforge\minecraft\Instances\All the Mods 9 - To the Sky - atm9sky\mods}
[00:06:27] [main/INFO]: Found mod file waystones-forge-1.20.1-14.1.13.jar of type MOD with provider {mods folder locator at C:\Users\Nuril\curseforge\minecraft\Instances\All the Mods 9 - To the Sky - atm9sky\mods}
[00:06:27] [main/INFO]: Found mod file webdisplays-2.0.2-1.20.1.jar of type MOD with provider {mods folder locator at C:\Users\Nuril\curseforge\minecraft\Instances\All the Mods 9 - To the Sky - atm9sky\mods}
[00:06:27] [main/INFO]: Found mod file WitherSkeletonTweaks-1.20.1-9.1.0.jar of type MOD with provider {mods folder locator at C:\Users\Nuril\curseforge\minecraft\Instances\All the Mods 9 - To the Sky - atm9sky\mods}
[00:06:27] [main/INFO]: Found mod file xnet-1.20-6.1.6.jar of type MOD with provider {mods folder locator at C:\Users\Nuril\curseforge\minecraft\Instances\All the Mods 9 - To the Sky - atm9sky\mods}
[00:06:27] [main/INFO]: Found mod file xnetgases-1.20.1-5.1.4.jar of type MOD with provider {mods folder locator at C:\Users\Nuril\curseforge\minecraft\Instances\All the Mods 9 - To the Sky - atm9sky\mods}
[00:06:27] [main/INFO]: Found mod file XyCraft Core-0.6.22.jar of type MOD with provider {mods folder locator at C:\Users\Nuril\curseforge\minecraft\Instances\All the Mods 9 - To the Sky - atm9sky\mods}
[00:06:27] [main/INFO]: Found mod file XyCraft Machines-0.6.22.jar of type MOD with provider {mods folder locator at C:\Users\Nuril\curseforge\minecraft\Instances\All the Mods 9 - To the Sky - atm9sky\mods}
[00:06:27] [main/INFO]: Found mod file XyCraft Override-0.6.22.jar of type MOD with provider {mods folder locator at C:\Users\Nuril\curseforge\minecraft\Instances\All the Mods 9 - To the Sky - atm9sky\mods}
[00:06:27] [main/INFO]: Found mod file XyCraft World-0.6.22.jar of type MOD with provider {mods folder locator at C:\Users\Nuril\curseforge\minecraft\Instances\All the Mods 9 - To the Sky - atm9sky\mods}
[00:06:27] [main/INFO]: Found mod file YeetusExperimentus-Forge-2.3.1-build.6+mc1.20.1.jar of type MOD with provider {mods folder locator at C:\Users\Nuril\curseforge\minecraft\Instances\All the Mods 9 - To the Sky - atm9sky\mods}
[00:06:27] [main/INFO]: Found mod file yet_another_config_lib_v3-3.6.6+1.20.1-forge.jar of type MOD with provider {mods folder locator at C:\Users\Nuril\curseforge\minecraft\Instances\All the Mods 9 - To the Sky - atm9sky\mods}
[00:06:27] [main/INFO]: Found mod file YouShallNotSpawn-forge-1.20.x-2.0.2.jar of type MOD with provider {mods folder locator at C:\Users\Nuril\curseforge\minecraft\Instances\All the Mods 9 - To the Sky - atm9sky\mods}
[00:06:27] [main/WARN]: Mod file C:\Users\Nuril\curseforge\minecraft\Install\libraries\net\minecraftforge\fmlcore\1.20.1-47.4.0\fmlcore-1.20.1-47.4.0.jar is missing mods.toml file
[00:06:27] [main/WARN]: Mod file C:\Users\Nuril\curseforge\minecraft\Install\libraries\net\minecraftforge\javafmllanguage\1.20.1-47.4.0\javafmllanguage-1.20.1-47.4.0.jar is missing mods.toml file
[00:06:27] [main/WARN]: Mod file C:\Users\Nuril\curseforge\minecraft\Install\libraries\net\minecraftforge\lowcodelanguage\1.20.1-47.4.0\lowcodelanguage-1.20.1-47.4.0.jar is missing mods.toml file
[00:06:27] [main/WARN]: Mod file C:\Users\Nuril\curseforge\minecraft\Install\libraries\net\minecraftforge\mclanguage\1.20.1-47.4.0\mclanguage-1.20.1-47.4.0.jar is missing mods.toml file
[00:06:27] [main/INFO]: Found mod file fmlcore-1.20.1-47.4.0.jar of type LIBRARY with provider net.minecraftforge.fml.loading.moddiscovery.MinecraftLocator@7c781c42
[00:06:27] [main/INFO]: Found mod file javafmllanguage-1.20.1-47.4.0.jar of type LANGPROVIDER with provider net.minecraftforge.fml.loading.moddiscovery.MinecraftLocator@7c781c42
[00:06:27] [main/INFO]: Found mod file lowcodelanguage-1.20.1-47.4.0.jar of type LANGPROVIDER with provider net.minecraftforge.fml.loading.moddiscovery.MinecraftLocator@7c781c42
[00:06:27] [main/INFO]: Found mod file mclanguage-1.20.1-47.4.0.jar of type LANGPROVIDER with provider net.minecraftforge.fml.loading.moddiscovery.MinecraftLocator@7c781c42
[00:06:27] [main/INFO]: Found mod file client-1.20.1-20230612.114412-srg.jar of type MOD with provider net.minecraftforge.fml.loading.moddiscovery.MinecraftLocator@7c781c42
[00:06:27] [main/INFO]: Found mod file forge-1.20.1-47.4.0-universal.jar of type MOD with provider net.minecraftforge.fml.loading.moddiscovery.MinecraftLocator@7c781c42
[00:06:27] [main/INFO]: Found mod file crash_assistant-forge.jar of type MOD with provider dev.kostromdan.mods.crash_assistant.core_mod.services.CrashAssistantDependencyLocator@2eed37f4
[00:06:27] [main/WARN]: Attempted to select two dependency jars from JarJar which have the same identification: Mod File:  and Mod File: . Using Mod File: 
[00:06:27] [main/WARN]: Attempted to select a dependency jar for JarJar which was passed in as source: geckolib. Using Mod File: C:\Users\Nuril\curseforge\minecraft\Instances\All the Mods 9 - To the Sky - atm9sky\mods\geckolib-forge-1.20.1-4.7.1.2.jar
[00:06:27] [main/INFO]: Found 38 dependencies adding them to mods collection
[00:06:27] [main/INFO]: Found mod file caffeine-3.2.0.jar of type GAMELIBRARY with provider net.minecraftforge.fml.loading.moddiscovery.JarInJarDependencyLocator@43f03c23
[00:06:27] [main/INFO]: Found mod file GraphLib3-3.0.7.jar of type GAMELIBRARY with provider net.minecraftforge.fml.loading.moddiscovery.JarInJarDependencyLocator@43f03c23
[00:06:27] [main/INFO]: Found mod file kuma-api-forge-20.1.10+1.20.1.jar of type MOD with provider net.minecraftforge.fml.loading.moddiscovery.JarInJarDependencyLocator@43f03c23
[00:06:27] [main/INFO]: Found mod file commonmark-ext-gfm-strikethrough-0.24.0.jar of type GAMELIBRARY with provider net.minecraftforge.fml.loading.moddiscovery.JarInJarDependencyLocator@43f03c23
[00:06:27] [main/INFO]: Found mod file MixinSquared-0.2.0.jar of type GAMELIBRARY with provider net.minecraftforge.fml.loading.moddiscovery.JarInJarDependencyLocator@43f03c23
[00:06:27] [main/INFO]: Found mod file mixinsquared-forge-0.2.0.jar of type GAMELIBRARY with provider net.minecraftforge.fml.loading.moddiscovery.JarInJarDependencyLocator@43f03c23
[00:06:27] [main/INFO]: Found mod file common-io-3.12.0.jar of type GAMELIBRARY with provider net.minecraftforge.fml.loading.moddiscovery.JarInJarDependencyLocator@43f03c23
[00:06:27] [main/INFO]: Found mod file kfflang-4.11.0.jar of type LANGPROVIDER with provider net.minecraftforge.fml.loading.moddiscovery.JarInJarDependencyLocator@43f03c23
[00:06:27] [main/INFO]: Found mod file Ponder-Forge-1.20.1-1.0.52.jar of type MOD with provider net.minecraftforge.fml.loading.moddiscovery.JarInJarDependencyLocator@43f03c23
[00:06:27] [main/INFO]: Found mod file productivelib-1.20.1-0.0.4.jar of type MOD with provider net.minecraftforge.fml.loading.moddiscovery.JarInJarDependencyLocator@43f03c23
[00:06:27] [main/INFO]: Found mod file Registrate-MC1.20-1.3.11.jar of type GAMELIBRARY with provider net.minecraftforge.fml.loading.moddiscovery.JarInJarDependencyLocator@43f03c23
[00:06:27] [main/INFO]: Found mod file imageio-webp-3.12.0.jar of type GAMELIBRARY with provider net.minecraftforge.fml.loading.moddiscovery.JarInJarDependencyLocator@43f03c23
[00:06:27] [main/INFO]: Found mod file json-0.2.1.jar of type GAMELIBRARY with provider net.minecraftforge.fml.loading.moddiscovery.JarInJarDependencyLocator@43f03c23
[00:06:27] [main/INFO]: Found mod file spectrelib-forge-0.13.17+1.20.1.jar of type MOD with provider net.minecraftforge.fml.loading.moddiscovery.JarInJarDependencyLocator@43f03c23
[00:06:27] [main/INFO]: Found mod file mclib-20.jar of type GAMELIBRARY with provider net.minecraftforge.fml.loading.moddiscovery.JarInJarDependencyLocator@43f03c23
[00:06:27] [main/INFO]: Found mod file snakeyaml-2.2.jar of type GAMELIBRARY with provider net.minecraftforge.fml.loading.moddiscovery.JarInJarDependencyLocator@43f03c23
[00:06:27] [main/INFO]: Found mod file kffmod-4.11.0.jar of type MOD with provider net.minecraftforge.fml.loading.moddiscovery.JarInJarDependencyLocator@43f03c23
[00:06:27] [main/INFO]: Found mod file kfflib-4.11.0.jar of type GAMELIBRARY with provider net.minecraftforge.fml.loading.moddiscovery.JarInJarDependencyLocator@43f03c23
[00:06:27] [main/INFO]: Found mod file thermal_core-1.20.1-11.0.6.24.jar of type MOD with provider net.minecraftforge.fml.loading.moddiscovery.JarInJarDependencyLocator@43f03c23
[00:06:27] [main/INFO]: Found mod file commonmark-ext-ins-0.24.0.jar of type GAMELIBRARY with provider net.minecraftforge.fml.loading.moddiscovery.JarInJarDependencyLocator@43f03c23
[00:06:27] [main/INFO]: Found mod file bytecodecs-1.0.2.jar of type GAMELIBRARY with provider net.minecraftforge.fml.loading.moddiscovery.JarInJarDependencyLocator@43f03c23
[00:06:27] [main/INFO]: Found mod file flywheel-forge-1.20.1-1.0.4-243.jar of type MOD with provider net.minecraftforge.fml.loading.moddiscovery.JarInJarDependencyLocator@43f03c23
[00:06:27] [main/INFO]: Found mod file common-image-3.12.0.jar of type GAMELIBRARY with provider net.minecraftforge.fml.loading.moddiscovery.JarInJarDependencyLocator@43f03c23
[00:06:27] [main/INFO]: Found mod file imageio-core-3.12.0.jar of type GAMELIBRARY with provider net.minecraftforge.fml.loading.moddiscovery.JarInJarDependencyLocator@43f03c23
[00:06:27] [main/INFO]: Found mod file jcpp-1.4.14.jar of type GAMELIBRARY with provider net.minecraftforge.fml.loading.moddiscovery.JarInJarDependencyLocator@43f03c23
[00:06:27] [main/INFO]: Found mod file MixinExtras-0.4.1.jar of type GAMELIBRARY with provider net.minecraftforge.fml.loading.moddiscovery.JarInJarDependencyLocator@43f03c23
[00:06:27] [main/INFO]: Found mod file useitemonblockevent-1.20.1-1.0.0.2.jar of type MOD with provider net.minecraftforge.fml.loading.moddiscovery.JarInJarDependencyLocator@43f03c23
[00:06:27] [main/INFO]: Found mod file jumbofurnace-1.20.1-4.0.0.5.jar of type MOD with provider net.minecraftforge.fml.loading.moddiscovery.JarInJarDependencyLocator@43f03c23
[00:06:27] [main/INFO]: Found mod file mixinextras-forge-0.2.0-beta.8.jar of type GAMELIBRARY with provider net.minecraftforge.fml.loading.moddiscovery.JarInJarDependencyLocator@43f03c23
[00:06:27] [main/INFO]: Found mod file common-lang-3.12.0.jar of type GAMELIBRARY with provider net.minecraftforge.fml.loading.moddiscovery.JarInJarDependencyLocator@43f03c23
[00:06:27] [main/INFO]: Found mod file jzlib-1.1.3.jar of type GAMELIBRARY with provider net.minecraftforge.fml.loading.moddiscovery.JarInJarDependencyLocator@43f03c23
[00:06:27] [main/INFO]: Found mod file imageio-metadata-3.12.0.jar of type GAMELIBRARY with provider net.minecraftforge.fml.loading.moddiscovery.JarInJarDependencyLocator@43f03c23
[00:06:27] [main/INFO]: Found mod file yabn-1.0.3.jar of type GAMELIBRARY with provider net.minecraftforge.fml.loading.moddiscovery.JarInJarDependencyLocator@43f03c23
[00:06:27] [main/INFO]: Found mod file gson-0.2.1.jar of type GAMELIBRARY with provider net.minecraftforge.fml.loading.moddiscovery.JarInJarDependencyLocator@43f03c23
[00:06:27] [main/INFO]: Found mod file infiniverse-1.20.1-1.0.0.5.jar of type MOD with provider net.minecraftforge.fml.loading.moddiscovery.JarInJarDependencyLocator@43f03c23
[00:06:27] [main/INFO]: Found mod file cobalt-0.9.5.jar of type GAMELIBRARY with provider net.minecraftforge.fml.loading.moddiscovery.JarInJarDependencyLocator@43f03c23
[00:06:27] [main/INFO]: Found mod file commonmark-0.24.0.jar of type GAMELIBRARY with provider net.minecraftforge.fml.loading.moddiscovery.JarInJarDependencyLocator@43f03c23
[00:06:27] [main/INFO]: Found mod file NanoLiveConfig-1.2.1.jar of type GAMELIBRARY with provider net.minecraftforge.fml.loading.moddiscovery.JarInJarDependencyLocator@43f03c23
[00:06:36] [main/INFO]: Compatibility level set to JAVA_17
[00:06:36] [main/ERROR]: Mixin config yacl.mixins.json does not specify "minVersion" property
[00:06:36] [main/INFO]: Successfully loaded Mixin Connector [shetiphian.core.mixins.MixinConnector]
[00:06:36] [main/INFO]: Successfully loaded Mixin Connector [com.sonicether.soundphysics.MixinConnector]
[00:06:36] [main/INFO]: Successfully loaded Mixin Connector [com.thevortex.allthetweaks.mixin.MixinConnector]
[00:06:36] [main/INFO]: Successfully loaded Mixin Connector [com.leobeliik.extremesoundmuffler.MixinConnector]
[00:06:36] [main/INFO]: Successfully loaded Mixin Connector [shetiphian.endertanks.mixins.MixinConnector]
[00:06:36] [main/INFO]: Launching target 'forgeclient' with arguments [--version, forge-47.4.0, --gameDir, C:\Users\Nuril\curseforge\minecraft\Instances\All the Mods 9 - To the Sky - atm9sky, --assetsDir, C:\Users\Nuril\curseforge\minecraft\Install\assets, --uuid, 2ccd51038b974619947777d7e7c66b38, --username, Nuril, --assetIndex, 5, --accessToken, ????????, --clientId, NzlhZTcyZjQtMGQwZS00OTA0LWJiZWItODY4ZGNiY2Y3N2Ew, --xuid, 2535451231369092, --userType, msa, --versionType, release, --width, 1024, --height, 768, --quickPlayPath, C:\Users\Nuril\curseforge\minecraft\Install\quickPlay\java\1749416779360.json]
[00:06:36] [main/INFO]: Loaded configuration file for ModernFix 5.23.0+mc1.20.1: 95 options available, 1 override(s) found
[00:06:36] [main/WARN]: Option 'mixin.perf.thread_priorities' overriden (by mods [smoothboot]) to 'false'
[00:06:36] [main/INFO]: Applying Nashorn fix
[00:06:36] [main/INFO]: Applied Forge config corruption patch
[00:06:36] [main/INFO]: Controlling detected: true
[00:06:36] [main/INFO]: Loaded configuration file for Embeddium: 374 options available, 3 override(s) found
[00:06:36] [main/INFO]: Searching for graphics cards...
[00:06:36] [main/INFO]: Found graphics card: GraphicsAdapterInfo[vendor=AMD, name=AMD Radeon(TM) Graphics, version=DriverVersion=32.0.21013.1000]
[00:06:36] [main/INFO]: Found graphics card: GraphicsAdapterInfo[vendor=UNKNOWN, name=Parsec Virtual Display Adapter, version=DriverVersion=0.45.0.0]
[00:06:36] [main/INFO]: Found graphics card: GraphicsAdapterInfo[vendor=NVIDIA, name=NVIDIA GeForce RTX 4050 Laptop GPU, version=DriverVersion=32.0.15.6636]
[00:06:36] [main/WARN]: Embeddium has applied one or more workarounds to prevent crashes or other issues on your system: [NVIDIA_THREADED_OPTIMIZATIONS]
[00:06:36] [main/WARN]: This is not necessarily an issue, but it may result in certain features or optimizations being disabled. You can sometimes fix these issues by upgrading your graphics driver.
[00:06:36] [main/WARN]: Reference map 'EpheroLib-refmap.json' for epherolib.mixins.json could not be read. If this is a development environment you can ignore this message
[00:06:36] [main/WARN]: Reference map 'clickmachine.refmap.json' for clickmachine.mixins.json could not be read. If this is a development environment you can ignore this message
[00:06:37] [main/INFO]: Loaded configuration file for Canary: 116 options available, 0 override(s) found
[00:06:37] [main/INFO]: Loaded configuration file for Sodium Extra: 35 options available, 0 override(s) found
[00:06:37] [main/WARN]: Reference map 'cookingforblockheads.refmap.json' for cookingforblockheads.mixins.json could not be read. If this is a development environment you can ignore this message
[00:06:37] [main/WARN]: Reference map 'tempad-forge-1.20.1-forge-refmap.json' for tempad.mixins.json could not be read. If this is a development environment you can ignore this message
[00:06:37] [main/WARN]: Reference map 'colorfulhearts-common-api-api_common-refmap.json' for colorfulhearts-common.mixins.json could not be read. If this is a development environment you can ignore this message
[00:06:37] [main/WARN]: Reference map 'trashslot.refmap.json' for trashslot.mixins.json could not be read. If this is a development environment you can ignore this message
[00:06:37] [main/WARN]: Reference map 'bloodmagic.refmap.json' for bloodmagic.mixins.json could not be read. If this is a development environment you can ignore this message
[00:06:37] [main/WARN]: Reference map 'default-server-properties-forge-refmap.json' for dsp.mixins.json could not be read. If this is a development environment you can ignore this message
[00:06:37] [main/WARN]: Reference map 'modonomicon.refmap.json' for modonomicon.mixins.json could not be read. If this is a development environment you can ignore this message
[00:06:37] [main/WARN]: Reference map 'modonomicon.refmap.json' for modonomicon.forge.mixins.json could not be read. If this is a development environment you can ignore this message
[00:06:37] [main/WARN]: Reference map 'packetfixer-forge-forge-refmap.json' for packetfixer.forge.mixins.json could not be read. If this is a development environment you can ignore this message
[00:06:38] [main/INFO]: Patching IForgeItemStack#getEnchantmentLevel
[00:06:38] [main/INFO]: Patching IForgeItemStack#getEnchantmentLevel
[00:06:38] [main/INFO]: Applying mixin: dev.zeddevstuff.keybindspurger.mixin.CCKeyBindsListMixin
[00:06:38] [main/INFO]: Applying mixin: dev.zeddevstuff.keybindspurger.mixin.CCKeyBindsScreenMixin
[00:06:38] [main/INFO]: Applying mixin: dev.zeddevstuff.keybindspurger.mixin.CCCategoryEntryMixin
[00:06:38] [main/INFO]: Replaced 2 calls to Enchantment#getMaxLevel() in net/minecraft/world/inventory/AnvilMenu
[00:06:38] [main/WARN]: Error loading class: org/violetmoon/quark/content/tweaks/module/GoldToolsHaveFortuneModule (java.lang.ClassNotFoundException: org.violetmoon.quark.content.tweaks.module.GoldToolsHaveFortuneModule)
[00:06:38] [main/INFO]: Patching IForgeItemStack#getEnchantmentLevel
[00:06:38] [main/INFO]: Patching IForgeItemStack#getEnchantmentLevel
[00:06:38] [main/WARN]: Error loading class: org/violetmoon/quark/content/client/tooltip/AttributeTooltips (java.lang.ClassNotFoundException: org.violetmoon.quark.content.client.tooltip.AttributeTooltips)
[00:06:38] [main/INFO]: Skipping issue ItemStackCreationStatistics from mod jei as it's dev only!
[00:06:38] [main/INFO]: Class dev.uncandango.alltheleaks.leaks.common.mods.travelersbackpack.UntrackedIssue002 will NOT be loaded as mod travelersbackpack is not present
[00:06:38] [main/INFO]: Class dev.uncandango.alltheleaks.leaks.common.mods.travelersbackpack.UntrackedIssue001 will NOT be loaded as mod travelersbackpack is not present
[00:06:38] [main/INFO]: Class dev.uncandango.alltheleaks.leaks.common.mods.toolbelt.UntrackedIssue001 will NOT be loaded as mod toolbelt is not present
[00:06:38] [main/INFO]: Class dev.uncandango.alltheleaks.leaks.common.mods.tfcthermaldeposits.UntrackedIssue001 will NOT be loaded as mod tfcthermaldeposits is not present
[00:06:38] [main/INFO]: Class dev.uncandango.alltheleaks.leaks.common.mods.smallships.UntrackedIssue001 will NOT be loaded as mod smallships is not present
[00:06:38] [main/INFO]: Class dev.uncandango.alltheleaks.leaks.common.mods.sereneseasons.UntrackedIssue001 will NOT be loaded as mod sereneseasons is not present
[00:06:38] [main/INFO]: Class dev.uncandango.alltheleaks.leaks.common.mods.railcraft.UntrackedIssue001 will NOT be loaded as mod railcraft is not present
[00:06:38] [main/INFO]: Class dev.uncandango.alltheleaks.leaks.common.mods.pneumaticcraft.UntrackedIssue001 will be loaded as it matches versions: 6.0.20+mc1.20.1 in [6.0.15,)
[00:06:38] [main/INFO]: Mixins added to allowed list: [main.DroneEntityMixin]
[00:06:38] [main/INFO]: Class dev.uncandango.alltheleaks.leaks.common.mods.phosphophyllite.UntrackedIssue001 will be loaded as it matches versions: 0.7.0-alpha.0.2 in [0.7.0-alpha,)
[00:06:38] [main/INFO]: Class dev.uncandango.alltheleaks.leaks.common.mods.occultism.UntrackedIssue001 will be loaded as it matches versions: 1.141.4 in [1.80.7,)
[00:06:38] [main/INFO]: Mixins added to allowed list: [main.OccultismCapabilitiesMixin]
[00:06:38] [main/INFO]: Class dev.uncandango.alltheleaks.leaks.common.mods.moonlight.UntrackedIssue001 will be loaded as it matches versions: 1.20-2.14.1 in [1.20-2.13.32,)
[00:06:38] [main/INFO]: Mixins added to allowed list: [main.FakeLevelManagerMixin]
[00:06:38] [main/INFO]: Class dev.uncandango.alltheleaks.leaks.common.mods.minecraft.UntrackedIssue002 will be loaded as it matches versions: 1.20.1 in 1.20.1
[00:06:38] [main/INFO]: Mixins added to allowed list: [main.EntityTickListMixin]
[00:06:38] [main/INFO]: Class dev.uncandango.alltheleaks.leaks.common.mods.minecraft.UntrackedIssue001 will be loaded as it matches versions: 1.20.1 in 1.20.1
[00:06:38] [main/INFO]: Class dev.uncandango.alltheleaks.leaks.common.mods.irons_spellbooks.UntrackedIssue001 will NOT be loaded as mod irons_spellbooks is not present
[00:06:38] [main/INFO]: Class dev.uncandango.alltheleaks.leaks.common.mods.forge.UntrackedIssue003 will be loaded as it matches versions: 47.4.0 in [47.2,)
[00:06:38] [main/INFO]: Class dev.uncandango.alltheleaks.leaks.common.mods.forge.UntrackedIssue002 will be loaded as it matches versions: 47.4.0 in [47.2,)
[00:06:38] [main/INFO]: Mixins added to allowed list: [accessor.FakePlayerNetHandlerAccessor, accessor.ConnectionAccessor]
[00:06:38] [main/INFO]: Class dev.uncandango.alltheleaks.leaks.common.mods.forge.UntrackedIssue001 will be loaded as it matches versions: 47.4.0 in [47.2,)
[00:06:38] [main/INFO]: Mixins added to allowed list: [main.ServerPlayerMixin, main.PlayerListMixin]
[00:06:38] [main/INFO]: Class dev.uncandango.alltheleaks.leaks.common.mods.forbidden_arcanus.UntrackedIssue001 will be loaded as it matches versions: 1.20.1-2.2.6 in [1.20.1-2.2.0-beta1,)
[00:06:38] [main/INFO]: Mixins added to allowed list: [main.PlayerEventsMixin]
[00:06:38] [main/INFO]: Class dev.uncandango.alltheleaks.leaks.common.mods.domesticationinnovation.UntrackedIssue001 will NOT be loaded as mod domesticationinnovation is not present
[00:06:38] [main/INFO]: Class dev.uncandango.alltheleaks.leaks.common.mods.curios.UntrackedIssue001 will be loaded as it matches versions: 5.14.1+1.20.1 in [5.9.1,)
[00:06:38] [main/INFO]: Mixins added to allowed list: [main.CuriosEventHandlerMixin]
[00:06:38] [main/INFO]: Class dev.uncandango.alltheleaks.leaks.common.mods.createaddition.UntrackedIssue001 will NOT be loaded as mod createaddition does not match versions: 1.20.1-1.3.1 in [1.20.1-1.0.0b,1.20.1-1.2.3]
[00:06:38] [main/INFO]: Class dev.uncandango.alltheleaks.leaks.common.mods.create.UntrackedIssue001 will be loaded as it matches versions: 6.0.4 in [0.5.1.c,)
[00:06:38] [main/INFO]: Mixins added to allowed list: [accessor.ExtendoGripItemAccessor]
[00:06:38] [main/INFO]: Class dev.uncandango.alltheleaks.leaks.common.mods.citadel.UntrackedIssue001 will NOT be loaded as mod citadel is not present
[00:06:38] [main/INFO]: Class dev.uncandango.alltheleaks.leaks.common.mods.betterf3.UntrackedIssue001 will NOT be loaded as mod betterf3 is not present
[00:06:38] [main/INFO]: Class dev.uncandango.alltheleaks.leaks.common.mods.badpackets.UntrackedIssue001 will NOT be loaded as mod badpackets is not present
[00:06:38] [main/INFO]: Class dev.uncandango.alltheleaks.leaks.common.mods.ars_nouveau.UntrackedIssue002 will NOT be loaded as mod ars_nouveau does not match versions: 4.12.6 in [4.0.0,4.12.4]
[00:06:38] [main/INFO]: Class dev.uncandango.alltheleaks.leaks.common.mods.ars_nouveau.UntrackedIssue001 will NOT be loaded as mod ars_nouveau does not match versions: 4.12.6 in [4.0.0,4.12.4]
[00:06:38] [main/INFO]: Class dev.uncandango.alltheleaks.leaks.common.mods.architectury.UntrackedIssue001 will be loaded as it matches versions: 9.2.14 in [9.0.8,)
[00:06:38] [main/INFO]: Class dev.uncandango.alltheleaks.leaks.common.mods.alexsmobs.Issue2165 will NOT be loaded as mod alexsmobs is not present
[00:06:38] [main/INFO]: Class dev.uncandango.alltheleaks.leaks.common.mods.aether.UntrackedIssue001 will NOT be loaded as mod aether is not present
[00:06:38] [main/INFO]: Class dev.uncandango.alltheleaks.leaks.common.mods.ae2wtlib.UntrackedIssue001 will be loaded as it matches versions: 15.2.3-forge in [15.2.3,)
[00:06:38] [main/INFO]: Class dev.uncandango.alltheleaks.leaks.client.mods.twilightforest.UntrackedIssue001 will NOT be loaded as mod twilightforest is not present
[00:06:38] [main/INFO]: Class dev.uncandango.alltheleaks.leaks.client.mods.travelersbackpack.UntrackedIssue001 will NOT be loaded as mod travelersbackpack is not present
[00:06:38] [main/INFO]: Class dev.uncandango.alltheleaks.leaks.client.mods.tombstone.UntrackedIssue001 will NOT be loaded as mod tombstone does not match versions: 8.9.6 in [8.5.0,8.8.6]
[00:06:38] [main/INFO]: Class dev.uncandango.alltheleaks.leaks.client.mods.sereneseasons.UntrackedIssue001 will NOT be loaded as mod sereneseasons is not present
[00:06:38] [main/INFO]: Class dev.uncandango.alltheleaks.leaks.client.mods.pneumaticcraft.UntrackedIssue001 will be loaded as it matches versions: 6.0.20+mc1.20.1 in [6.0.15,)
[00:06:38] [main/INFO]: Mixins added to allowed list: [accessor.ArmorMainScreenAccessor]
[00:06:38] [main/INFO]: Class dev.uncandango.alltheleaks.leaks.client.mods.nuclearcraft.UntrackedIssue001 will NOT be loaded as mod nuclearcraft is not present
[00:06:38] [main/INFO]: Class dev.uncandango.alltheleaks.leaks.client.mods.mowziesmobs.UntrackedIssue002 will NOT be loaded as mod mowziesmobs is not present
[00:06:38] [main/INFO]: Class dev.uncandango.alltheleaks.leaks.client.mods.mowziesmobs.UntrackedIssue001 will NOT be loaded as mod mowziesmobs is not present
[00:06:38] [main/INFO]: Class dev.uncandango.alltheleaks.leaks.client.mods.mousetweaks.UntrackedIssue001 will be loaded as it matches versions: 2.25.1 in [2.25.1,)
[00:06:38] [main/INFO]: Class dev.uncandango.alltheleaks.leaks.client.mods.mna.UntrackedIssue001 will NOT be loaded as mod mna is not present
[00:06:38] [main/INFO]: Class dev.uncandango.alltheleaks.leaks.client.mods.minecraft.UntrackedIssue001 will be loaded as it matches versions: 1.20.1 in 1.20.1
[00:06:38] [main/INFO]: Mixins added to allowed list: [main.ATLItemStackMixin, main.MinecraftMixin, main.SynchedEntityDataMixin]
[00:06:38] [main/INFO]: Skipping issue [untracked] from mod minecraft as mod modernfix is present!
[00:06:38] [main/INFO]: Class dev.uncandango.alltheleaks.leaks.client.mods.minecolonies.UntrackedIssue002 will NOT be loaded as mod minecolonies is not present
[00:06:38] [main/INFO]: Class dev.uncandango.alltheleaks.leaks.client.mods.minecolonies.UntrackedIssue001 will NOT be loaded as mod minecolonies is not present
[00:06:38] [main/INFO]: Class dev.uncandango.alltheleaks.leaks.client.mods.ldlib.UntrackedIssue001 will NOT be loaded as mod ldlib is not present
[00:06:38] [main/INFO]: Class dev.uncandango.alltheleaks.leaks.client.mods.journeymap.UntrackedIssue001 will NOT be loaded as mod journeymap is not present
[00:06:38] [main/INFO]: Class dev.uncandango.alltheleaks.leaks.client.mods.jeresources.UntrackedIssue001 will be loaded as it matches versions: 1.4.0.247 in [1.4.0.247,)
[00:06:38] [main/INFO]: Mixins added to allowed list: [main.MobTableBuilderMixin, main.MobEntryMixin, main.AbstractVillagerEntryMixin]
[00:06:38] [main/INFO]: Class dev.uncandango.alltheleaks.leaks.client.mods.jei.UntrackedIssue002 will NOT be loaded as mod jei does not match versions: 15.20.0.106 in [15.4,15.5)
[00:06:38] [main/INFO]: Class dev.uncandango.alltheleaks.leaks.client.mods.jei.UntrackedIssue001 will be loaded as it matches versions: 15.20.0.106 in [15.8.2.24,)
[00:06:38] [main/INFO]: Mixins added to allowed list: [main.RecipeTransferButtonMixin, main.LazySortedRecipeLayoutListMixin]
[00:06:38] [main/INFO]: Class dev.uncandango.alltheleaks.leaks.client.mods.irons_spellbooks.UntrackedIssue002 will NOT be loaded as mod irons_spellbooks is not present
[00:06:38] [main/INFO]: Class dev.uncandango.alltheleaks.leaks.client.mods.irons_spellbooks.UntrackedIssue001 will NOT be loaded as mod irons_spellbooks is not present
[00:06:38] [main/INFO]: Class dev.uncandango.alltheleaks.leaks.client.mods.iceberg.UntrackedIssue003 will be loaded as it matches versions: 1.1.25 in [1.1.25,)
[00:06:38] [main/INFO]: Class dev.uncandango.alltheleaks.leaks.client.mods.iceberg.UntrackedIssue002 will be loaded as it matches versions: 1.1.25 in [1.1.10,)
[00:06:38] [main/INFO]: Class dev.uncandango.alltheleaks.leaks.client.mods.iceberg.UntrackedIssue001 will be loaded as it matches versions: 1.1.25 in [1.1.10,)
[00:06:38] [main/INFO]: Class dev.uncandango.alltheleaks.leaks.client.mods.geckolib.UntrackedIssue001 will be loaded as it matches versions: 4.7.1.2 in [4.4.8,)
[00:06:38] [main/INFO]: Mixins added to allowed list: [main.GeoModelMixin, main.GeoArmorRendererMixin]
[00:06:38] [main/INFO]: Class dev.uncandango.alltheleaks.leaks.client.mods.ftblibrary.UntrackedIssue001 will be loaded as it matches versions: 2001.2.9 in [2001.2.2,)
[00:06:38] [main/INFO]: Mixins added to allowed list: [accessor.BaseScreenAccessor]
[00:06:38] [main/INFO]: Class dev.uncandango.alltheleaks.leaks.client.mods.flywheel.UntrackedIssue001 will NOT be loaded as mod flywheel does not match versions: 1.0.4-243 in [0.6.9-4,0.6.11-13]
[00:06:38] [main/INFO]: Class dev.uncandango.alltheleaks.leaks.client.mods.findme.UntrackedIssue001 will be loaded as it matches versions: 3.2.1 in [3.1.0,)
[00:06:38] [main/INFO]: Class dev.uncandango.alltheleaks.leaks.client.mods.entity_texture_features.UntrackedIssue001 will NOT be loaded as mod entity_texture_features is not present
[00:06:38] [main/INFO]: Class dev.uncandango.alltheleaks.leaks.client.mods.entity_model_features.UntrackedIssue001 will NOT be loaded as mod entity_model_features is not present
[00:06:38] [main/INFO]: Class dev.uncandango.alltheleaks.leaks.client.mods.emi_loot.UntrackedIssue001 will NOT be loaded as mod emi_loot is not present
[00:06:38] [main/INFO]: Class dev.uncandango.alltheleaks.leaks.client.mods.emi.UntrackedIssue001 will NOT be loaded as mod emi is not present
[00:06:38] [main/INFO]: Class dev.uncandango.alltheleaks.leaks.client.mods.easy_villagers.UntrackedIssue001 will be loaded as it matches versions: 1.20.1-1.1.23 in [1.20.1-1.1.4,)
[00:06:38] [main/INFO]: Mixins added to allowed list: [accessor.VillagerItemAccessor, main.ConverterRendererMixin, main.IronFarmRendererMixin]
[00:06:38] [main/INFO]: Class dev.uncandango.alltheleaks.leaks.client.mods.difficultylock.UntrackedIssue001 will NOT be loaded as mod difficultylock is not present
[00:06:38] [main/INFO]: Class dev.uncandango.alltheleaks.leaks.client.mods.cyclopscore.UntrackedIssue001 will be loaded as it matches versions: 1.20.0 in [1.19.1,)
[00:06:38] [main/INFO]: Mixins added to allowed list: [main.DelegatingDynamicItemAndBlockModelMixin]
[00:06:38] [main/INFO]: Class dev.uncandango.alltheleaks.leaks.client.mods.corpse.UntrackedIssue001 will NOT be loaded as mod corpse is not present
[00:06:38] [main/INFO]: Class dev.uncandango.alltheleaks.leaks.client.mods.citadel.UntrackedIssue001 will NOT be loaded as mod citadel is not present
[00:06:38] [main/INFO]: Class dev.uncandango.alltheleaks.leaks.client.mods.blue_skies.UntrackedIssue001 will NOT be loaded as mod blue_skies is not present
[00:06:38] [main/INFO]: Class dev.uncandango.alltheleaks.leaks.client.mods.beansbackpacks.UntrackedIssue001 will NOT be loaded as mod beansbackpacks is not present
[00:06:38] [main/INFO]: Class dev.uncandango.alltheleaks.leaks.client.mods.badpackets.UntrackedIssue001 will NOT be loaded as mod badpackets is not present
[00:06:38] [main/INFO]: Class dev.uncandango.alltheleaks.leaks.client.mods.ae2wtlib.UntrackedIssue002 will be loaded as it matches versions: 15.2.3-forge in [15.2.3,)
[00:06:38] [main/INFO]: Mixins added to allowed list: [main.AE2wtlibForgeMixin]
[00:06:38] [main/INFO]: Class dev.uncandango.alltheleaks.leaks.client.mods.ae2wtlib.UntrackedIssue001 will be loaded as it matches versions: 15.2.3-forge in [15.2.3,)
[00:06:38] [main/INFO]: Class dev.uncandango.alltheleaks.fix.common.mods.modernfix.CancelRLMixin will be loaded as it matches versions: 5.23.0+mc1.20.1 in [5.0.0,)
[00:06:38] [main/INFO]: Mixins added to cancel list: [org.embeddedt.modernfix.common.mixin.perf.deduplicate_location.MixinResourceLocation]
[00:06:38] [main/INFO]: Skipping feature ResourceLocation Deduplication from mod minecraft as it's feature flag is not activated!
[00:06:38] [main/INFO]: Skipping feature Ingredient Deduplication from mod minecraft as it's feature flag is not activated!
[00:06:38] [main/INFO]: Skipping feature Prevent Search Ignored Items from mod jei as it's feature flag is not activated!
[00:06:39] [main/WARN]: Error loading class: net/dries007/tfc/common/blocks/rock/AqueductBlock (java.lang.ClassNotFoundException: net.dries007.tfc.common.blocks.rock.AqueductBlock)
[00:06:39] [main/WARN]: @Mixin target net.dries007.tfc.common.blocks.rock.AqueductBlock was not found allthetweaks.mixins.json:FluiDucts
[00:06:39] [main/WARN]: Error loading class: elucent/eidolon/network/TESyncPacket (java.lang.ClassNotFoundException: elucent.eidolon.network.TESyncPacket)
[00:06:39] [main/WARN]: @Mixin target elucent.eidolon.network.TESyncPacket was not found allthetweaks.mixins.json:TESyncFix
[00:06:39] [main/WARN]: Error loading class: mcjty/theoneprobe/apiimpl/providers/DefaultProbeInfoProvider (java.lang.ClassNotFoundException: mcjty.theoneprobe.apiimpl.providers.DefaultProbeInfoProvider)
[00:06:39] [main/WARN]: @Mixin target mcjty.theoneprobe.apiimpl.providers.DefaultProbeInfoProvider was not found mixins.endertanks.json:ET_HideFluidBars$_TheOneProbe
[00:06:39] [main/INFO]: Applying mixin HUDOverlayHandlerAccessor as mod appleskin is present.
[00:06:39] [main/INFO]: Applying mixin ComfortHealthOverlayMixin as mod farmersdelight is present.
[00:06:39] [main/WARN]: Error loading class: mezz/modnametooltip/TooltipEventHandler (java.lang.ClassNotFoundException: mezz.modnametooltip.TooltipEventHandler)
[00:06:39] [main/WARN]: Error loading class: me/shedaniel/rei/impl/client/ClientHelperImpl (java.lang.ClassNotFoundException: me.shedaniel.rei.impl.client.ClientHelperImpl)
[00:06:39] [main/WARN]: Error loading class: net/raphimc/immediatelyfast/feature/map_atlas_generation/MapAtlasTexture (java.lang.ClassNotFoundException: net.raphimc.immediatelyfast.feature.map_atlas_generation.MapAtlasTexture)
[00:06:39] [main/WARN]: Error loading class: com/simibubi/create/foundation/ponder/PonderWorld (java.lang.ClassNotFoundException: com.simibubi.create.foundation.ponder.PonderWorld)
[00:06:39] [main/WARN]: Error loading class: com/supermartijn642/wirelesschargers/ChargerBlockEntity (java.lang.ClassNotFoundException: com.supermartijn642.wirelesschargers.ChargerBlockEntity)
[00:06:39] [main/WARN]: @Mixin target com.supermartijn642.wirelesschargers.ChargerBlockEntity was not found mixins.appflux.json:MixinChargerBlockEntity
[00:06:39] [main/WARN]: Error loading class: vazkii/quark/addons/oddities/inventory/BackpackMenu (java.lang.ClassNotFoundException: vazkii.quark.addons.oddities.inventory.BackpackMenu)
[00:06:39] [main/INFO]: Successfully patched end portal.
[00:06:39] [main/WARN]: Error loading class: journeymap/client/ui/fullscreen/Fullscreen (java.lang.ClassNotFoundException: journeymap.client.ui.fullscreen.Fullscreen)
[00:06:39] [main/WARN]: @Mixin target journeymap.client.ui.fullscreen.Fullscreen was not found create.mixins.json:compat.JourneyFullscreenMapMixin
[00:06:39] [main/WARN]: Force-disabling mixin 'features.render.world.sky.WorldRendererMixin' as rule 'mixin.features.render.world.sky' (added by mods [oculus]) disables it and children
[00:06:39] [main/WARN]: Force-disabling mixin 'features.render.world.sky.ClientWorldMixin' as rule 'mixin.features.render.world.sky' (added by mods [oculus]) disables it and children
[00:06:39] [main/WARN]: Force-disabling mixin 'features.render.world.sky.BackgroundRendererMixin' as rule 'mixin.features.render.world.sky' (added by mods [oculus]) disables it and children
[00:06:39] [main/WARN]: Force-disabling mixin 'features.render.gui.font.GlyphRendererMixin' as rule 'mixin.features.render.gui.font' (added by mods [oculus]) disables it and children
[00:06:39] [main/WARN]: Force-disabling mixin 'features.render.gui.font.FontSetMixin' as rule 'mixin.features.render.gui.font' (added by mods [oculus]) disables it and children
[00:06:39] [main/WARN]: Force-disabling mixin 'features.render.entity.shadows.EntityRenderDispatcherMixin' as rule 'mixin.features.render.entity' (added by mods [oculus]) disables it and children
[00:06:39] [main/WARN]: Force-disabling mixin 'features.render.entity.remove_streams.ModelPartMixin' as rule 'mixin.features.render.entity' (added by mods [oculus]) disables it and children
[00:06:39] [main/WARN]: Force-disabling mixin 'features.render.entity.remove_streams.HierarchicalModelMixin' as rule 'mixin.features.render.entity' (added by mods [oculus]) disables it and children
[00:06:39] [main/WARN]: Force-disabling mixin 'features.render.entity.fast_render.ModelPartMixin' as rule 'mixin.features.render.entity' (added by mods [oculus]) disables it and children
[00:06:39] [main/WARN]: Force-disabling mixin 'features.render.entity.fast_render.CuboidMixin' as rule 'mixin.features.render.entity' (added by mods [oculus]) disables it and children
[00:06:39] [main/WARN]: Force-disabling mixin 'features.render.entity.cull.EntityRendererMixin' as rule 'mixin.features.render.entity' (added by mods [oculus]) disables it and children
[00:06:39] [main/WARN]: Error loading class: org/jetbrains/annotations/ApiStatus$Internal (java.lang.ClassNotFoundException: org.jetbrains.annotations.ApiStatus$Internal)
[00:06:39] [main/INFO]: Initializing MixinExtras via com.llamalad7.mixinextras.service.MixinExtrasServiceImpl(version=0.4.1).
[00:06:40] [main/INFO]: Mixing client.MixinMinecraft from mixins/common/nochatreports.mixins.json into net.minecraft.client.Minecraft
[00:06:40] [main/INFO]: Smooth Boot (Reloaded) config initialized
[00:06:40] [main/WARN]: Static binding violation: PRIVATE @Overwrite method m_216202_ in modernfix-forge.mixins.json:perf.tag_id_caching.TagOrElementLocationMixin cannot reduce visibiliy of PUBLIC target method, visibility will be upgraded.
[00:06:42] [main/INFO]: BeforeConstant is searching for constants in method with descriptor (Lnet/minecraft/network/chat/Component;Z)V
[00:06:42] [main/INFO]:   BeforeConstant found INTEGER constant: value = 0, intValue = null
[00:06:42] [main/INFO]:     BeforeConstant found a matching constant TYPE at ordinal 0
[00:06:42] [main/INFO]:       BeforeConstant found Insn [ICONST_0] 
[00:06:42] [main/INFO]:   BeforeConstant found INTEGER constant: value = 60, intValue = null
[00:06:42] [main/INFO]:     BeforeConstant found a matching constant TYPE at ordinal 1
[00:06:42] [main/INFO]:       BeforeConstant found IntInsn 60
[00:06:42] [main/INFO]: Mixing client.MixinTitleScreen from mixins/common/nochatreports.mixins.json into net.minecraft.client.gui.screens.TitleScreen
[00:06:42] [main/INFO]: Mixing client.MixinChatScreen from mixins/common/nochatreports.mixins.json into net.minecraft.client.gui.screens.ChatScreen
[00:06:42] [main/INFO]: Renaming synthetic method lambda$onInit$4()Lnet/minecraft/network/chat/Component; to mdc9f5fb$lambda$onInit$4$0 in mixins/common/nochatreports.mixins.json:client.MixinChatScreen
[00:06:42] [main/INFO]: Renaming synthetic method lambda$onInit$3(Lnet/minecraft/client/gui/components/Button;)V to mdc9f5fb$lambda$onInit$3$1 in mixins/common/nochatreports.mixins.json:client.MixinChatScreen
[00:06:42] [main/INFO]: Renaming synthetic method lambda$onInit$2()Lnet/minecraft/network/chat/Component; to mdc9f5fb$lambda$onInit$2$2 in mixins/common/nochatreports.mixins.json:client.MixinChatScreen
[00:06:42] [main/INFO]: Renaming synthetic method lambda$onInit$1(Lnet/minecraft/client/gui/components/Button;)V to mdc9f5fb$lambda$onInit$1$3 in mixins/common/nochatreports.mixins.json:client.MixinChatScreen
[00:06:42] [main/INFO]: Renaming synthetic method lambda$onBeforeMessage$0(Ljava/lang/String;Lorg/spongepowered/asm/mixin/injection/callback/CallbackInfoReturnable;Lcom/aizistral/nochatreports/common/encryption/Encryptor;)V to mdc9f5fb$lambda$onBeforeMessage$0$4 in mixins/common/nochatreports.mixins.json:client.MixinChatScreen
[00:06:42] [main/INFO]: Patching EffectRenderingInventoryScreen#renderEffects
[00:06:42] [main/INFO]: Patching EffectRenderingInventoryScreen#renderEffects
[00:06:42] [pool-4-thread-1/INFO]: ModernFix reached bootstrap stage (23.02 s after launch)
[00:06:42] [pool-4-thread-1/WARN]: @Final field delegatesByName:Ljava/util/Map; in modernfix-forge.mixins.json:perf.forge_registry_alloc.ForgeRegistryMixin should be final
[00:06:42] [pool-4-thread-1/WARN]: @Final field delegatesByValue:Ljava/util/Map; in modernfix-forge.mixins.json:perf.forge_registry_alloc.ForgeRegistryMixin should be final
[00:06:43] [pool-4-thread-1/INFO]: Injecting BlockStateBase cache population hook into getNeighborPathNodeType from com.abdelaziz.canary.mixin.ai.pathing.BlockStateBaseMixin
[00:06:43] [pool-4-thread-1/INFO]: Injecting BlockStateBase cache population hook into getPathNodeType from com.abdelaziz.canary.mixin.ai.pathing.BlockStateBaseMixin
[00:06:43] [pool-4-thread-1/INFO]: Replaced 2 calls to Enchantment#getMaxLevel() in net/minecraft/world/item/CreativeModeTabs
[00:06:44] [pool-4-thread-1/INFO]: Vanilla bootstrap took 1473 milliseconds
[00:06:44] [pool-4-thread-1/INFO]: Mixing common.MixinFriendlyByteBuf from mixins/common/nochatreports.mixins.json into net.minecraft.network.FriendlyByteBuf
[00:06:44] [pool-4-thread-1/INFO]: Renaming synthetic method lambda$onWriteJsonWithCodec$1(Ljava/lang/Object;Ljava/lang/String;)Lio/netty/handler/codec/EncoderException; to mdc9f5fb$lambda$onWriteJsonWithCodec$1$0 in mixins/common/nochatreports.mixins.json:common.MixinFriendlyByteBuf
[00:06:44] [pool-4-thread-1/INFO]: Renaming synthetic method lambda$onReadJsonWithCodec$0(Ljava/lang/String;)Lio/netty/handler/codec/DecoderException; to mdc9f5fb$lambda$onReadJsonWithCodec$0$1 in mixins/common/nochatreports.mixins.json:common.MixinFriendlyByteBuf
[00:06:44] [pool-4-thread-1/WARN]: @ModifyConstant conflict. Skipping connectivity.mixins.json:ClientBoundCustomPayloadPacketLMixin->@ModifyConstant::modifyLimit(I)I with priority 1, already redirected by packetfixer.common.mixins.json:ClientboundCustomPayloadPacketMixin->@ModifyConstant::newSize(I)I with priority 1000
[00:06:44] [pool-4-thread-1/WARN]: @ModifyConstant conflict. Skipping connectivity.mixins.json:ClientBoundCustomPayloadPacketLMixin->@ModifyConstant::modifyLimit(I)I with priority 1, already redirected by packetfixer.common.mixins.json:ClientboundCustomPayloadPacketMixin->@ModifyConstant::newSize(I)I with priority 1000
[00:06:44] [pool-4-thread-1/INFO]: Patching IForgeItemStack#getEnchantmentLevel
[00:06:44] [pool-4-thread-1/INFO]: Patching IForgeItemStack#getEnchantmentLevel
[00:06:45] [pool-4-thread-1/INFO]: Replaced 2 calls to Enchantment#getMaxLevel() in net/minecraft/world/inventory/AnvilMenu
[00:06:46] [pool-4-thread-1/INFO]: Patching FishingHook#catchingFish
[00:06:46] [pool-4-thread-1/INFO]: Mixing server.MixinServerGamePacketListenerImpl from mixins/common/nochatreports.mixins.json into net.minecraft.server.network.ServerGamePacketListenerImpl
[00:06:47] [pool-4-thread-1/INFO]: Replaced 1 calls to Enchantment#getMaxLevel() in net/minecraft/world/level/storage/loot/functions/EnchantRandomlyFunction
[00:06:47] [pool-4-thread-1/INFO]: Replaced 1 calls to Enchantment#isDiscoverable() in net/minecraft/world/level/storage/loot/functions/EnchantRandomlyFunction
[00:06:47] [pool-4-thread-1/INFO]: Successfully patched End City generation for void worlds
[00:06:47] [pool-4-thread-1/WARN]: Static binding violation: PRIVATE @Overwrite method m_47505_ in modernfix-common.mixins.json:perf.remove_biome_temperature_cache.BiomeMixin cannot reduce visibiliy of PUBLIC target method, visibility will be upgraded.
[00:06:48] [pool-4-thread-1/WARN]: Unable to find class com.simibubi.create.foundation.ponder.PonderWorld. Integration with PonderJS disabled.
[00:06:48] [pool-4-thread-1/INFO]: Registering content
[00:06:49] [Render thread/WARN]: Static binding violation: PRIVATE @Overwrite method m_166786_ in embeddium.mixins.json:features.render.immediate.buffer_builder.sorting.BufferBuilderMixin cannot reduce visibiliy of PUBLIC target method, visibility will be upgraded.
[00:06:49] [Render thread/WARN]: Assets URL 'union:/C:/Users/Nuril/curseforge/minecraft/Install/libraries/net/minecraft/client/1.20.1-20230612.114412/client-1.20.1-20230612.114412-srg.jar%23783!/assets/.mcassetsroot' uses unexpected schema
[00:06:49] [Render thread/WARN]: Assets URL 'union:/C:/Users/Nuril/curseforge/minecraft/Install/libraries/net/minecraft/client/1.20.1-20230612.114412/client-1.20.1-20230612.114412-srg.jar%23783!/data/.mcassetsroot' uses unexpected schema
[00:06:49] [Render thread/INFO]: Environment: authHost='https://authserver.mojang.com', accountsHost='https://api.mojang.com', sessionHost='https://sessionserver.mojang.com', servicesHost='https://api.minecraftservices.com', name='PROD'
[00:06:49] [Thread-19/INFO]: java-cef commit: a78e832f9f13c2c688caea3d04d8b84fcd238d94
[00:06:49] [Thread-19/INFO]: https://mcef-download.cinemamod.com/java-cef-builds/a78e832f9f13c2c688caea3d04d8b84fcd238d94/windows_amd64.tar.gz.sha256 -> C:\Users\Nuril\curseforge\minecraft\Instances\All the Mods 9 - To the Sky - atm9sky\mods\mcef-libraries\windows_amd64.tar.gz.sha256.temp
[00:06:51] [Thread-19/WARN]: Failed to download JCEF hash.
[00:06:51] [Thread-19/INFO]: https://mcef-download.cinemamod.com/java-cef-builds/a78e832f9f13c2c688caea3d04d8b84fcd238d94/windows_amd64.tar.gz -> C:\Users\Nuril\curseforge\minecraft\Instances\All the Mods 9 - To the Sky - atm9sky\mods\mcef-libraries\windows_amd64.tar.gz
[00:06:52] [Render thread/INFO]: Setting user: Nuril
[00:06:52] [Render thread/INFO]: Bypassed Mojang DFU
[00:06:52] [Render thread/INFO]: Mixing client.MixinToastComponent from mixins/common/nochatreports.mixins.json into net.minecraft.client.gui.components.toasts.ToastComponent
[00:06:52] [Render thread/INFO]: Mixing client.MixinOptions from mixins/common/nochatreports.mixins.json into net.minecraft.client.Options
[00:06:52] [Render thread/INFO]: Renaming synthetic method lambda$onlyShowSecureChat$0(Ljava/lang/Boolean;)V to mdc9f5fb$lambda$onlyShowSecureChat$0$0 in mixins/common/nochatreports.mixins.json:client.MixinOptions
[00:06:52] [Render thread/INFO]: Mixing client.MixinChatComponent from mixins/common/nochatreports.mixins.json into net.minecraft.client.gui.components.ChatComponent
[00:06:52] [Render thread/INFO]: Renaming synthetic method lambda$modifyGUIMessage$1()V to mdc9f5fb$lambda$modifyGUIMessage$1$0 in mixins/common/nochatreports.mixins.json:client.MixinChatComponent
[00:06:52] [Render thread/INFO]: Renaming synthetic method lambda$modifyGUIMessage$0(Lnet/minecraft/network/chat/FormattedText;Lnet/minecraft/network/chat/Component;)V to mdc9f5fb$lambda$modifyGUIMessage$0$1 in mixins/common/nochatreports.mixins.json:client.MixinChatComponent
[00:06:52] [Render thread/INFO]: BeforeConstant is searching for constants in method with descriptor (Lnet/minecraft/network/chat/Component;Lnet/minecraft/client/GuiMessageTag;)V
[00:06:52] [Render thread/INFO]:   BeforeConstant found STRING constant: value = , stringValue = null
[00:06:52] [Render thread/INFO]:     BeforeConstant found a matching constant TYPE at ordinal 0
[00:06:52] [Render thread/INFO]:       BeforeConstant found LdcInsn 
[00:06:52] [Render thread/INFO]:   BeforeConstant found STRING constant: value = \\r, stringValue = null
[00:06:52] [Render thread/INFO]:     BeforeConstant found a matching constant TYPE at ordinal 1
[00:06:52] [Render thread/INFO]:       BeforeConstant found LdcInsn \\r
[00:06:52] [Render thread/INFO]:   BeforeConstant found STRING constant: value = 
, stringValue = null
[00:06:52] [Render thread/INFO]:     BeforeConstant found a matching constant TYPE at ordinal 2
[00:06:52] [Render thread/INFO]:       BeforeConstant found LdcInsn 

[00:06:52] [Render thread/INFO]:   BeforeConstant found STRING constant: value = \\n, stringValue = null
[00:06:52] [Render thread/INFO]:     BeforeConstant found a matching constant TYPE at ordinal 3
[00:06:52] [Render thread/INFO]:       BeforeConstant found LdcInsn \\n
[00:06:52] [Render thread/INFO]:   BeforeConstant found CLASS constant: value = Ljava/lang/String;, typeValue = null
[00:06:52] [Render thread/INFO]:   BeforeConstant found STRING constant: value = [{}] [CHAT] {}, stringValue = null
[00:06:52] [Render thread/INFO]:     BeforeConstant found a matching constant TYPE at ordinal 4
[00:06:52] [Render thread/INFO]:       BeforeConstant found LdcInsn [{}] [CHAT] {}
[00:06:52] [Render thread/INFO]:   BeforeConstant found STRING constant: value = [CHAT] {}, stringValue = null
[00:06:52] [Render thread/INFO]:     BeforeConstant found a matching constant TYPE at ordinal 5
[00:06:52] [Render thread/INFO]:       BeforeConstant found LdcInsn [CHAT] {}
[00:06:52] [Render thread/INFO]: Mixing client.MixinGuiMessageTagIcon from mixins/common/nochatreports.mixins.json into net.minecraft.client.GuiMessageTag$Icon
[00:06:52] [Render thread/INFO]: Renaming @Invoker method create(Ljava/lang/String;IIIII)Lnet/minecraft/client/GuiMessageTag$Icon; to create_$md$c9f5fb$0 in mixins/common/nochatreports.mixins.json:client.MixinGuiMessageTagIcon
[00:06:52] [Render thread/INFO]: Backend library: LWJGL version 3.3.1 build 7
[00:06:52] [Render thread/INFO]: Loaded client.properties
[00:06:52] [Render thread/WARN]: Applying workaround: Prevent the NVIDIA OpenGL driver from using broken optimizations (NVIDIA_THREADED_OPTIMIZATIONS)
[00:06:52] [Render thread/ERROR]: Mod mixin into Embeddium internals detected. This instance is now tainted. The Embeddium team does not provide any guarantee of support for issues encountered while such mods are installed.
[00:06:52] [Render thread/WARN]: Mod(s) [oculus] are modifying Embeddium class me.jellysquid.mods.sodium.client.gui.SodiumGameOptions, which may cause instability.
[00:06:52] [Render thread/INFO]: OpenGL Vendor: ATI Technologies Inc.
[00:06:52] [Render thread/INFO]: OpenGL Renderer: AMD Radeon(TM) Graphics
[00:06:52] [Render thread/INFO]: OpenGL Version: 4.6.0 Core Profile Context 25.6.1.250522
[00:06:52] [Render thread/INFO]: Quartz Init
[00:06:52] [Render thread/INFO]: Vulkan core disabled
[00:06:52] [Render thread/INFO]: Vulkan not available
[00:06:52] [Render thread/INFO]: Quartz initializing GL46Core
[00:06:52] [Render thread/INFO]: Quartz GL46Core initialized
[00:06:53] [Render thread/INFO]: Debug functionality is disabled.
[00:06:53] [Render thread/INFO]: OpenGL 4.5 detected, enabling DSA.
[00:06:53] [Render thread/INFO]: Shaders are disabled because enableShaders is set to false in iris.properties
[00:06:53] [Render thread/INFO]: Shaders are disabled
[00:06:53] [modloading-worker-0/INFO]: Mixing server.MixinPlayerList from mixins/common/nochatreports.mixins.json into net.minecraft.server.players.PlayerList
[00:06:53] [modloading-worker-0/INFO]: Mixing client.MixinClientConnection from mixins/forge/nochatreports-forge.mixins.json into net.minecraft.network.Connection
[00:06:53] [modloading-worker-0/INFO]: Registered "oak_barrel" for barrel material oak.json
[00:06:53] [modloading-worker-0/INFO]: Registered "spruce_barrel" for barrel material spruce.json
[00:06:53] [modloading-worker-0/INFO]: Registered "birch_barrel" for barrel material birch.json
[00:06:53] [modloading-worker-0/INFO]: Registered "jungle_barrel" for barrel material jungle.json
[00:06:53] [modloading-worker-0/INFO]: Registered "acacia_barrel" for barrel material acacia.json
[00:06:53] [modloading-worker-0/INFO]: Registered "dark_oak_barrel" for barrel material dark_oak.json
[00:06:53] [modloading-worker-0/INFO]: Registered "mangrove_barrel" for barrel material mangrove.json
[00:06:53] [modloading-worker-0/INFO]: Registered "cherry_barrel" for barrel material cherry.json
[00:06:53] [modloading-worker-0/INFO]: Registered "bamboo_barrel" for barrel material bamboo.json
[00:06:53] [modloading-worker-0/INFO]: Registered "crimson_barrel" for barrel material crimson.json
[00:06:53] [modloading-worker-0/INFO]: Registered "warped_barrel" for barrel material warped.json
[00:06:53] [modloading-worker-0/INFO]: Registered "stone_barrel" for barrel material stone.json
[00:06:53] [modloading-worker-0/INFO]: Registered "fir_barrel" for barrel material fir.json
[00:06:53] [modloading-worker-0/INFO]: Registered "redwood_barrel" for barrel material redwood.json
[00:06:53] [modloading-worker-0/INFO]: Registered "mahogany_barrel" for barrel material mahogany.json
[00:06:53] [modloading-worker-0/INFO]: Registered "jacaranda_barrel" for barrel material jacaranda.json
[00:06:53] [modloading-worker-0/INFO]: Registered "palm_barrel" for barrel material palm.json
[00:06:53] [modloading-worker-0/INFO]: Registered "willow_barrel" for barrel material willow.json
[00:06:53] [modloading-worker-0/INFO]: Registered "dead_barrel" for barrel material dead.json
[00:06:53] [modloading-worker-0/INFO]: Registered "magic_barrel" for barrel material magic.json
[00:06:53] [modloading-worker-0/INFO]: Registered "umbran_barrel" for barrel material umbran.json
[00:06:53] [modloading-worker-0/INFO]: Registered "hellbark_barrel" for barrel material hellbark.json
[00:06:53] [modloading-worker-0/INFO]: Registered "archwood_barrel" for barrel material archwood.json
[00:06:53] [modloading-worker-0/INFO]: Registered "skyroot_barrel" for barrel material skyroot.json
[00:06:53] [modloading-worker-0/INFO]: Registered "bluebright_barrel" for barrel material bluebright.json
[00:06:53] [modloading-worker-0/INFO]: Registered "starlit_barrel" for barrel material starlit.json
[00:06:53] [modloading-worker-0/INFO]: Registered "frostbright_barrel" for barrel material frostbright.json
[00:06:53] [modloading-worker-0/INFO]: Registered "comet_barrel" for barrel material comet.json
[00:06:53] [modloading-worker-0/INFO]: Registered "lunar_barrel" for barrel material lunar.json
[00:06:53] [modloading-worker-0/INFO]: Registered "dusk_barrel" for barrel material dusk.json
[00:06:53] [modloading-worker-0/INFO]: Registered "maple_barrel" for barrel material maple.json
[00:06:53] [modloading-worker-0/INFO]: Registered "crystallized_barrel" for barrel material crystallized.json
[00:06:53] [modloading-worker-0/INFO]: Registered "oak_sieve" for sieve material oak.json
[00:06:53] [modloading-worker-0/INFO]: Registered "spruce_sieve" for sieve material spruce.json
[00:06:53] [modloading-worker-0/INFO]: Registered "birch_sieve" for sieve material birch.json
[00:06:53] [modloading-worker-0/INFO]: Registered "jungle_sieve" for sieve material jungle.json
[00:06:53] [modloading-worker-0/INFO]: Registered "acacia_sieve" for sieve material acacia.json
[00:06:53] [modloading-worker-0/INFO]: Registered "dark_oak_sieve" for sieve material dark_oak.json
[00:06:53] [modloading-worker-0/INFO]: Registered "mangrove_sieve" for sieve material mangrove.json
[00:06:53] [modloading-worker-0/INFO]: Registered "cherry_sieve" for sieve material cherry.json
[00:06:53] [modloading-worker-0/INFO]: Registered "bamboo_sieve" for sieve material bamboo.json
[00:06:53] [modloading-worker-0/INFO]: Registered "crimson_sieve" for sieve material crimson.json
[00:06:53] [modloading-worker-0/INFO]: Registered "warped_sieve" for sieve material warped.json
[00:06:53] [modloading-worker-0/INFO]: Registered "fir_sieve" for sieve material fir.json
[00:06:53] [modloading-worker-0/INFO]: Registered "redwood_sieve" for sieve material redwood.json
[00:06:53] [modloading-worker-0/INFO]: Registered "mahogany_sieve" for sieve material mahogany.json
[00:06:53] [modloading-worker-0/INFO]: Registered "jacaranda_sieve" for sieve material jacaranda.json
[00:06:53] [modloading-worker-0/INFO]: Registered "palm_sieve" for sieve material palm.json
[00:06:53] [modloading-worker-0/INFO]: Registered "willow_sieve" for sieve material willow.json
[00:06:53] [modloading-worker-0/INFO]: Registered "dead_sieve" for sieve material dead.json
[00:06:53] [modloading-worker-0/INFO]: Registered "magic_sieve" for sieve material magic.json
[00:06:53] [modloading-worker-0/INFO]: Registered "umbran_sieve" for sieve material umbran.json
[00:06:53] [modloading-worker-0/INFO]: Registered "hellbark_sieve" for sieve material hellbark.json
[00:06:53] [modloading-worker-0/INFO]: Registered "archwood_sieve" for sieve material archwood.json
[00:06:53] [modloading-worker-0/INFO]: Registered "skyroot_sieve" for sieve material skyroot.json
[00:06:53] [modloading-worker-0/INFO]: Registered "bluebright_sieve" for sieve material bluebright.json
[00:06:53] [modloading-worker-0/INFO]: Registered "starlit_sieve" for sieve material starlit.json
[00:06:53] [modloading-worker-0/INFO]: Registered "frostbright_sieve" for sieve material frostbright.json
[00:06:53] [modloading-worker-0/INFO]: Registered "comet_sieve" for sieve material comet.json
[00:06:53] [modloading-worker-0/INFO]: Registered "lunar_sieve" for sieve material lunar.json
[00:06:53] [modloading-worker-0/INFO]: Registered "dusk_sieve" for sieve material dusk.json
[00:06:53] [modloading-worker-0/INFO]: Registered "maple_sieve" for sieve material maple.json
[00:06:53] [modloading-worker-0/INFO]: Registered "crystallized_sieve" for sieve material crystallized.json
[00:06:53] [modloading-worker-0/INFO]: Registered "oak_compressed_sieve" for compressed_sieve material oak.json
[00:06:53] [modloading-worker-0/INFO]: Registered "spruce_compressed_sieve" for compressed_sieve material spruce.json
[00:06:53] [modloading-worker-0/INFO]: Registered "birch_compressed_sieve" for compressed_sieve material birch.json
[00:06:53] [modloading-worker-0/INFO]: Registered "jungle_compressed_sieve" for compressed_sieve material jungle.json
[00:06:53] [modloading-worker-0/INFO]: Registered "acacia_compressed_sieve" for compressed_sieve material acacia.json
[00:06:53] [modloading-worker-0/INFO]: Registered "dark_oak_compressed_sieve" for compressed_sieve material dark_oak.json
[00:06:53] [modloading-worker-0/INFO]: Registered "mangrove_compressed_sieve" for compressed_sieve material mangrove.json
[00:06:53] [modloading-worker-0/INFO]: Registered "cherry_compressed_sieve" for compressed_sieve material cherry.json
[00:06:53] [modloading-worker-0/INFO]: Registered "bamboo_compressed_sieve" for compressed_sieve material bamboo.json
[00:06:53] [modloading-worker-0/INFO]: Registered "warped_compressed_sieve" for compressed_sieve material warped.json
[00:06:53] [modloading-worker-0/INFO]: Registered "crimson_compressed_sieve" for compressed_sieve material crimson.json
[00:06:53] [modloading-worker-0/INFO]: Registered "fir_compressed_sieve" for compressed_sieve material fir.json
[00:06:53] [modloading-worker-0/INFO]: Registered "redwood_compressed_sieve" for compressed_sieve material redwood.json
[00:06:53] [modloading-worker-0/INFO]: Registered "mahogany_compressed_sieve" for compressed_sieve material mahogany.json
[00:06:53] [modloading-worker-0/INFO]: Registered "jacaranda_compressed_sieve" for compressed_sieve material jacaranda.json
[00:06:53] [modloading-worker-0/INFO]: Registered "palm_compressed_sieve" for compressed_sieve material palm.json
[00:06:53] [modloading-worker-0/INFO]: Registered "willow_compressed_sieve" for compressed_sieve material willow.json
[00:06:53] [modloading-worker-0/INFO]: Registered "dead_compressed_sieve" for compressed_sieve material dead.json
[00:06:53] [modloading-worker-0/INFO]: Registered "magic_compressed_sieve" for compressed_sieve material magic.json
[00:06:53] [modloading-worker-0/INFO]: Registered "umbran_compressed_sieve" for compressed_sieve material umbran.json
[00:06:53] [modloading-worker-0/INFO]: Registered "hellbark_compressed_sieve" for compressed_sieve material hellbark.json
[00:06:53] [modloading-worker-0/INFO]: Registered "blue_archwood_compressed_sieve" for compressed_sieve material blue_archwood.json
[00:06:53] [modloading-worker-0/INFO]: Registered "red_archwood_compressed_sieve" for compressed_sieve material red_archwood.json
[00:06:53] [modloading-worker-0/INFO]: Registered "purple_archwood_compressed_sieve" for compressed_sieve material purple_archwood.json
[00:06:53] [modloading-worker-0/INFO]: Registered "green_archwood_compressed_sieve" for compressed_sieve material green_archwood.json
[00:06:53] [modloading-worker-0/INFO]: Registered "skyroot_compressed_sieve" for compressed_sieve material skyroot.json
[00:06:53] [modloading-worker-0/INFO]: Registered "golden_oak_compressed_sieve" for compressed_sieve material golden_oak.json
[00:06:53] [modloading-worker-0/INFO]: Registered "bluebright_compressed_sieve" for compressed_sieve material bluebright.json
[00:06:53] [modloading-worker-0/INFO]: Registered "starlit_compressed_sieve" for compressed_sieve material starlit.json
[00:06:53] [modloading-worker-0/INFO]: Registered "frostbright_compressed_sieve" for compressed_sieve material frostbright.json
[00:06:53] [modloading-worker-0/INFO]: Registered "comet_compressed_sieve" for compressed_sieve material comet.json
[00:06:53] [modloading-worker-0/INFO]: Registered "lunar_compressed_sieve" for compressed_sieve material lunar.json
[00:06:53] [modloading-worker-0/INFO]: Registered "dusk_compressed_sieve" for compressed_sieve material dusk.json
[00:06:53] [modloading-worker-0/INFO]: Registered "maple_compressed_sieve" for compressed_sieve material maple.json
[00:06:53] [modloading-worker-0/INFO]: Registered "crystallized_compressed_sieve" for compressed_sieve material crystallized.json
[00:06:53] [modloading-worker-0/INFO]: Registered "porcelain_crucible" for lava_crucible material porcelain.json
[00:06:53] [modloading-worker-0/INFO]: Registered "warped_crucible" for lava_crucible material warped.json
[00:06:53] [modloading-worker-0/INFO]: Registered "crimson_crucible" for lava_crucible material crimson.json
[00:06:53] [modloading-worker-0/INFO]: Registered "hellbark_crucible" for lava_crucible material hellbark.json
[00:06:53] [modloading-worker-0/INFO]: Registered "crystallized_crucible" for lava_crucible material crystallized.json
[00:06:53] [modloading-worker-0/WARN]: Mod(s) [oculus, embeddium_extra] are modifying Embeddium class me.jellysquid.mods.sodium.client.gui.SodiumOptionsGUI, which may cause instability.
[00:06:53] [modloading-worker-0/INFO]: Registered "oak_crucible" for water_crucible material oak.json
[00:06:53] [modloading-worker-0/INFO]: Registered "spruce_crucible" for water_crucible material spruce.json
[00:06:53] [modloading-worker-0/INFO]: Registered "birch_crucible" for water_crucible material birch.json
[00:06:53] [modloading-worker-0/INFO]: Registered "jungle_crucible" for water_crucible material jungle.json
[00:06:53] [modloading-worker-0/INFO]: Registered "acacia_crucible" for water_crucible material acacia.json
[00:06:53] [modloading-worker-0/INFO]: Registered "dark_oak_crucible" for water_crucible material dark_oak.json
[00:06:53] [modloading-worker-0/INFO]: Registered "mangrove_crucible" for water_crucible material mangrove.json
[00:06:53] [modloading-worker-0/INFO]: Registered "cherry_crucible" for water_crucible material cherry.json
[00:06:53] [modloading-worker-0/INFO]: Registered "bamboo_crucible" for water_crucible material bamboo.json
[00:06:53] [modloading-worker-0/INFO]: Registered "fir_crucible" for water_crucible material fir.json
[00:06:53] [modloading-worker-0/INFO]: Registered "redwood_crucible" for water_crucible material redwood.json
[00:06:53] [modloading-worker-0/INFO]: Registered "mahogany_crucible" for water_crucible material mahogany.json
[00:06:53] [modloading-worker-0/INFO]: Registered "jacaranda_crucible" for water_crucible material jacaranda.json
[00:06:53] [modloading-worker-0/INFO]: Registered "palm_crucible" for water_crucible material palm.json
[00:06:53] [modloading-worker-0/INFO]: Registered "willow_crucible" for water_crucible material willow.json
[00:06:53] [modloading-worker-0/INFO]: Registered "dead_crucible" for water_crucible material dead.json
[00:06:53] [modloading-worker-0/INFO]: Registered "magic_crucible" for water_crucible material magic.json
[00:06:53] [modloading-worker-0/INFO]: Registered "umbran_crucible" for water_crucible material umbran.json
[00:06:53] [modloading-worker-0/INFO]: Registered "blue_archwood_crucible" for water_crucible material blue_archwood.json
[00:06:53] [modloading-worker-0/INFO]: Registered "red_archwood_crucible" for water_crucible material red_archwood.json
[00:06:53] [modloading-worker-0/INFO]: Registered "purple_archwood_crucible" for water_crucible material purple_archwood.json
[00:06:53] [modloading-worker-0/INFO]: Registered "green_archwood_crucible" for water_crucible material green_archwood.json
[00:06:53] [modloading-worker-0/INFO]: Registered "skyroot_crucible" for water_crucible material skyroot.json
[00:06:53] [modloading-worker-0/INFO]: Registered "golden_oak_crucible" for water_crucible material golden_oak.json
[00:06:53] [modloading-worker-0/INFO]: Registered "bluebright_crucible" for water_crucible material bluebright.json
[00:06:53] [modloading-worker-0/INFO]: Registered "starlit_crucible" for water_crucible material starlit.json
[00:06:53] [modloading-worker-0/INFO]: Registered "frostbright_crucible" for water_crucible material frostbright.json
[00:06:53] [modloading-worker-0/INFO]: Registered "comet_crucible" for water_crucible material comet.json
[00:06:53] [modloading-worker-0/INFO]: Registered "lunar_crucible" for water_crucible material lunar.json
[00:06:53] [modloading-worker-0/INFO]: Registered "dusk_crucible" for water_crucible material dusk.json
[00:06:53] [modloading-worker-0/INFO]: Registered "maple_crucible" for water_crucible material maple.json
[00:06:54] [modloading-worker-0/INFO]: Better Compatibility Checker starting
[00:06:54] [modloading-worker-0/INFO]: Mixing client.MixinJoinMultiplayerScreen from mixins/common/nochatreports.mixins.json into net.minecraft.client.gui.screens.multiplayer.JoinMultiplayerScreen
[00:06:54] [modloading-worker-0/INFO]: Renaming synthetic method lambda$onInit$2()Lnet/minecraft/network/chat/Component; to mdc9f5fb$lambda$onInit$2$0 in mixins/common/nochatreports.mixins.json:client.MixinJoinMultiplayerScreen
[00:06:54] [modloading-worker-0/INFO]: Renaming synthetic method lambda$onInit$1(Lnet/minecraft/client/gui/components/Button;)V to mdc9f5fb$lambda$onInit$1$1 in mixins/common/nochatreports.mixins.json:client.MixinJoinMultiplayerScreen
[00:06:54] [modloading-worker-0/INFO]: Renaming synthetic method lambda$onInit$0(Lnet/minecraft/client/gui/components/Button;)V to mdc9f5fb$lambda$onInit$0$2 in mixins/common/nochatreports.mixins.json:client.MixinJoinMultiplayerScreen
[00:06:54] [modloading-worker-0/INFO]: Scanning classes for industrialforegoing
[00:06:54] [modloading-worker-0/INFO]: Found FeaturePluginInstance for class PatchouliPlugin for plugin patchouli
[00:06:54] [modloading-worker-0/INFO]: Found FeaturePluginInstance for class CuriosPlugin for plugin curios
[00:06:54] [modloading-worker-0/INFO]: Constructed class PatchouliPlugin for plugin patchouli for mod industrialforegoing
[00:06:54] [modloading-worker-0/INFO]: Constructed class CuriosPlugin for plugin curios for mod industrialforegoing
[00:06:54] [modloading-worker-0/INFO]: Executing phase CONSTRUCTION for plugin class PatchouliPlugin
[00:06:54] [modloading-worker-0/INFO]: Executing phase CONSTRUCTION for plugin class CuriosPlugin
[00:06:54] [modloading-worker-0/WARN]: Static binding violation: PRIVATE @Overwrite method m_215924_ in modernfix-forge.mixins.json:perf.tag_id_caching.TagEntryMixin cannot reduce visibiliy of PUBLIC target method, visibility will be upgraded.
[00:06:54] [modloading-worker-0/INFO]: Executing phase PRE_INIT for plugin class PatchouliPlugin
[00:06:54] [modloading-worker-0/INFO]: Executing phase PRE_INIT for plugin class CuriosPlugin
[00:06:54] [modloading-worker-0/INFO]: File exists, reading config for elocindev.ysns.config.DisabledEntities.
[00:06:54] [modloading-worker-0/INFO]: Config for elocindev.ysns.config.DisabledEntities read successfully.
[00:06:54] [modloading-worker-0/WARN]: Configuration file C:\Users\Nuril\curseforge\minecraft\Instances\All the Mods 9 - To the Sky - atm9sky\config\ironfurnaces-client.toml is not correct. Correcting
[00:06:54] [modloading-worker-0/WARN]: Incorrect key furnaces was corrected from null to its default, SimpleCommentedConfig:{}. 
[00:06:54] [modloading-worker-0/WARN]: Incorrect key furnaces.energy was corrected from null to its default, SimpleCommentedConfig:{}. 
[00:06:54] [modloading-worker-0/WARN]: Incorrect key furnaces.energy.tier_0 was corrected from null to its default, 80000. 
[00:06:54] [modloading-worker-0/WARN]: Incorrect key furnaces.energy.tier_1 was corrected from null to its default, 200000. 
[00:06:54] [modloading-worker-0/WARN]: Incorrect key furnaces.energy.tier_2 was corrected from null to its default, 1000000. 
[00:06:54] [modloading-worker-0/WARN]: Incorrect key furnaces.iron_furnace was corrected from null to its default, SimpleCommentedConfig:{}. 
[00:06:54] [modloading-worker-0/WARN]: Incorrect key furnaces.iron_furnace.tier was corrected from null to its default, 0. 
[00:06:54] [modloading-worker-0/WARN]: Incorrect key furnaces.iron_furnace.speed was corrected from null to its default, 160. 
[00:06:54] [modloading-worker-0/WARN]: Incorrect key furnaces.iron_furnace.generation was corrected from null to its default, 40. 
[00:06:54] [modloading-worker-0/WARN]: Incorrect key furnaces.copper_furnace was corrected from null to its default, SimpleCommentedConfig:{}. 
[00:06:54] [modloading-worker-0/WARN]: Incorrect key furnaces.copper_furnace.tier was corrected from null to its default, 0. 
[00:06:54] [modloading-worker-0/WARN]: Incorrect key furnaces.copper_furnace.speed was corrected from null to its default, 180. 
[00:06:54] [modloading-worker-0/WARN]: Incorrect key furnaces.copper_furnace.generation was corrected from null to its default, 40. 
[00:06:54] [modloading-worker-0/WARN]: Incorrect key furnaces.gold_furnace was corrected from null to its default, SimpleCommentedConfig:{}. 
[00:06:54] [modloading-worker-0/WARN]: Incorrect key furnaces.gold_furnace.tier was corrected from null to its default, 1. 
[00:06:54] [modloading-worker-0/WARN]: Incorrect key furnaces.gold_furnace.speed was corrected from null to its default, 120. 
[00:06:54] [modloading-worker-0/WARN]: Incorrect key furnaces.gold_furnace.generation was corrected from null to its default, 160. 
[00:06:54] [modloading-worker-0/WARN]: Incorrect key furnaces.diamond_furnace was corrected from null to its default, SimpleCommentedConfig:{}. 
[00:06:54] [modloading-worker-0/WARN]: Incorrect key furnaces.diamond_furnace.tier was corrected from null to its default, 2. 
[00:06:54] [modloading-worker-0/WARN]: Incorrect key furnaces.diamond_furnace.speed was corrected from null to its default, 80. 
[00:06:54] [modloading-worker-0/WARN]: Incorrect key furnaces.diamond_furnace.generation was corrected from null to its default, 240. 
[00:06:54] [modloading-worker-0/WARN]: Incorrect key furnaces.emerald_furnace was corrected from null to its default, SimpleCommentedConfig:{}. 
[00:06:54] [modloading-worker-0/WARN]: Incorrect key furnaces.emerald_furnace.tier was corrected from null to its default, 2. 
[00:06:54] [modloading-worker-0/WARN]: Incorrect key furnaces.emerald_furnace.speed was corrected from null to its default, 40. 
[00:06:54] [modloading-worker-0/WARN]: Incorrect key furnaces.emerald_furnace.generation was corrected from null to its default, 320. 
[00:06:54] [modloading-worker-0/WARN]: Incorrect key furnaces.silver_furnace was corrected from null to its default, SimpleCommentedConfig:{}. 
[00:06:54] [modloading-worker-0/WARN]: Incorrect key furnaces.silver_furnace.tier was corrected from null to its default, 1. 
[00:06:54] [modloading-worker-0/WARN]: Incorrect key furnaces.silver_furnace.speed was corrected from null to its default, 140. 
[00:06:54] [modloading-worker-0/WARN]: Incorrect key furnaces.silver_furnace.generation was corrected from null to its default, 100. 
[00:06:54] [modloading-worker-0/WARN]: Incorrect key furnaces.crystal_furnace was corrected from null to its default, SimpleCommentedConfig:{}. 
[00:06:54] [modloading-worker-0/WARN]: Incorrect key furnaces.crystal_furnace.tier was corrected from null to its default, 2. 
[00:06:54] [modloading-worker-0/WARN]: Incorrect key furnaces.crystal_furnace.speed was corrected from null to its default, 40. 
[00:06:54] [modloading-worker-0/WARN]: Incorrect key furnaces.crystal_furnace.generation was corrected from null to its default, 360. 
[00:06:54] [modloading-worker-0/WARN]: Incorrect key furnaces.obsidian_furnace was corrected from null to its default, SimpleCommentedConfig:{}. 
[00:06:54] [modloading-worker-0/WARN]: Incorrect key furnaces.obsidian_furnace.tier was corrected from null to its default, 2. 
[00:06:54] [modloading-worker-0/WARN]: Incorrect key furnaces.obsidian_furnace.speed was corrected from null to its default, 20. 
[00:06:54] [modloading-worker-0/WARN]: Incorrect key furnaces.obsidian_furnace.generation was corrected from null to its default, 500. 
[00:06:54] [modloading-worker-0/WARN]: Incorrect key furnaces.netherite_furnace was corrected from null to its default, SimpleCommentedConfig:{}. 
[00:06:54] [modloading-worker-0/WARN]: Incorrect key furnaces.netherite_furnace.tier was corrected from null to its default, 2. 
[00:06:54] [modloading-worker-0/WARN]: Incorrect key furnaces.netherite_furnace.speed was corrected from null to its default, 5. 
[00:06:54] [modloading-worker-0/WARN]: Incorrect key furnaces.netherite_furnace.generation was corrected from null to its default, 1000. 
[00:06:54] [modloading-worker-0/WARN]: Incorrect key furnaces.million_furnace was corrected from null to its default, SimpleCommentedConfig:{}. 
[00:06:54] [modloading-worker-0/WARN]: Incorrect key furnaces.million_furnace.tier was corrected from null to its default, 2. 
[00:06:54] [modloading-worker-0/WARN]: Incorrect key furnaces.recipe_cache was corrected from null to its default, 10. 
[00:06:54] [modloading-worker-0/WARN]: Incorrect key furnaces.rainbow_furnace was corrected from null to its default, SimpleCommentedConfig:{}. 
[00:06:54] [modloading-worker-0/WARN]: Incorrect key furnaces.rainbow_furnace.speed was corrected from null to its default, 20. 
[00:06:54] [modloading-worker-0/WARN]: Incorrect key furnaces.rainbow_furnace.rainbow_generation was corrected from null to its default, 50000. 
[00:06:54] [modloading-worker-0/WARN]: Incorrect key furnaces.rainbow_furnace.generation was corrected from null to its default, 2000. 
[00:06:54] [modloading-worker-0/WARN]: Incorrect key furnaces.recipeMaxXPLevel was corrected from null to its default, SimpleCommentedConfig:{}. 
[00:06:54] [modloading-worker-0/WARN]: Incorrect key furnaces.recipeMaxXPLevel.level was corrected from null to its default, 100. 
[00:06:54] [modloading-worker-0/WARN]: Incorrect key modded_furnaces was corrected from null to its default, SimpleCommentedConfig:{}. 
[00:06:54] [modloading-worker-0/WARN]: Incorrect key modded_furnaces.allthemodium_furnace was corrected from null to its default, SimpleCommentedConfig:{}. 
[00:06:54] [modloading-worker-0/WARN]: Incorrect key modded_furnaces.allthemodium_furnace.speed was corrected from null to its default, 5. 
[00:06:54] [modloading-worker-0/WARN]: Incorrect key modded_furnaces.allthemodium_furnace.mult was corrected from null to its default, 16. 
[00:06:54] [modloading-worker-0/WARN]: Incorrect key modded_furnaces.allthemodium_furnace.generation was corrected from null to its default, 2000. 
[00:06:54] [modloading-worker-0/WARN]: Incorrect key modded_furnaces.allthemodium_furnace.tier was corrected from null to its default, 2. 
[00:06:54] [modloading-worker-0/WARN]: Incorrect key modded_furnaces.vibranium_furnace was corrected from null to its default, SimpleCommentedConfig:{}. 
[00:06:54] [modloading-worker-0/WARN]: Incorrect key modded_furnaces.vibranium_furnace.speed was corrected from null to its default, 3. 
[00:06:54] [modloading-worker-0/WARN]: Incorrect key modded_furnaces.vibranium_furnace.mult was corrected from null to its default, 32. 
[00:06:54] [modloading-worker-0/WARN]: Incorrect key modded_furnaces.vibranium_furnace.generation was corrected from null to its default, 3000. 
[00:06:54] [modloading-worker-0/WARN]: Incorrect key modded_furnaces.vibranium_furnace.tier was corrected from null to its default, 2. 
[00:06:54] [modloading-worker-0/WARN]: Incorrect key modded_furnaces.unobtainium_furnace was corrected from null to its default, SimpleCommentedConfig:{}. 
[00:06:54] [modloading-worker-0/WARN]: Incorrect key modded_furnaces.unobtainium_furnace.speed was corrected from null to its default, 1. 
[00:06:54] [modloading-worker-0/WARN]: Incorrect key modded_furnaces.unobtainium_furnace.mult was corrected from null to its default, 64. 
[00:06:54] [modloading-worker-0/WARN]: Incorrect key modded_furnaces.unobtainium_furnace.generation was corrected from null to its default, 5000. 
[00:06:54] [modloading-worker-0/WARN]: Incorrect key modded_furnaces.unobtainium_furnace.tier was corrected from null to its default, 2. 
[00:06:54] [modloading-worker-0/WARN]: Incorrect key jei was corrected from null to its default, SimpleCommentedConfig:{}. 
[00:06:54] [modloading-worker-0/WARN]: Incorrect key jei.jei was corrected from null to its default, SimpleCommentedConfig:{}. 
[00:06:54] [modloading-worker-0/WARN]: Incorrect key jei.jei.enable_jei was corrected from null to its default, true. 
[00:06:54] [modloading-worker-0/WARN]: Incorrect key jei.jei.enable_jei_catalysts was corrected from null to its default, true. 
[00:06:54] [modloading-worker-0/WARN]: Incorrect key jei.jei.enable_jei_click_area was corrected from null to its default, true. 
[00:06:54] [modloading-worker-0/INFO]: File exists, reading config for elocindev.ysns.config.PerDimensionEntities.
[00:06:54] [modloading-worker-0/WARN]: Incorrect key misc.misc.rainbow was corrected from null to its default, true. 
[00:06:54] [modloading-worker-0/INFO]: Config for elocindev.ysns.config.PerDimensionEntities read successfully.
[00:06:54] [modloading-worker-0/WARN]: Incorrect key misc.misc.errors was corrected from null to its default, false. 
[00:06:54] [modloading-worker-0/WARN]: Incorrect key misc.misc.web was corrected from null to its default, false. 
[00:06:54] [modloading-worker-0/WARN]: You have disabled Iron Furnaces's Update Checker, to re-enable: change the value of Update Checker in .minecraft->config->ironfurnaces-client.toml to 'true'.
[00:06:54] [modloading-worker-0/INFO]: You Shall Not Spawn's Config initialized
[00:06:54] [modloading-worker-0/INFO]: Registering S2C receiver with id architectury:sync_ids
[00:06:54] [modloading-worker-0/INFO]: Registering C2S receiver with id architectury:sync_ids
[00:06:54] [modloading-worker-0/INFO]: Registering C2S receiver with id powah:packet
[00:06:54] [modloading-worker-0/INFO]: [org.spongepowered.asm.util.Locals:generateLocalVariableTable:719]: org.objectweb.asm.tree.analysis.AnalyzerException: Error at instruction 280: Insufficient maximum stack size.
[00:06:54] [modloading-worker-0/INFO]: [org.spongepowered.asm.util.Locals:generateLocalVariableTable:719]: 	at org.objectweb.asm.tree.analysis@9.7.1/org.objectweb.asm.tree.analysis.Analyzer.analyze(Analyzer.java:290)
[00:06:54] [modloading-worker-0/INFO]: [org.spongepowered.asm.util.Locals:generateLocalVariableTable:719]: 	at MC-BOOTSTRAP/org.spongepowered.mixin/org.spongepowered.asm.util.Locals.generateLocalVariableTable(Locals.java:717)
[00:06:54] [modloading-worker-0/INFO]: [org.spongepowered.asm.util.Locals:generateLocalVariableTable:719]: 	at MC-BOOTSTRAP/org.spongepowered.mixin/org.spongepowered.asm.util.Locals.getGeneratedLocalVariableTable(Locals.java:686)
[00:06:54] [modloading-worker-0/INFO]: [org.spongepowered.asm.util.Locals:generateLocalVariableTable:719]: 	at MC-BOOTSTRAP/org.spongepowered.mixin/org.spongepowered.asm.util.Locals.getLocalVariableAt(Locals.java:640)
[00:06:54] [modloading-worker-0/INFO]: [org.spongepowered.asm.util.Locals:generateLocalVariableTable:719]: 	at MC-BOOTSTRAP/org.spongepowered.mixin/org.spongepowered.asm.util.Locals.getLocalVariableAt(Locals.java:610)
[00:06:54] [modloading-worker-0/INFO]: [org.spongepowered.asm.util.Locals:generateLocalVariableTable:719]: 	at MC-BOOTSTRAP/org.spongepowered.mixin/org.spongepowered.asm.util.Locals.getLocalsAt(Locals.java:525)
[00:06:54] [modloading-worker-0/INFO]: [org.spongepowered.asm.util.Locals:generateLocalVariableTable:719]: 	at MC-BOOTSTRAP/org.spongepowered.mixin/org.spongepowered.asm.util.Locals.getLocalsAt(Locals.java:335)
[00:06:54] [modloading-worker-0/INFO]: [org.spongepowered.asm.util.Locals:generateLocalVariableTable:719]: 	at MC-BOOTSTRAP/org.spongepowered.mixin/org.spongepowered.asm.mixin.injection.callback.CallbackInjector.preInject(CallbackInjector.java:429)
[00:06:54] [modloading-worker-0/INFO]: [org.spongepowered.asm.util.Locals:generateLocalVariableTable:719]: 	at MC-BOOTSTRAP/org.spongepowered.mixin/org.spongepowered.asm.mixin.injection.code.Injector.preInject(Injector.java:258)
[00:06:54] [modloading-worker-0/INFO]: [org.spongepowered.asm.util.Locals:generateLocalVariableTable:719]: 	at MC-BOOTSTRAP/org.spongepowered.mixin/org.spongepowered.asm.mixin.injection.struct.InjectionInfo.preInject(InjectionInfo.java:436)
[00:06:54] [modloading-worker-0/INFO]: [org.spongepowered.asm.util.Locals:generateLocalVariableTable:719]: 	at MC-BOOTSTRAP/org.spongepowered.mixin/org.spongepowered.asm.mixin.transformer.MixinTargetContext.applyInjections(MixinTargetContext.java:1348)
[00:06:54] [modloading-worker-0/INFO]: [org.spongepowered.asm.util.Locals:generateLocalVariableTable:719]: 	at MC-BOOTSTRAP/org.spongepowered.mixin/org.spongepowered.asm.mixin.transformer.MixinApplicatorStandard.applyInjections(MixinApplicatorStandard.java:1051)
[00:06:54] [modloading-worker-0/INFO]: [org.spongepowered.asm.util.Locals:generateLocalVariableTable:719]: 	at MC-BOOTSTRAP/org.spongepowered.mixin/org.spongepowered.asm.mixin.transformer.MixinApplicatorStandard.applyMixin(MixinApplicatorStandard.java:400)
[00:06:54] [modloading-worker-0/INFO]: [org.spongepowered.asm.util.Locals:generateLocalVariableTable:719]: 	at MC-BOOTSTRAP/org.spongepowered.mixin/org.spongepowered.asm.mixin.transformer.MixinApplicatorStandard.apply(MixinApplicatorStandard.java:325)
[00:06:54] [modloading-worker-0/INFO]: [org.spongepowered.asm.util.Locals:generateLocalVariableTable:719]: 	at MC-BOOTSTRAP/org.spongepowered.mixin/org.spongepowered.asm.mixin.transformer.TargetClassContext.apply(TargetClassContext.java:383)
[00:06:54] [modloading-worker-0/INFO]: [org.spongepowered.asm.util.Locals:generateLocalVariableTable:719]: 	at MC-BOOTSTRAP/org.spongepowered.mixin/org.spongepowered.asm.mixin.transformer.TargetClassContext.applyMixins(TargetClassContext.java:365)
[00:06:54] [modloading-worker-0/INFO]: [org.spongepowered.asm.util.Locals:generateLocalVariableTable:719]: 	at MC-BOOTSTRAP/org.spongepowered.mixin/org.spongepowered.asm.mixin.transformer.MixinProcessor.applyMixins(MixinProcessor.java:363)
[00:06:54] [modloading-worker-0/INFO]: [org.spongepowered.asm.util.Locals:generateLocalVariableTable:719]: 	at MC-BOOTSTRAP/org.spongepowered.mixin/org.spongepowered.asm.mixin.transformer.MixinTransformer.transformClass(MixinTransformer.java:250)
[00:06:54] [modloading-worker-0/INFO]: [org.spongepowered.asm.util.Locals:generateLocalVariableTable:719]: 	at MC-BOOTSTRAP/org.spongepowered.mixin/org.spongepowered.asm.service.modlauncher.MixinTransformationHandler.processClass(MixinTransformationHandler.java:131)
[00:06:54] [modloading-worker-0/INFO]: [org.spongepowered.asm.util.Locals:generateLocalVariableTable:719]: 	at MC-BOOTSTRAP/org.spongepowered.mixin/org.spongepowered.asm.launch.MixinLaunchPluginLegacy.processClass(MixinLaunchPluginLegacy.java:131)
[00:06:54] [modloading-worker-0/INFO]: [org.spongepowered.asm.util.Locals:generateLocalVariableTable:719]: 	at MC-BOOTSTRAP/cpw.mods.modlauncher@10.0.9/cpw.mods.modlauncher.serviceapi.ILaunchPluginService.processClassWithFlags(ILaunchPluginService.java:156)
[00:06:54] [modloading-worker-0/INFO]: [org.spongepowered.asm.util.Locals:generateLocalVariableTable:719]: 	at MC-BOOTSTRAP/cpw.mods.modlauncher@10.0.9/cpw.mods.modlauncher.LaunchPluginHandler.offerClassNodeToPlugins(LaunchPluginHandler.java:88)
[00:06:54] [modloading-worker-0/INFO]: [org.spongepowered.asm.util.Locals:generateLocalVariableTable:719]: 	at MC-BOOTSTRAP/cpw.mods.modlauncher@10.0.9/cpw.mods.modlauncher.ClassTransformer.transform(ClassTransformer.java:120)
[00:06:54] [modloading-worker-0/INFO]: [org.spongepowered.asm.util.Locals:generateLocalVariableTable:719]: 	at MC-BOOTSTRAP/cpw.mods.modlauncher@10.0.9/cpw.mods.modlauncher.TransformingClassLoader.maybeTransformClassBytes(TransformingClassLoader.java:50)
[00:06:54] [modloading-worker-0/INFO]: [org.spongepowered.asm.util.Locals:generateLocalVariableTable:719]: 	at cpw.mods.securejarhandler/cpw.mods.cl.ModuleClassLoader.readerToClass(ModuleClassLoader.java:113)
[00:06:54] [modloading-worker-0/INFO]: [org.spongepowered.asm.util.Locals:generateLocalVariableTable:719]: 	at cpw.mods.securejarhandler/cpw.mods.cl.ModuleClassLoader.lambda$findClass$15(ModuleClassLoader.java:219)
[00:06:54] [modloading-worker-0/INFO]: [org.spongepowered.asm.util.Locals:generateLocalVariableTable:719]: 	at cpw.mods.securejarhandler/cpw.mods.cl.ModuleClassLoader.loadFromModule(ModuleClassLoader.java:229)
[00:06:54] [modloading-worker-0/INFO]: [org.spongepowered.asm.util.Locals:generateLocalVariableTable:719]: 	at cpw.mods.securejarhandler/cpw.mods.cl.ModuleClassLoader.findClass(ModuleClassLoader.java:219)
[00:06:54] [modloading-worker-0/INFO]: [org.spongepowered.asm.util.Locals:generateLocalVariableTable:719]: 	at cpw.mods.securejarhandler/cpw.mods.cl.ModuleClassLoader.loadClass(ModuleClassLoader.java:135)
[00:06:54] [modloading-worker-0/INFO]: [org.spongepowered.asm.util.Locals:generateLocalVariableTable:719]: 	at java.base/java.lang.ClassLoader.loadClass(ClassLoader.java:525)
[00:06:54] [modloading-worker-0/INFO]: [org.spongepowered.asm.util.Locals:generateLocalVariableTable:719]: 	at java.base/java.lang.Class.getDeclaredFields0(Native Method)
[00:06:54] [modloading-worker-0/INFO]: [org.spongepowered.asm.util.Locals:generateLocalVariableTable:719]: 	at java.base/java.lang.Class.privateGetDeclaredFields(Class.java:3297)
[00:06:54] [modloading-worker-0/INFO]: [org.spongepowered.asm.util.Locals:generateLocalVariableTable:719]: 	at java.base/java.lang.Class.getDeclaredField(Class.java:2608)
[00:06:54] [modloading-worker-0/INFO]: [org.spongepowered.asm.util.Locals:generateLocalVariableTable:719]: 	at TRANSFORMER/phosphophyllite@0.7.0-alpha.0.2/net.roguelogix.phosphophyllite.registry.Registry.<clinit>(Registry.java:60)
[00:06:54] [modloading-worker-0/INFO]: [org.spongepowered.asm.util.Locals:generateLocalVariableTable:719]: 	at TRANSFORMER/phosphophyllite@0.7.0-alpha.0.2/net.roguelogix.phosphophyllite.Phosphophyllite.<init>(Phosphophyllite.java:45)
[00:06:54] [modloading-worker-0/INFO]: [org.spongepowered.asm.util.Locals:generateLocalVariableTable:719]: 	at java.base/jdk.internal.reflect.NativeConstructorAccessorImpl.newInstance0(Native Method)
[00:06:54] [modloading-worker-0/INFO]: [org.spongepowered.asm.util.Locals:generateLocalVariableTable:719]: 	at java.base/jdk.internal.reflect.NativeConstructorAccessorImpl.newInstance(NativeConstructorAccessorImpl.java:77)
[00:06:54] [modloading-worker-0/INFO]: [org.spongepowered.asm.util.Locals:generateLocalVariableTable:719]: 	at java.base/jdk.internal.reflect.DelegatingConstructorAccessorImpl.newInstance(DelegatingConstructorAccessorImpl.java:45)
[00:06:54] [modloading-worker-0/INFO]: [org.spongepowered.asm.util.Locals:generateLocalVariableTable:719]: 	at java.base/java.lang.reflect.Constructor.newInstanceWithCaller(Constructor.java:500)
[00:06:54] [modloading-worker-0/INFO]: [org.spongepowered.asm.util.Locals:generateLocalVariableTable:719]: 	at java.base/java.lang.reflect.Constructor.newInstance(Constructor.java:481)
[00:06:54] [modloading-worker-0/INFO]: [org.spongepowered.asm.util.Locals:generateLocalVariableTable:719]: 	at LAYER PLUGIN/javafmllanguage@1.20.1-47.4.0/net.minecraftforge.fml.javafmlmod.FMLModContainer.constructMod(FMLModContainer.java:77)
[00:06:54] [modloading-worker-0/INFO]: [org.spongepowered.asm.util.Locals:generateLocalVariableTable:719]: 	at LAYER PLUGIN/fmlcore@1.20.1-47.4.0/net.minecraftforge.fml.ModContainer.lambda$buildTransitionHandler$5(ModContainer.java:126)
[00:06:54] [modloading-worker-0/INFO]: [org.spongepowered.asm.util.Locals:generateLocalVariableTable:719]: 	at java.base/java.util.concurrent.CompletableFuture$AsyncRun.run(CompletableFuture.java:1804)
[00:06:54] [modloading-worker-0/INFO]: [org.spongepowered.asm.util.Locals:generateLocalVariableTable:719]: 	at java.base/java.util.concurrent.CompletableFuture$AsyncRun.exec(CompletableFuture.java:1796)
[00:06:54] [modloading-worker-0/INFO]: [org.spongepowered.asm.util.Locals:generateLocalVariableTable:719]: 	at java.base/java.util.concurrent.ForkJoinTask.doExec(ForkJoinTask.java:373)
[00:06:54] [modloading-worker-0/INFO]: [org.spongepowered.asm.util.Locals:generateLocalVariableTable:719]: 	at java.base/java.util.concurrent.ForkJoinPool$WorkQueue.topLevelExec(ForkJoinPool.java:1182)
[00:06:54] [modloading-worker-0/INFO]: [org.spongepowered.asm.util.Locals:generateLocalVariableTable:719]: 	at java.base/java.util.concurrent.ForkJoinPool.scan(ForkJoinPool.java:1655)
[00:06:54] [modloading-worker-0/INFO]: [org.spongepowered.asm.util.Locals:generateLocalVariableTable:719]: 	at java.base/java.util.concurrent.ForkJoinPool.runWorker(ForkJoinPool.java:1622)
[00:06:54] [modloading-worker-0/INFO]: [org.spongepowered.asm.util.Locals:generateLocalVariableTable:719]: 	at java.base/java.util.concurrent.ForkJoinWorkerThread.run(ForkJoinWorkerThread.java:165)
[00:06:54] [modloading-worker-0/INFO]: [java.lang.Throwable:printStackTrace:650]: Caused by: java.lang.IndexOutOfBoundsException: Insufficient maximum stack size.
[00:06:54] [modloading-worker-0/INFO]: [java.lang.Throwable:printStackTrace:650]: 	at org.objectweb.asm.tree.analysis@9.7.1/org.objectweb.asm.tree.analysis.Frame.push(Frame.java:273)
[00:06:54] [modloading-worker-0/INFO]: [java.lang.Throwable:printStackTrace:650]: 	at org.objectweb.asm.tree.analysis@9.7.1/org.objectweb.asm.tree.analysis.Frame.execute(Frame.java:326)
[00:06:54] [modloading-worker-0/INFO]: [java.lang.Throwable:printStackTrace:650]: 	at org.objectweb.asm.tree.analysis@9.7.1/org.objectweb.asm.tree.analysis.Analyzer.analyze(Analyzer.java:173)
[00:06:54] [modloading-worker-0/INFO]: [java.lang.Throwable:printStackTrace:650]: 	... 48 more
[00:06:54] [modloading-worker-0/INFO]: Mixing common.MixinServerStatus from mixins/common/nochatreports.mixins.json into net.minecraft.network.protocol.status.ServerStatus
[00:06:54] [modloading-worker-0/INFO]: Mixing client.MixinClientPacketListener from mixins/common/nochatreports.mixins.json into net.minecraft.client.multiplayer.ClientPacketListener
[00:06:54] [modloading-worker-0/INFO]: Mixing client.MixinClientPacketListener from mixins/forge/nochatreports-forge.mixins.json into net.minecraft.client.multiplayer.ClientPacketListener
[00:06:54] [modloading-worker-0/WARN]: @Inject(@At("INVOKE")) Shift.BY=5 on attributeslib.mixins.json:client.ClientPacketListenerMixin::handler$bcc000$apoth_postAttrChangedEvent exceeds the maximum allowed value: 0. Increase the value of maxShiftBy to suppress this warning.
[00:06:54] [modloading-worker-0/INFO]: Executing phase INIT for plugin class PatchouliPlugin
[00:06:54] [modloading-worker-0/INFO]: Executing phase INIT for plugin class CuriosPlugin
[00:06:54] [modloading-worker-0/INFO]: Forge mod loading, version 47.4.0, for MC 1.20.1 with MCP 20230612.114412
[00:06:54] [modloading-worker-0/INFO]: MinecraftForge v47.4.0 Initialized
[00:06:55] [modloading-worker-0/INFO]: Executing phase POST_INIT for plugin class PatchouliPlugin
[00:06:55] [modloading-worker-0/INFO]: Executing phase POST_INIT for plugin class CuriosPlugin
[00:06:55] [modloading-worker-0/INFO]: Initialized network channel 'multiblock' for mod 'bdlib'
[00:06:55] [modloading-worker-0/INFO]: Initialized network channel 'misc' for mod 'bdlib'
[00:06:55] [modloading-worker-0/INFO]: Necronomicon Initialized
[00:06:55] [modloading-worker-0/INFO]: File exists, reading config for elocindev.necronomicon.NecronomiconConfig.
[00:06:55] [modloading-worker-0/INFO]: Config for elocindev.necronomicon.NecronomiconConfig read successfully.
[00:06:55] [modloading-worker-0/INFO]: [yalter.mousetweaks.Logger:Log:6]: [Mouse Tweaks] Main.initialize()
[00:06:55] [modloading-worker-0/INFO]: there is a brick about to fall through your roof at terminal velocity
[00:06:55] [modloading-worker-0/INFO]: KONNICHIWA ZA WARUDO!
[00:06:55] [modloading-worker-0/INFO]: Default JVM text encoding is: windows-1252
[00:06:55] [modloading-worker-0/INFO]: [yalter.mousetweaks.Logger:Log:6]: [Mouse Tweaks] Initialized.
[00:06:55] [modloading-worker-0/INFO]: Reading config file NoChatReports/NCR-Common.json...
[00:06:55] [modloading-worker-0/INFO]: Reading config file NoChatReports/NCR-Client.json...
[00:06:55] [modloading-worker-0/INFO]: Reading config file NoChatReports/NCR-ServerPreferences.json...
[00:06:55] [modloading-worker-0/INFO]: Reading config file NoChatReports/NCR-Encryption.json...
[00:06:55] [modloading-worker-0/INFO]: Correcting config 'skyblockbuilder:inventory'
[00:06:55] [modloading-worker-0/INFO]: Correcting config 'skyblockbuilder:templates'
[00:06:55] [modloading-worker-0/INFO]: Correcting config 'skyblockbuilder:spawn'
[00:06:55] [modloading-worker-0/INFO]: Loading config: C:\Users\Nuril\curseforge\minecraft\Instances\All the Mods 9 - To the Sky - atm9sky\config\showcaseitem-common.toml
[00:06:55] [modloading-worker-0/INFO]: Built config: C:\Users\Nuril\curseforge\minecraft\Instances\All the Mods 9 - To the Sky - atm9sky\config\showcaseitem-common.toml
[00:06:55] [modloading-worker-0/INFO]: Loaded config: C:\Users\Nuril\curseforge\minecraft\Instances\All the Mods 9 - To the Sky - atm9sky\config\showcaseitem-common.toml
[00:06:55] [modloading-worker-0/INFO]: Correcting config 'skyblockbuilder:customization'
[00:06:55] [modloading-worker-0/INFO]: Correcting config 'skyblockbuilder:world'
[00:06:55] [modloading-worker-0/INFO]: Writing config file NoChatReports/NCR-Common.json...
[00:06:55] [modloading-worker-0/INFO]: Writing config file NoChatReports/NCR-Client.json...
[00:06:55] [modloading-worker-0/INFO]: Writing config file NoChatReports/NCR-ServerPreferences.json...
[00:06:55] [modloading-worker-0/INFO]: Writing config file NoChatReports/NCR-Encryption.json...
[00:06:55] [modloading-worker-0/INFO]: Client initialization...
[00:06:55] [modloading-worker-0/INFO]: [mc.euphoria_patches.euphoria_patcher.EuphoriaPatcher:<init>:66]: 
Euphoria Patcher:
[00:06:55] [modloading-worker-0/INFO]: EuphoriaPatcher: Successfully created config file
[00:06:55] [modloading-worker-0/INFO]: Correcting config 'utilitix:common'
[00:06:55] [modloading-worker-0/INFO]: IC2 Not loaded, skipping integration
[00:06:55] [modloading-worker-0/INFO]: Registered 2 network packets
[00:06:56] [modloading-worker-0/INFO]: EuphoriaPatcher: [UPDATE CHECKER] The EuphoriaPatcher Mod is up to date
[00:06:56] [modloading-worker-0/INFO]: Creating default config file: croptopia_v3.conf
[00:06:56] [modloading-worker-0/INFO]: EuphoriaPatcher: Herding chickens... they never cooperate.
[00:06:56] [modloading-worker-0/INFO]: EuphoriaPatcher: EuphoriaPatches_1.6.4 is already installed.
[00:06:56] [modloading-worker-0/INFO]: 

EuphoriaPatcher: Thank you for using Euphoria Patches - SpacEagle17

[00:06:56] [modloading-worker-0/INFO]: Fixing MC-151457. Crafting remainder for minecraft:pufferfish_bucket is now minecraft:bucket.
[00:06:56] [modloading-worker-0/INFO]: Fixing MC-151457. Crafting remainder for minecraft:salmon_bucket is now minecraft:bucket.
[00:06:56] [modloading-worker-0/INFO]: Fixing MC-151457. Crafting remainder for minecraft:cod_bucket is now minecraft:bucket.
[00:06:56] [modloading-worker-0/INFO]: Fixing MC-151457. Crafting remainder for minecraft:tropical_fish_bucket is now minecraft:bucket.
[00:06:56] [modloading-worker-0/INFO]: Fixing MC-151457. Crafting remainder for minecraft:axolotl_bucket is now minecraft:bucket.
[00:06:56] [modloading-worker-0/INFO]: Fixing MC-151457. Crafting remainder for minecraft:powder_snow_bucket is now minecraft:bucket.
[00:06:56] [modloading-worker-0/INFO]: Fixing MC-151457. Crafting remainder for minecraft:tadpole_bucket is now minecraft:bucket.
[00:06:56] [modloading-worker-0/INFO]: setting up server config
[00:06:56] [modloading-worker-0/INFO]: [KONKRETE] Successfully initialized!
[00:06:56] [modloading-worker-0/INFO]: [KONKRETE] Server-side libs ready to use!
[00:06:56] [modloading-worker-0/INFO]: Mekanism loaded, activating integration
[00:06:57] [modloading-worker-0/INFO]: Initialized multiblock manager for advgenerators
[00:06:57] [modloading-worker-0/INFO]: Registering mod: exmachinis
[00:06:57] [modloading-worker-0/INFO]: Initialized network channel 'generators' for mod 'advgenerators'
[00:06:57] [modloading-worker-0/INFO]: Found 4 RS API injection points
[00:06:57] [modloading-worker-0/INFO]: Injected RS API in org.cyclops.integrateddynamicscompat.modcompat.refinedstorage.aspect.RefinedStorageAspects RS
[00:06:57] [modloading-worker-0/INFO]: Injected RS API in com.enderio.conduits.common.integrations.refinedstorage.RSTicker RSAPI
[00:06:57] [modloading-worker-0/INFO]: Injected RS API in com.enderio.conduits.common.integrations.refinedstorage.RSNodeHost RSAPI
[00:06:57] [modloading-worker-0/INFO]: Injected RS API in com.refinedmods.refinedstorageaddons.RSAddons RSAPI
[00:06:57] [modloading-worker-0/INFO]: Loading compat for mod appleskin
[00:06:57] [modloading-worker-0/INFO]: Loading compat for mod farmersdelight
[00:06:57] [modloading-worker-0/INFO]: Registering S2C receiver with id ftbultimine:send_shape
[00:06:57] [modloading-worker-0/INFO]: Registering C2S receiver with id ftbultimine:key_pressed
[00:06:57] [modloading-worker-0/INFO]: Registering C2S receiver with id ftbultimine:mode_changed
[00:06:57] [modloading-worker-0/INFO]: Registering S2C receiver with id ftbultimine:sync_config_from_server
[00:06:57] [modloading-worker-0/INFO]: Registering C2S receiver with id ftbultimine:sync_config_to_server
[00:06:57] [modloading-worker-0/INFO]: Registering S2C receiver with id ftblibrary:edit_nbt
[00:06:57] [modloading-worker-0/INFO]: Registering S2C receiver with id ftbultimine:edit_config
[00:06:57] [modloading-worker-0/INFO]: Registering C2S receiver with id ftblibrary:edit_nbt_response
[00:06:57] [modloading-worker-0/INFO]: Registering S2C receiver with id ftbultimine:sync_ultimine_time
[00:06:57] [modloading-worker-0/INFO]: Registering S2C receiver with id ftblibrary:sync_known_server_registries
[00:06:57] [modloading-worker-0/INFO]: Registering S2C receiver with id ftblibrary:edit_config
[00:06:57] [modloading-worker-0/INFO]: FTB Ranks detected, listening for ranks events
[00:06:57] [modloading-worker-0/INFO]: Registering C2S receiver with id findme:default/93a3df5fb37f371cb25c481f6e5b9323
[00:06:57] [modloading-worker-0/INFO]: Registering S2C receiver with id findme:default/93a3df5fb37f371cb25c481f6e5b9323
[00:06:57] [modloading-worker-0/INFO]: Registering C2S receiver with id findme:default/b71e26ec071d32928d9fb5d2c3ec8a7a
[00:06:57] [modloading-worker-0/INFO]: Registering S2C receiver with id findme:default/b71e26ec071d32928d9fb5d2c3ec8a7a
[00:06:57] [modloading-worker-0/INFO]: Registering C2S receiver with id findme:default/1f516f929b313631ad555a7b42b1d39c
[00:06:57] [modloading-worker-0/INFO]: Registering S2C receiver with id findme:default/1f516f929b313631ad555a7b42b1d39c
[00:06:57] [modloading-worker-0/ERROR]: 'CenterSearch' is not a valid config key for config category 'advanced'.
Valid keys: [LowMemorySlowSearchEnabled, CatchRenderErrorsEnabled, lookupFluidContentsEnabled, lookupBlockTagsEnabled, showTagRecipesEnabled, showCreativeTabNamesEnabled]
Skipping this key.
Config file: C:\Users\Nuril\curseforge\minecraft\Instances\All the Mods 9 - To the Sky - atm9sky\config\jei\jei-client.ini
Line #5: "	CenterSearch = false"
[00:06:57] [modloading-worker-0/ERROR]: 'CheatToHotbarUsingHotkeysEnabled' is not a valid config key for config category 'advanced'.
Valid keys: [LowMemorySlowSearchEnabled, CatchRenderErrorsEnabled, lookupFluidContentsEnabled, lookupBlockTagsEnabled, showTagRecipesEnabled, showCreativeTabNamesEnabled]
Skipping this key.
Config file: C:\Users\Nuril\curseforge\minecraft\Instances\All the Mods 9 - To the Sky - atm9sky\config\jei\jei-client.ini
Line #15: "	CheatToHotbarUsingHotkeysEnabled = false"
[00:06:57] [modloading-worker-0/ERROR]: 'AddBookmarksToFrontEnabled' is not a valid config key for config category 'advanced'.
Valid keys: [LowMemorySlowSearchEnabled, CatchRenderErrorsEnabled, lookupFluidContentsEnabled, lookupBlockTagsEnabled, showTagRecipesEnabled, showCreativeTabNamesEnabled]
Skipping this key.
Config file: C:\Users\Nuril\curseforge\minecraft\Instances\All the Mods 9 - To the Sky - atm9sky\config\jei\jei-client.ini
Line #20: "	AddBookmarksToFrontEnabled = true"
[00:06:57] [modloading-worker-0/ERROR]: 'LookupFluidContents' is not a valid config key for config category 'advanced'.
Valid keys: [LowMemorySlowSearchEnabled, CatchRenderErrorsEnabled, lookupFluidContentsEnabled, lookupBlockTagsEnabled, showTagRecipesEnabled, showCreativeTabNamesEnabled]
Skipping this key.
Config file: C:\Users\Nuril\curseforge\minecraft\Instances\All the Mods 9 - To the Sky - atm9sky\config\jei\jei-client.ini
Line #25: "	LookupFluidContents = false"
[00:06:57] [modloading-worker-0/ERROR]: 'GiveMode' is not a valid config key for config category 'advanced'.
Valid keys: [LowMemorySlowSearchEnabled, CatchRenderErrorsEnabled, lookupFluidContentsEnabled, lookupBlockTagsEnabled, showTagRecipesEnabled, showCreativeTabNamesEnabled]
Skipping this key.
Config file: C:\Users\Nuril\curseforge\minecraft\Instances\All the Mods 9 - To the Sky - atm9sky\config\jei\jei-client.ini
Line #30: "	GiveMode = INVENTORY"
[00:06:57] [modloading-worker-0/ERROR]: 'RecipeGuiHeight' is not a valid config key for config category 'advanced'.
Valid keys: [LowMemorySlowSearchEnabled, CatchRenderErrorsEnabled, lookupFluidContentsEnabled, lookupBlockTagsEnabled, showTagRecipesEnabled, showCreativeTabNamesEnabled]
Skipping this key.
Config file: C:\Users\Nuril\curseforge\minecraft\Instances\All the Mods 9 - To the Sky - atm9sky\config\jei\jei-client.ini
Line #35: "	RecipeGuiHeight = 350"
[00:06:57] [modloading-worker-0/INFO]: Sending ConfigManager...
[00:06:57] [modloading-worker-0/INFO]: Sending ConfigManager took 33.99 ms
[00:06:57] [modloading-worker-0/INFO]: Registering S2C receiver with id ftbessentials:update_tab_name
[00:06:57] [modloading-worker-0/INFO]: Loaded config for: cupboard.json
[00:06:57] [modloading-worker-0/INFO]: Registering S2C receiver with id ftbteams:sync_teams
[00:06:57] [modloading-worker-0/INFO]: Registering S2C receiver with id ftbteams:sync_message_history
[00:06:57] [modloading-worker-0/INFO]: Registering C2S receiver with id ftbteams:open_gui
[00:06:57] [modloading-worker-0/INFO]: Registering S2C receiver with id ftbteams:open_my_team_gui
[00:06:57] [modloading-worker-0/INFO]: Registering C2S receiver with id ftbteams:update_settings
[00:06:57] [modloading-worker-0/INFO]: Registering S2C receiver with id ftbteams:update_settings_response
[00:06:57] [modloading-worker-0/INFO]: Registering C2S receiver with id ftbteams:send_message
[00:06:57] [modloading-worker-0/INFO]: Registering S2C receiver with id ftbteams:send_message_response
[00:06:57] [modloading-worker-0/INFO]: Registering class observable.net.BetterChannel$PartialPacketBegin
[00:06:57] [modloading-worker-0/INFO]: Registering S2C receiver with id ftbteams:update_presence
[00:06:57] [modloading-worker-0/INFO]: Registering C2S receiver with id ftbteams:create_party
[00:06:57] [modloading-worker-0/INFO]: Registering C2S receiver with id ftbteams:player_gui_operation
[00:06:57] [modloading-worker-0/INFO]: Loaded common.properties
[00:06:57] [modloading-worker-0/INFO]: Loaded dev.properties
[00:06:58] [modloading-worker-0/INFO]: Looking for KubeJS plugins...
[00:06:58] [modloading-worker-0/INFO]: Found plugin source kubejs
[00:06:58] [modloading-worker-0/WARN]: Plugin dev.latvian.mods.kubejs.integration.forge.gamestages.GameStagesIntegration does not have required mod gamestages loaded, skipping
[00:06:58] [modloading-worker-0/INFO]: Found plugin source exdeorum
[00:06:58] [modloading-worker-0/INFO]: Found plugin source kubejs_enderio
[00:06:58] [modloading-worker-0/INFO]: Found plugin source ftbxmodcompat
[00:06:58] [modloading-worker-0/WARN]: Plugin dev.ftb.mods.ftbxmodcompat.ftbfiltersystem.kubejs.FFSKubeJSPlugin does not have required mod ftbfiltersystem loaded, skipping
[00:06:58] [modloading-worker-0/WARN]: Initializing OpenCL, may cause native level crash, check debug log for details
[00:06:58] [modloading-worker-0/INFO]: Creating LWJGL memory stack
[00:06:58] [modloading-worker-0/INFO]: Found plugin source cucumber
[00:06:58] [modloading-worker-0/INFO]: Found plugin source summoningrituals
[00:06:58] [modloading-worker-0/INFO]: Checking for LWJGL OpenCL classes
[00:06:58] [modloading-worker-0/INFO]: Failed to load LWJGL OpenCL Classes
[00:06:58] [modloading-worker-0/INFO]: OpenCL acceleration not available
[00:06:58] [modloading-worker-0/INFO]: Registering S2C receiver with id octolib:config_sync
[00:06:58] [modloading-worker-0/INFO]: Kotlin For Forge Enabled!
[00:06:58] [modloading-worker-0/INFO]: Found plugin source ponderjs
[00:06:58] [modloading-worker-0/INFO]: Done in 443.8 ms
[00:06:58] [modloading-worker-0/INFO]: Create 6.0.4 initializing! Commit hash: 254bb816aee1c056c74b2ad4beb88222a499da78
[00:06:58] [modloading-worker-0/INFO]: Registering C2S receiver with id minecraft:channel/observable/61a49a35c5283c0aaa7b0dfea5b7a53a
[00:06:58] [modloading-worker-0/INFO]: Registering S2C receiver with id minecraft:channel/observable/61a49a35c5283c0aaa7b0dfea5b7a53a
[00:06:58] [modloading-worker-0/INFO]: Registered class observable.net.BetterChannel$PartialPacketBegin
[00:06:58] [modloading-worker-0/INFO]: Registering class observable.net.BetterChannel$PartialPacketData
[00:06:58] [modloading-worker-0/INFO]: Registering C2S receiver with id minecraft:channel/observable/3dd73fd88be832559bc3a3c4a2e63b4a
[00:06:58] [modloading-worker-0/INFO]: Registering S2C receiver with id minecraft:channel/observable/3dd73fd88be832559bc3a3c4a2e63b4a
[00:06:58] [modloading-worker-0/INFO]: Registered class observable.net.BetterChannel$PartialPacketData
[00:06:58] [modloading-worker-0/INFO]: Registering C2S receiver with id itemfilters:main/14e7fa1454283aec8ae811ef844ada28
[00:06:58] [modloading-worker-0/INFO]: Registering S2C receiver with id itemfilters:main/14e7fa1454283aec8ae811ef844ada28
[00:06:58] [modloading-worker-0/INFO]: Registering class observable.net.C2SPacket$InitTPSProfile
[00:06:58] [modloading-worker-0/INFO]: Registering C2S receiver with id itemfilters:main/8f6a899247753217b9d86ab427a2b279
[00:06:58] [modloading-worker-0/INFO]: Registering S2C receiver with id itemfilters:main/8f6a899247753217b9d86ab427a2b279
[00:06:58] [modloading-worker-0/INFO]: Registering C2S receiver with id minecraft:channel/observable/b453c08f23b83b82b690c31bf8b2a45a
[00:06:58] [modloading-worker-0/INFO]: Registering S2C receiver with id minecraft:channel/observable/b453c08f23b83b82b690c31bf8b2a45a
[00:06:58] [modloading-worker-0/INFO]: Registered class observable.net.C2SPacket$InitTPSProfile
[00:06:58] [modloading-worker-0/WARN]: Configuration file C:\Users\Nuril\curseforge\minecraft\Instances\All the Mods 9 - To the Sky - atm9sky\config\supplementaries-common.toml is not correct. Correcting
[00:06:58] [modloading-worker-0/WARN]: Incorrect key functional.cannon.cannonball was corrected from true to its default, SimpleCommentedConfig:{}. 
[00:06:58] [modloading-worker-0/WARN]: Incorrect key functional.cannon.cannonball.enabled was corrected from null to its default, true. 
[00:06:58] [modloading-worker-0/WARN]: Incorrect key functional.cannon.cannonball.power_scaling was corrected from null to its default, 3.5. 
[00:06:58] [modloading-worker-0/WARN]: Incorrect key functional.cannon.cannonball.break_radius was corrected from null to its default, 1.1. 
[00:06:58] [modloading-worker-0/WARN]: Incorrect key building.netherite_doors was corrected from null to its default, SimpleCommentedConfig:{}. 
[00:06:58] [modloading-worker-0/WARN]: Incorrect key building.netherite_doors.door was corrected from null to its default, true. 
[00:06:58] [modloading-worker-0/WARN]: Incorrect key building.netherite_doors.trapdoor was corrected from null to its default, true. 
[00:06:58] [modloading-worker-0/WARN]: Incorrect key building.netherite_door was corrected from true to its default, null. 
[00:06:58] [modloading-worker-0/WARN]: Incorrect key building.netherite_trapdoor was corrected from true to its default, null. 
[00:06:58] [modloading-worker-0/WARN]: Incorrect key tweaks.dragon_banner_pattern was corrected from null to its default, SimpleCommentedConfig:{}. 
[00:06:58] [modloading-worker-0/WARN]: Incorrect key tweaks.dragon_banner_pattern.enabled was corrected from null to its default, true. 
[00:06:58] [modloading-worker-0/INFO]: Registering class observable.net.C2SPacket$RequestAvailability
[00:06:58] [modloading-worker-0/INFO]: Registering C2S receiver with id minecraft:channel/observable/0c662822629034678f5a8f0e70375315
[00:06:58] [modloading-worker-0/INFO]: Registering S2C receiver with id minecraft:channel/observable/0c662822629034678f5a8f0e70375315
[00:06:58] [modloading-worker-0/INFO]: Registered class observable.net.C2SPacket$RequestAvailability
[00:06:58] [modloading-worker-0/INFO]: Registering class observable.net.S2CPacket$ProfilingStarted
[00:06:58] [modloading-worker-0/INFO]: Registering C2S receiver with id minecraft:channel/observable/2e815604a29b3a5cbfe0208e619d86c4
[00:06:58] [modloading-worker-0/INFO]: Registering S2C receiver with id minecraft:channel/observable/2e815604a29b3a5cbfe0208e619d86c4
[00:06:58] [modloading-worker-0/INFO]: Registered class observable.net.S2CPacket$ProfilingStarted
[00:06:58] [modloading-worker-0/INFO]: Registering class observable.net.S2CPacket$ProfilingCompleted
[00:06:58] [modloading-worker-0/INFO]: Registering C2S receiver with id minecraft:channel/observable/9ae83199b65a3768862799cc5e461a02
[00:06:58] [modloading-worker-0/INFO]: Registering S2C receiver with id minecraft:channel/observable/9ae83199b65a3768862799cc5e461a02
[00:06:58] [modloading-worker-0/INFO]: Registered class observable.net.S2CPacket$ProfilingCompleted
[00:06:58] [modloading-worker-0/INFO]: Registering class observable.net.S2CPacket$ProfilerInactive
[00:06:58] [modloading-worker-0/INFO]: Registering C2S receiver with id minecraft:channel/observable/ae8dfae1238e312397aa53e9d14c45ca
[00:06:58] [modloading-worker-0/INFO]: Registering S2C receiver with id minecraft:channel/observable/ae8dfae1238e312397aa53e9d14c45ca
[00:06:58] [modloading-worker-0/INFO]: Registered class observable.net.S2CPacket$ProfilerInactive
[00:06:58] [modloading-worker-0/INFO]: Registering class observable.net.S2CPacket$ProfilingResult
[00:06:58] [modloading-worker-0/INFO]: Registering C2S receiver with id minecraft:channel/observable/3a94cae7336038df9152bcb7b4b94825
[00:06:58] [modloading-worker-0/INFO]: Registering S2C receiver with id minecraft:channel/observable/3a94cae7336038df9152bcb7b4b94825
[00:06:58] [modloading-worker-0/INFO]: Registered class observable.net.S2CPacket$ProfilingResult
[00:06:58] [modloading-worker-0/INFO]: Registering class observable.net.S2CPacket$Availability
[00:06:58] [modloading-worker-0/INFO]: Registering C2S receiver with id minecraft:channel/observable/c86a824e756d312396d1ba30e943e6aa
[00:06:58] [modloading-worker-0/INFO]: Registering S2C receiver with id minecraft:channel/observable/c86a824e756d312396d1ba30e943e6aa
[00:06:58] [modloading-worker-0/INFO]: Registered class observable.net.S2CPacket$Availability
[00:06:59] [modloading-worker-0/INFO]: Registering S2C receiver with id ftbquests:sync_quests
[00:06:59] [modloading-worker-0/INFO]: Registering S2C receiver with id ftbquests:sync_team_data
[00:06:59] [modloading-worker-0/INFO]: Registering S2C receiver with id ftbquests:update_task_progress
[00:06:59] [modloading-worker-0/INFO]: Registering C2S receiver with id ftbquests:submit_task
[00:06:59] [modloading-worker-0/INFO]: Registering C2S receiver with id ftbquests:claim_reward
[00:06:59] [modloading-worker-0/INFO]: Registering S2C receiver with id ftbquests:claim_reward_response
[00:06:59] [modloading-worker-0/INFO]: Registering S2C receiver with id ftbquests:sync_editing_mode
[00:06:59] [modloading-worker-0/INFO]: Registering C2S receiver with id ftbquests:get_emergency_items
[00:06:59] [modloading-worker-0/INFO]: Registering S2C receiver with id ftbquests:create_other_team_data
[00:06:59] [modloading-worker-0/INFO]: Registering C2S receiver with id ftbquests:claim_all_rewards
[00:06:59] [modloading-worker-0/INFO]: Registering C2S receiver with id ftbquests:claim_choice_reward
[00:06:59] [modloading-worker-0/INFO]: Registering S2C receiver with id ftbquests:display_completion_toast
[00:06:59] [modloading-worker-0/INFO]: Registering S2C receiver with id ftbquests:display_reward_toast
[00:06:59] [modloading-worker-0/INFO]: Registering S2C receiver with id ftbquests:display_item_reward_toast
[00:06:59] [modloading-worker-0/INFO]: Registering C2S receiver with id ftbquests:toggle_pinned
[00:06:59] [modloading-worker-0/INFO]: Registering S2C receiver with id ftbquests:toggle_pinned_response
[00:06:59] [modloading-worker-0/INFO]: Registering C2S receiver with id ftbquests:toggle_chapter_pinned
[00:06:59] [modloading-worker-0/INFO]: Registering S2C receiver with id ftbquests:toggle_chapter_pinned_response
[00:06:59] [modloading-worker-0/WARN]: Configuration file C:\Users\Nuril\curseforge\minecraft\Instances\All the Mods 9 - To the Sky - atm9sky\config\supplementaries-client.toml is not correct. Correcting
[00:06:59] [modloading-worker-0/WARN]: Incorrect key blocks was corrected from null to its default, SimpleCommentedConfig:{}. 
[00:06:59] [modloading-worker-0/WARN]: Incorrect key blocks.globe was corrected from null to its default, SimpleCommentedConfig:{}. 
[00:06:59] [modloading-worker-0/WARN]: Incorrect key blocks.globe.random_world was corrected from null to its default, true. 
[00:06:59] [modloading-worker-0/WARN]: Incorrect key blocks.globe.show_coordinates was corrected from null to its default, true. 
[00:06:59] [modloading-worker-0/WARN]: Incorrect key blocks.notice_board was corrected from null to its default, SimpleCommentedConfig:{}. 
[00:06:59] [modloading-worker-0/WARN]: Incorrect key blocks.notice_board.centered_text was corrected from null to its default, true. 
[00:06:59] [modloading-worker-0/WARN]: Incorrect key blocks.bunting was corrected from null to its default, SimpleCommentedConfig:{}. 
[00:06:59] [modloading-worker-0/WARN]: Incorrect key blocks.bunting.fast_buntings was corrected from null to its default, false. 
[00:06:59] [modloading-worker-0/WARN]: Incorrect key blocks.clock_block was corrected from null to its default, SimpleCommentedConfig:{}. 
[00:06:59] [modloading-worker-0/WARN]: Incorrect key blocks.clock_block.24h_format was corrected from null to its default, true. 
[00:06:59] [modloading-worker-0/WARN]: Incorrect key blocks.pedestal was corrected from null to its default, SimpleCommentedConfig:{}. 
[00:06:59] [modloading-worker-0/WARN]: Incorrect key blocks.pedestal.spin was corrected from null to its default, true. 
[00:06:59] [modloading-worker-0/WARN]: Incorrect key blocks.pedestal.speed was corrected from null to its default, 2.0. 
[00:06:59] [modloading-worker-0/WARN]: Incorrect key blocks.pedestal.fancy_renderers was corrected from null to its default, true. 
[00:06:59] [modloading-worker-0/WARN]: Incorrect key blocks.bubble_block was corrected from null to its default, SimpleCommentedConfig:{}. 
[00:06:59] [modloading-worker-0/WARN]: Incorrect key blocks.bubble_block.wobble was corrected from null to its default, 0.2. 
[00:06:59] [modloading-worker-0/WARN]: Incorrect key blocks.bubble_block.grow_speed was corrected from null to its default, 0.4. 
[00:06:59] [modloading-worker-0/WARN]: Incorrect key blocks.item_shelf was corrected from null to its default, SimpleCommentedConfig:{}. 
[00:06:59] [modloading-worker-0/WARN]: Incorrect key blocks.item_shelf.supported_blocks was corrected from null to its default, true. 
[00:06:59] [modloading-worker-0/WARN]: Incorrect key blocks.wind_vane was corrected from null to its default, SimpleCommentedConfig:{}. 
[00:06:59] [modloading-worker-0/WARN]: Incorrect key blocks.wind_vane.power_scaling was corrected from null to its default, 3.0. 
[00:06:59] [modloading-worker-0/WARN]: Incorrect key blocks.wind_vane.max_angle_1 was corrected from null to its default, 30.0. 
[00:06:59] [modloading-worker-0/WARN]: Incorrect key blocks.wind_vane.max_angle_2 was corrected from null to its default, 10.0. 
[00:06:59] [modloading-worker-0/WARN]: Incorrect key blocks.wind_vane.period_1 was corrected from null to its default, 450.0. 
[00:06:59] [modloading-worker-0/WARN]: Incorrect key blocks.wind_vane.period_2 was corrected from null to its default, 150.0. 
[00:06:59] [modloading-worker-0/WARN]: Incorrect key blocks.flag was corrected from null to its default, SimpleCommentedConfig:{}. 
[00:06:59] [modloading-worker-0/WARN]: Incorrect key blocks.flag.slowness was corrected from null to its default, 100. 
[00:06:59] [modloading-worker-0/WARN]: Incorrect key blocks.flag.wavyness was corrected from null to its default, 4.0. 
[00:06:59] [modloading-worker-0/WARN]: Incorrect key blocks.flag.intensity was corrected from null to its default, 1.0. 
[00:06:59] [modloading-worker-0/WARN]: Incorrect key blocks.flag.intensity_increment was corrected from null to its default, 0.3. 
[00:06:59] [modloading-worker-0/WARN]: Incorrect key blocks.flag.fanciness was corrected from null to its default, FABULOUS. 
[00:06:59] [modloading-worker-0/WARN]: Incorrect key blocks.flag.render_as_banner was corrected from null to its default, false. 
[00:06:59] [modloading-worker-0/WARN]: Incorrect key blocks.captured_mobs was corrected from null to its default, SimpleCommentedConfig:{}. 
[00:06:59] [modloading-worker-0/WARN]: Incorrect key blocks.captured_mobs.tickable_inside_jars was corrected from null to its default, [iceandfire:pixie, druidcraft:dreadfish, druidcraft:lunar_moth, alexsmobs:hummingbird]. 
[00:06:59] [modloading-worker-0/WARN]: Incorrect key blocks.hat_stand was corrected from null to its default, SimpleCommentedConfig:{}. 
[00:06:59] [modloading-worker-0/INFO]: DefaultSettings found correct version of JCPlugin, starting up...
[00:06:59] [modloading-worker-0/INFO]: Registering C2S receiver with id ftbquests:toggle_editing_mode
[00:06:59] [modloading-worker-0/INFO]: Registering C2S receiver with id ftbquests:force_save
[00:06:59] [modloading-worker-0/INFO]: Registering S2C receiver with id ftbquests:update_team_data
[00:06:59] [modloading-worker-0/INFO]: Registering C2S receiver with id ftbquests:set_custom_image
[00:06:59] [modloading-worker-0/INFO]: Registering S2C receiver with id ftbquests:object_started
[00:06:59] [modloading-worker-0/INFO]: Registering S2C receiver with id ftbquests:object_completed
[00:06:59] [modloading-worker-0/INFO]: Registering S2C receiver with id ftbquests:object_started_reset
[00:06:59] [modloading-worker-0/INFO]: Registering S2C receiver with id ftbquests:object_completed_reset
[00:06:59] [modloading-worker-0/INFO]: Registering S2C receiver with id ftbquests:sync_lock
[00:06:59] [modloading-worker-0/INFO]: Registering S2C receiver with id ftbquests:reset_reward
[00:06:59] [modloading-worker-0/INFO]: Registering S2C receiver with id ftbquests:team_data_changed
[00:06:59] [modloading-worker-0/INFO]: Registering S2C receiver with id ftbquests:task_screen_config_req
[00:06:59] [modloading-worker-0/INFO]: Registering C2S receiver with id ftbquests:task_screen_config_resp
[00:06:59] [modloading-worker-0/INFO]: Registering C2S receiver with id ftbquests:change_progress
[00:06:59] [modloading-worker-0/INFO]: [FTB Quests] Enabled KubeJS integration
[00:06:59] [modloading-worker-0/WARN]: Incorrect key blocks.hat_stand.swing_physics was corrected from null to its default, SimpleCommentedConfig:{min_angle=0.0, collision_force=15.0, damping=1.625, collision_inertia=1.5, collision_considers_entity_hitbox=true, frequency=1.5, max_angle=54.999996}. 
[00:06:59] [modloading-worker-0/WARN]: Incorrect key blocks.turn_table was corrected from null to its default, SimpleCommentedConfig:{}. 
[00:06:59] [modloading-worker-0/WARN]: Incorrect key blocks.turn_table.turn_particles was corrected from null to its default, true. 
[00:06:59] [modloading-worker-0/WARN]: Incorrect key blocks.speaker_block was corrected from null to its default, SimpleCommentedConfig:{}. 
[00:06:59] [modloading-worker-0/WARN]: Incorrect key blocks.speaker_block.mute_narrator was corrected from null to its default, false. 
[00:06:59] [modloading-worker-0/WARN]: Incorrect key blocks.rope was corrected from null to its default, SimpleCommentedConfig:{}. 
[00:06:59] [modloading-worker-0/WARN]: Incorrect key blocks.rope.wobbling_amplitude was corrected from null to its default, 1.2. 
[00:06:59] [modloading-worker-0/WARN]: Incorrect key blocks.rope.wobbling_period was corrected from null to its default, 12.0. 
[00:06:59] [modloading-worker-0/WARN]: Incorrect key particles was corrected from null to its default, SimpleCommentedConfig:{}. 
[00:06:59] [modloading-worker-0/WARN]: Incorrect key particles.turn_particle was corrected from null to its default, SimpleCommentedConfig:{}. 
[00:06:59] [modloading-worker-0/WARN]: Incorrect key particles.turn_particle.initial_color was corrected from null to its default, #002A77EA. 
[00:06:59] [modloading-worker-0/WARN]: Incorrect key particles.turn_particle.fade_color was corrected from null to its default, #0032BEFA. 
[00:06:59] [modloading-worker-0/WARN]: Incorrect key general.no_optifine_warn_screen was corrected from null to its default, false. 
[00:06:59] [modloading-worker-0/WARN]: Incorrect key general.no_amendments_screen was corrected from null to its default, false. 
[00:06:59] [modloading-worker-0/WARN]: Incorrect key general.no_incompatible_mods_screen was corrected from null to its default, false. 
[00:06:59] [modloading-worker-0/WARN]: Incorrect key general.config_button_y_offset was corrected from null to its default, 0. 
[00:06:59] [modloading-worker-0/WARN]: Incorrect key general.tooltip_hints was corrected from null to its default, true. 
[00:06:59] [modloading-worker-0/WARN]: Incorrect key general.placeable_tooltips was corrected from null to its default, true. 
[00:06:59] [modloading-worker-0/WARN]: Incorrect key general.custom_configured_screen was corrected from null to its default, true. 
[00:06:59] [modloading-worker-0/WARN]: Incorrect key general.test1 was corrected from null to its default, 0.0. 
[00:06:59] [modloading-worker-0/WARN]: Incorrect key general.test2 was corrected from null to its default, 0.0. 
[00:06:59] [modloading-worker-0/WARN]: Incorrect key general.test3 was corrected from null to its default, 0.0. 
[00:06:59] [modloading-worker-0/INFO]: Registering C2S receiver with id ftbquests:create_object
[00:06:59] [modloading-worker-0/WARN]: Incorrect key tweaks was corrected from null to its default, SimpleCommentedConfig:{}. 
[00:06:59] [modloading-worker-0/WARN]: Incorrect key tweaks.clock_right_click was corrected from null to its default, true. 
[00:06:59] [modloading-worker-0/WARN]: Incorrect key tweaks.projectile_weapon_overlay was corrected from null to its default, true. 
[00:06:59] [modloading-worker-0/WARN]: Incorrect key tweaks.compass_right_click was corrected from null to its default, false. 
[00:06:59] [modloading-worker-0/WARN]: Incorrect key tweaks.placeable_books_glint was corrected from null to its default, false. 
[00:06:59] [modloading-worker-0/WARN]: Incorrect key tweaks.placeable_books_random_colors was corrected from null to its default, [brown, orange, yellow, red, green, lime, cyan, blue, purple]. 
[00:06:59] [modloading-worker-0/WARN]: Incorrect key tweaks.banner_pattern_tooltip was corrected from null to its default, true. 
[00:06:59] [modloading-worker-0/WARN]: Incorrect key tweaks.paintings_tooltip was corrected from null to its default, true. 
[00:06:59] [modloading-worker-0/WARN]: Incorrect key tweaks.sherds_tooltip was corrected from null to its default, true. 
[00:06:59] [modloading-worker-0/WARN]: Incorrect key tweaks.tooltip_image_size was corrected from null to its default, 80. 
[00:06:59] [modloading-worker-0/WARN]: Incorrect key tweaks.mob_head_shaders was corrected from null to its default, true. 
[00:06:59] [modloading-worker-0/WARN]: Incorrect key tweaks.send_chat_on_death was corrected from null to its default, true. 
[00:06:59] [modloading-worker-0/WARN]: Incorrect key tweaks.colored_maps was corrected from null to its default, SimpleCommentedConfig:{}. 
[00:06:59] [modloading-worker-0/WARN]: Incorrect key tweaks.colored_maps.tinted_blocks_on_maps was corrected from null to its default, true. 
[00:06:59] [modloading-worker-0/WARN]: Incorrect key tweaks.colored_maps.tall_grass_color was corrected from null to its default, true. 
[00:06:59] [modloading-worker-0/WARN]: Incorrect key tweaks.colored_maps.accurate_colors was corrected from null to its default, false. 
[00:06:59] [modloading-worker-0/WARN]: Incorrect key items was corrected from null to its default, SimpleCommentedConfig:{}. 
[00:06:59] [modloading-worker-0/WARN]: Incorrect key items.slingshot was corrected from null to its default, SimpleCommentedConfig:{}. 
[00:06:59] [modloading-worker-0/WARN]: Incorrect key items.slingshot.overlay was corrected from null to its default, true. 
[00:06:59] [modloading-worker-0/WARN]: Incorrect key items.slingshot.stasis_block_outline was corrected from null to its default, true. 
[00:06:59] [modloading-worker-0/WARN]: Incorrect key items.slingshot.block_outline_color was corrected from null to its default, #FFFFFFFF. 
[00:06:59] [modloading-worker-0/WARN]: Incorrect key items.slingshot.projectile_scale was corrected from null to its default, 0.5. 
[00:06:59] [modloading-worker-0/WARN]: Incorrect key items.lunch_basket was corrected from null to its default, SimpleCommentedConfig:{}. 
[00:06:59] [modloading-worker-0/WARN]: Incorrect key items.lunch_basket.overlay was corrected from null to its default, true. 
[00:06:59] [modloading-worker-0/WARN]: Incorrect key items.altimeter was corrected from null to its default, SimpleCommentedConfig:{}. 
[00:06:59] [modloading-worker-0/WARN]: Incorrect key items.altimeter.click_action was corrected from null to its default, true. 
[00:06:59] [modloading-worker-0/INFO]: Registering S2C receiver with id ftbquests:create_object_response
[00:06:59] [modloading-worker-0/INFO]: Registering C2S receiver with id ftbquests:create_task_at
[00:06:59] [modloading-worker-0/WARN]: Incorrect key items.altimeter.extra_dimension_textures was corrected from null to its default, [minecraft:the_nether, minecraft:the_end]. 
[00:06:59] [modloading-worker-0/WARN]: Incorrect key items.altimeter.texture_precision_multiplier was corrected from null to its default, 1. 
[00:06:59] [modloading-worker-0/WARN]: Incorrect key items.cannonball was corrected from null to its default, SimpleCommentedConfig:{}. 
[00:06:59] [modloading-worker-0/WARN]: Incorrect key items.cannonball.3d_model was corrected from null to its default, true. 
[00:06:59] [modloading-worker-0/WARN]: Incorrect key items.quiver was corrected from null to its default, SimpleCommentedConfig:{}. 
[00:06:59] [modloading-worker-0/WARN]: Incorrect key items.quiver.armor_render_offset was corrected from null to its default, -1.0. 
[00:06:59] [modloading-worker-0/WARN]: Incorrect key items.quiver.render_mode was corrected from null to its default, THIGH. 
[00:06:59] [modloading-worker-0/WARN]: Incorrect key items.quiver.skeleton_render_mode was corrected from null to its default, THIGH. 
[00:06:59] [modloading-worker-0/WARN]: Incorrect key items.quiver.overlay was corrected from null to its default, true. 
[00:06:59] [modloading-worker-0/WARN]: Incorrect key items.quiver.mouse_movement_in_gui was corrected from null to its default, true. 
[00:06:59] [modloading-worker-0/WARN]: Incorrect key items.quiver.gui_x_offset was corrected from null to its default, 0. 
[00:06:59] [modloading-worker-0/WARN]: Incorrect key items.quiver.gui_y_offset was corrected from null to its default, 0. 
[00:06:59] [modloading-worker-0/WARN]: Incorrect key items.wrench was corrected from null to its default, SimpleCommentedConfig:{}. 
[00:06:59] [modloading-worker-0/WARN]: Incorrect key items.wrench.turn_particles was corrected from null to its default, true. 
[00:06:59] [modloading-worker-0/WARN]: Incorrect key items.flute was corrected from null to its default, SimpleCommentedConfig:{}. 
[00:06:59] [modloading-worker-0/WARN]: Incorrect key items.flute.note_particles was corrected from null to its default, true. 
[00:06:59] [modloading-worker-0/INFO]: [FTB Chunks] Enabled KubeJS integration
[00:06:59] [modloading-worker-0/INFO]: Registering C2S receiver with id ftbquests:delete_object
[00:06:59] [modloading-worker-0/INFO]: Registering S2C receiver with id ftbquests:delete_object_response
[00:06:59] [modloading-worker-0/INFO]: Registering C2S receiver with id ftbquests:edit_object
[00:06:59] [modloading-worker-0/INFO]: Registering S2C receiver with id ftbquests:edit_object_response
[00:06:59] [modloading-worker-0/INFO]: Registering C2S receiver with id ftbquests:move_chapter
[00:06:59] [modloading-worker-0/INFO]: Registering S2C receiver with id ftbquests:move_chapter_response
[00:06:59] [modloading-worker-0/INFO]: Registering C2S receiver with id ftbquests:move_quest
[00:06:59] [modloading-worker-0/INFO]: Registering S2C receiver with id ftbquests:move_quest_response
[00:06:59] [modloading-worker-0/INFO]: Registering C2S receiver with id ftbquests:change_chapter_group
[00:06:59] [modloading-worker-0/INFO]: Registering S2C receiver with id ftbquests:change_chapter_group_response
[00:06:59] [modloading-worker-0/INFO]: Registering C2S receiver with id ftbquests:move_chapter_group
[00:06:59] [modloading-worker-0/INFO]: Registering S2C receiver with id ftbquests:move_chapter_group_response
[00:06:59] [modloading-worker-0/INFO]: Registering S2C receiver with id ftbquests:sync_reward_blocking
[00:06:59] [modloading-worker-0/INFO]: Registering C2S receiver with id ftbquests:copy_quest
[00:06:59] [modloading-worker-0/INFO]: Registering C2S receiver with id ftbquests:copy_chapter_image
[00:06:59] [modloading-worker-0/INFO]: Registering C2S receiver with id ftbquests:sync_structures_request
[00:06:59] [modloading-worker-0/INFO]: Registering S2C receiver with id ftbquests:sync_structures_response
[00:06:59] [modloading-worker-0/INFO]: Registering C2S receiver with id ftbquests:request_team_data
[00:06:59] [modloading-worker-0/INFO]: Registering S2C receiver with id ftbquests:sync_editor_permission
[00:06:59] [modloading-worker-0/INFO]: Registering S2C receiver with id ftbquests:open_quest_book
[00:06:59] [modloading-worker-0/INFO]: Registering S2C receiver with id ftbquests:clear_display_cache
[00:06:59] [modloading-worker-0/INFO]: Registering C2S receiver with id ftbchunks:request_map_data
[00:06:59] [modloading-worker-0/INFO]: Registering C2S receiver with id ftbchunks:share_waypoint
[00:06:59] [modloading-worker-0/INFO]: Registering S2C receiver with id ftbchunks:send_all_chunks
[00:06:59] [modloading-worker-0/INFO]: Registering S2C receiver with id ftbchunks:login_data
[00:06:59] [modloading-worker-0/INFO]: Registering C2S receiver with id ftbchunks:request_chunk_change
[00:06:59] [modloading-worker-0/INFO]: Registering S2C receiver with id ftbchunks:send_chunk
[00:06:59] [modloading-worker-0/INFO]: Registering S2C receiver with id ftbchunks:send_general_data
[00:06:59] [modloading-worker-0/INFO]: Registering C2S receiver with id ftbchunks:teleport_from_map
[00:06:59] [modloading-worker-0/INFO]: Registering S2C receiver with id ftbchunks:player_death
[00:06:59] [modloading-worker-0/INFO]: Registering S2C receiver with id ftbchunks:send_visible_player_list
[00:06:59] [modloading-worker-0/INFO]: Registering C2S receiver with id ftbchunks:sync_tx
[00:06:59] [modloading-worker-0/INFO]: Registering S2C receiver with id ftbchunks:sync_rx
[00:06:59] [modloading-worker-0/INFO]: Registering S2C receiver with id ftbchunks:loaded_chunk_view
[00:06:59] [modloading-worker-0/INFO]: Registering S2C receiver with id ftbchunks:send_player_position
[00:06:59] [modloading-worker-0/INFO]: Registering C2S receiver with id ftbchunks:update_force_load_expiry
[00:06:59] [modloading-worker-0/INFO]: Loading Rhino Minecraft remapper...
[00:06:59] [modloading-worker-0/INFO]: Registering C2S receiver with id ftbchunks:server_config_request
[00:06:59] [modloading-worker-0/INFO]: Rhino properties loaded.
[00:06:59] [modloading-worker-0/INFO]: Registering S2C receiver with id ftbchunks:server_config_response
[00:06:59] [modloading-worker-0/INFO]: Registering S2C receiver with id ftbchunks:chunk_change_response
[00:06:59] [modloading-worker-0/INFO]: Loading mappings for 1.20.1
[00:06:59] [modloading-worker-0/INFO]: Registering S2C receiver with id ftbchunks:request_block_color
[00:06:59] [modloading-worker-0/INFO]: Registering S2C receiver with id ftbchunks:add_waypoint
[00:06:59] [modloading-worker-0/INFO]: Done in 0.135 s
[00:07:00] [modloading-worker-0/INFO]: Knock Knock...
[00:07:00] [modloading-worker-0/WARN]: Reactor detonation initiated.
[00:07:00] [modloading-worker-0/INFO]: Wait... NO! What?
[00:07:00] [modloading-worker-0/INFO]: Stop That! That's not how this works!
[00:07:00] [modloading-worker-0/WARN]: Calculating explosion ETA
[00:07:00] [modloading-worker-0/INFO]: Ahh... NO... NONONO! DONT DO THAT!!! STOP THIS NOW!
[00:07:00] [modloading-worker-0/WARN]: **Explosion Imminent!!!**
[00:07:00] [modloading-worker-0/INFO]: Well...... fork...
[00:07:00] [modloading-worker-0/INFO]: Thirdparty integration activated for [cofh_core,immersiveengineering,computercraft,jei,botania,mekanism,curios,patchouli,create]
[00:07:00] [modloading-worker-0/INFO]: Loaded config file.
[00:07:00] [modloading-worker-0/INFO]: Saved config file.
[00:07:00] [modloading-worker-0/INFO]: Scanning classes for titanium
[00:07:01] [modloading-worker-0/INFO]: Loading EnderIO integration for KubeJS
[00:07:01] [modloading-worker-0/INFO]: Registering mod: allthecompressed
[00:07:01] [modloading-worker-0/INFO]: Registering overlays for loaded mods: [allthemodium, alltheores, allthetweaks, botania, enderio, minecraft, powah, productivebees, supplementaries]
[00:07:01] [modloading-worker-0/INFO]: Skipping overlays for absent mods: []
[00:07:01] [modloading-worker-0/INFO]: Registered plugin: com.blakebr0.mysticalagriculture.lib.ModCorePlugin
[00:07:01] [modloading-worker-0/INFO]: Registered plugin: com.blakebr0.mysticalcustomization.lib.ModCorePlugin
[00:07:01] [modloading-worker-0/INFO]: Registered plugin: com.blakebr0.mysticalagradditions.lib.ModCorePlugin
[00:07:01] [modloading-worker-0/INFO]: Loaded 3 plugins
[00:07:01] [modloading-worker-0/INFO]: [wayoftime.bloodmagic.structures.DungeonRoomLoader:loadDungeons:191]: Loading schematic: bloodmagic:t_corridor
[00:07:01] [modloading-worker-0/INFO]: [wayoftime.bloodmagic.structures.DungeonRoomLoader:loadDungeons:193]: Resulting dungeon: wayoftime.bloodmagic.structures.DungeonRoom@3340d618
[00:07:01] [modloading-worker-0/INFO]: [wayoftime.bloodmagic.structures.DungeonRoomLoader:loadDungeons:191]: Loading schematic: bloodmagic:four_way_corridor_loot
[00:07:01] [modloading-worker-0/INFO]: Loading config: C:\Users\Nuril\curseforge\minecraft\Instances\All the Mods 9 - To the Sky - atm9sky\config\creativewirelesstransmitter-common.toml
[00:07:01] [modloading-worker-0/INFO]: Built config: C:\Users\Nuril\curseforge\minecraft\Instances\All the Mods 9 - To the Sky - atm9sky\config\creativewirelesstransmitter-common.toml
[00:07:01] [modloading-worker-0/INFO]: Loaded config: C:\Users\Nuril\curseforge\minecraft\Instances\All the Mods 9 - To the Sky - atm9sky\config\creativewirelesstransmitter-common.toml
[00:07:01] [modloading-worker-0/INFO]: [wayoftime.bloodmagic.structures.DungeonRoomLoader:loadDungeons:193]: Resulting dungeon: wayoftime.bloodmagic.structures.DungeonRoom@5a548af2
[00:07:01] [modloading-worker-0/INFO]: [wayoftime.bloodmagic.structures.DungeonRoomLoader:loadDungeons:191]: Loading schematic: bloodmagic:four_way_corridor
[00:07:01] [modloading-worker-0/INFO]: [wayoftime.bloodmagic.structures.DungeonRoomLoader:loadDungeons:193]: Resulting dungeon: wayoftime.bloodmagic.structures.DungeonRoom@7ee61c43
[00:07:01] [modloading-worker-0/INFO]: [wayoftime.bloodmagic.structures.DungeonRoomLoader:loadDungeons:191]: Loading schematic: bloodmagic:standard/ore_hold_1
[00:07:01] [modloading-worker-0/INFO]: [wayoftime.bloodmagic.structures.DungeonRoomLoader:loadDungeons:193]: Resulting dungeon: wayoftime.bloodmagic.structures.DungeonRoom@3c8d3b95
[00:07:01] [modloading-worker-0/INFO]: [wayoftime.bloodmagic.structures.DungeonRoomLoader:loadDungeons:191]: Loading schematic: bloodmagic:straight_corridor
[00:07:01] [modloading-worker-0/INFO]: [wayoftime.bloodmagic.structures.DungeonRoomLoader:loadDungeons:193]: Resulting dungeon: wayoftime.bloodmagic.structures.DungeonRoom@5573cf48
[00:07:01] [modloading-worker-0/INFO]: [wayoftime.bloodmagic.structures.DungeonRoomLoader:loadDungeons:191]: Loading schematic: bloodmagic:overlapped_corridor
[00:07:01] [modloading-worker-0/INFO]: [wayoftime.bloodmagic.structures.DungeonRoomLoader:loadDungeons:193]: Resulting dungeon: wayoftime.bloodmagic.structures.DungeonRoom@5b98a69c
[00:07:01] [modloading-worker-0/INFO]: [wayoftime.bloodmagic.structures.DungeonRoomLoader:loadDungeons:191]: Loading schematic: bloodmagic:spiral_staircase
[00:07:01] [modloading-worker-0/INFO]: [wayoftime.bloodmagic.structures.DungeonRoomLoader:loadDungeons:193]: Resulting dungeon: wayoftime.bloodmagic.structures.DungeonRoom@2b048006
[00:07:01] [modloading-worker-0/INFO]: [wayoftime.bloodmagic.structures.DungeonRoomLoader:loadDungeons:191]: Loading schematic: bloodmagic:standard/water_way
[00:07:01] [modloading-worker-0/INFO]: Mixing client.MixinChatListener from mixins/common/nochatreports.mixins.json into net.minecraft.client.multiplayer.chat.ChatListener
[00:07:01] [modloading-worker-0/INFO]: [wayoftime.bloodmagic.structures.DungeonRoomLoader:loadDungeons:193]: Resulting dungeon: wayoftime.bloodmagic.structures.DungeonRoom@6552421
[00:07:01] [modloading-worker-0/INFO]: [wayoftime.bloodmagic.structures.DungeonRoomLoader:loadDungeons:191]: Loading schematic: bloodmagic:standard/mine_entrance
[00:07:01] [modloading-worker-0/INFO]: [wayoftime.bloodmagic.structures.DungeonRoomLoader:loadDungeons:193]: Resulting dungeon: wayoftime.bloodmagic.structures.DungeonRoom@408b50f
[00:07:01] [modloading-worker-0/INFO]: [wayoftime.bloodmagic.structures.DungeonRoomLoader:loadDungeons:191]: Loading schematic: bloodmagic:mines/mine_key
[00:07:01] [modloading-worker-0/INFO]: [wayoftime.bloodmagic.structures.DungeonRoomLoader:loadDungeons:193]: Resulting dungeon: wayoftime.bloodmagic.structures.DungeonRoom@58fb514f
[00:07:01] [modloading-worker-0/INFO]: [wayoftime.bloodmagic.structures.DungeonRoomLoader:loadDungeons:191]: Loading schematic: bloodmagic:mines/pit
[00:07:01] [modloading-worker-0/INFO]: [wayoftime.bloodmagic.structures.DungeonRoomLoader:loadDungeons:193]: Resulting dungeon: wayoftime.bloodmagic.structures.DungeonRoom@62dd6733
[00:07:01] [modloading-worker-0/INFO]: [wayoftime.bloodmagic.structures.DungeonRoomLoader:loadDungeons:191]: Loading schematic: bloodmagic:mines/corner_zombie_trap
[00:07:01] [modloading-worker-0/INFO]: [wayoftime.bloodmagic.structures.DungeonRoomLoader:loadDungeons:193]: Resulting dungeon: wayoftime.bloodmagic.structures.DungeonRoom@12cfe59b
[00:07:01] [modloading-worker-0/INFO]: [wayoftime.bloodmagic.structures.DungeonRoomLoader:loadDungeons:191]: Loading schematic: bloodmagic:mines/split_road
[00:07:01] [modloading-worker-0/INFO]: [wayoftime.bloodmagic.structures.DungeonRoomLoader:loadDungeons:193]: Resulting dungeon: wayoftime.bloodmagic.structures.DungeonRoom@5a8fdf0a
[00:07:01] [modloading-worker-0/INFO]: [wayoftime.bloodmagic.structures.DungeonRoomLoader:loadDungeons:191]: Loading schematic: bloodmagic:mines/station
[00:07:01] [modloading-worker-0/INFO]: [wayoftime.bloodmagic.structures.DungeonRoomLoader:loadDungeons:193]: Resulting dungeon: wayoftime.bloodmagic.structures.DungeonRoom@649eae9
[00:07:01] [modloading-worker-0/INFO]: [wayoftime.bloodmagic.structures.DungeonRoomLoader:loadDungeons:191]: Loading schematic: bloodmagic:mines/downward_tunnel
[00:07:01] [modloading-worker-0/INFO]: [wayoftime.bloodmagic.structures.DungeonRoomLoader:loadDungeons:193]: Resulting dungeon: wayoftime.bloodmagic.structures.DungeonRoom@d661eca
[00:07:02] [modloading-worker-0/INFO]: [wayoftime.bloodmagic.structures.DungeonRoomLoader:loadDungeons:191]: Loading schematic: bloodmagic:mines/junction_station
[00:07:02] [modloading-worker-0/INFO]: [wayoftime.bloodmagic.structures.DungeonRoomLoader:loadDungeons:193]: Resulting dungeon: wayoftime.bloodmagic.structures.DungeonRoom@46e02c29
[00:07:02] [modloading-worker-0/INFO]: [wayoftime.bloodmagic.structures.DungeonRoomLoader:loadDungeons:191]: Loading schematic: bloodmagic:mines/downward_shaft
[00:07:02] [modloading-worker-0/INFO]: [wayoftime.bloodmagic.structures.DungeonRoomLoader:loadDungeons:193]: Resulting dungeon: wayoftime.bloodmagic.structures.DungeonRoom@473786b7
[00:07:02] [modloading-worker-0/INFO]: [wayoftime.bloodmagic.structures.DungeonRoomLoader:loadDungeons:191]: Loading schematic: bloodmagic:mines/nature_crossroad
[00:07:02] [modloading-worker-0/INFO]: [wayoftime.bloodmagic.structures.DungeonRoomLoader:loadDungeons:193]: Resulting dungeon: wayoftime.bloodmagic.structures.DungeonRoom@19dd6409
[00:07:02] [modloading-worker-0/INFO]: [wayoftime.bloodmagic.structures.DungeonRoomLoader:loadDungeons:191]: Loading schematic: bloodmagic:mines/wolf_den
[00:07:02] [modloading-worker-0/INFO]: [wayoftime.bloodmagic.structures.DungeonRoomLoader:loadDungeons:193]: Resulting dungeon: wayoftime.bloodmagic.structures.DungeonRoom@6082e1fe
[00:07:02] [modloading-worker-0/INFO]: [wayoftime.bloodmagic.structures.DungeonRoomLoader:loadDungeons:191]: Loading schematic: bloodmagic:mines/ore_cavern
[00:07:02] [modloading-worker-0/INFO]: [wayoftime.bloodmagic.structures.DungeonRoomLoader:loadDungeons:193]: Resulting dungeon: wayoftime.bloodmagic.structures.DungeonRoom@c47c639
[00:07:02] [modloading-worker-0/INFO]: [wayoftime.bloodmagic.structures.DungeonRoomLoader:loadDungeons:191]: Loading schematic: bloodmagic:mines/straight_corridor
[00:07:02] [modloading-worker-0/INFO]: [wayoftime.bloodmagic.structures.DungeonRoomLoader:loadDungeons:193]: Resulting dungeon: wayoftime.bloodmagic.structures.DungeonRoom@70cc9e75
[00:07:02] [modloading-worker-0/INFO]: [wayoftime.bloodmagic.structures.DungeonRoomLoader:loadDungeons:191]: Loading schematic: bloodmagic:mines/bent_corridor
[00:07:02] [modloading-worker-0/INFO]: [wayoftime.bloodmagic.structures.DungeonRoomLoader:loadDungeons:193]: Resulting dungeon: wayoftime.bloodmagic.structures.DungeonRoom@3de12cfd
[00:07:02] [modloading-worker-0/INFO]: [wayoftime.bloodmagic.structures.DungeonRoomLoader:loadDungeons:191]: Loading schematic: bloodmagic:mines/fourway_corridor
[00:07:02] [modloading-worker-0/INFO]: [wayoftime.bloodmagic.structures.DungeonRoomLoader:loadDungeons:193]: Resulting dungeon: wayoftime.bloodmagic.structures.DungeonRoom@aba156b
[00:07:02] [modloading-worker-0/INFO]: [wayoftime.bloodmagic.structures.DungeonRoomLoader:loadDungeons:191]: Loading schematic: bloodmagic:mini_dungeon/library
[00:07:02] [modloading-worker-0/INFO]: [wayoftime.bloodmagic.structures.DungeonRoomLoader:loadDungeons:193]: Resulting dungeon: wayoftime.bloodmagic.structures.DungeonRoom@40c393ac
[00:07:02] [modloading-worker-0/INFO]: [wayoftime.bloodmagic.structures.DungeonRoomLoader:loadDungeons:191]: Loading schematic: bloodmagic:mini_dungeon/armoury
[00:07:02] [modloading-worker-0/INFO]: [wayoftime.bloodmagic.structures.DungeonRoomLoader:loadDungeons:193]: Resulting dungeon: wayoftime.bloodmagic.structures.DungeonRoom@713ee21c
[00:07:02] [modloading-worker-0/INFO]: [wayoftime.bloodmagic.structures.DungeonRoomLoader:loadDungeons:191]: Loading schematic: bloodmagic:mini_dungeon/farm
[00:07:02] [modloading-worker-0/INFO]: [wayoftime.bloodmagic.structures.DungeonRoomLoader:loadDungeons:193]: Resulting dungeon: wayoftime.bloodmagic.structures.DungeonRoom@770ba2d6
[00:07:02] [modloading-worker-0/INFO]: [wayoftime.bloodmagic.structures.DungeonRoomLoader:loadDungeons:191]: Loading schematic: bloodmagic:mini_dungeon/portal_nether
[00:07:02] [modloading-worker-0/INFO]: [wayoftime.bloodmagic.structures.DungeonRoomLoader:loadDungeons:193]: Resulting dungeon: wayoftime.bloodmagic.structures.DungeonRoom@6a632452
[00:07:02] [modloading-worker-0/INFO]: [wayoftime.bloodmagic.structures.DungeonRoomLoader:loadDungeons:191]: Loading schematic: bloodmagic:mini_dungeon/crypt
[00:07:02] [modloading-worker-0/INFO]: [wayoftime.bloodmagic.structures.DungeonRoomLoader:loadDungeons:193]: Resulting dungeon: wayoftime.bloodmagic.structures.DungeonRoom@4de05282
[00:07:02] [modloading-worker-0/INFO]: [wayoftime.bloodmagic.structures.DungeonRoomLoader:loadDungeons:191]: Loading schematic: bloodmagic:standard/challenge_tower
[00:07:02] [modloading-worker-0/INFO]: [wayoftime.bloodmagic.structures.DungeonRoomLoader:loadDungeons:193]: Resulting dungeon: wayoftime.bloodmagic.structures.DungeonRoom@2c9850b9
[00:07:02] [modloading-worker-0/INFO]: [wayoftime.bloodmagic.structures.DungeonRoomLoader:loadDungeons:191]: Loading schematic: bloodmagic:standard/big_library
[00:07:02] [modloading-worker-0/INFO]: [wayoftime.bloodmagic.structures.DungeonRoomLoader:loadDungeons:193]: Resulting dungeon: wayoftime.bloodmagic.structures.DungeonRoom@1e42495e
[00:07:02] [modloading-worker-0/INFO]: Mixing client.MixinServerData from mixins/common/nochatreports.mixins.json into net.minecraft.client.multiplayer.ServerData
[00:07:02] [modloading-worker-0/INFO]: [wayoftime.bloodmagic.structures.DungeonRoomLoader:loadDungeons:191]: Loading schematic: bloodmagic:standard/small_crane
[00:07:02] [modloading-worker-0/INFO]: [wayoftime.bloodmagic.structures.DungeonRoomLoader:loadDungeons:193]: Resulting dungeon: wayoftime.bloodmagic.structures.DungeonRoom@255d3fbb
[00:07:02] [modloading-worker-0/INFO]: [wayoftime.bloodmagic.structures.DungeonRoomLoader:loadDungeons:191]: Loading schematic: bloodmagic:standard/small_library
[00:07:02] [modloading-worker-0/INFO]: [wayoftime.bloodmagic.structures.DungeonRoomLoader:loadDungeons:193]: Resulting dungeon: wayoftime.bloodmagic.structures.DungeonRoom@754fb617
[00:07:02] [modloading-worker-0/INFO]: [wayoftime.bloodmagic.structures.DungeonRoomLoader:loadDungeons:191]: Loading schematic: bloodmagic:standard/small_smithy
[00:07:02] [modloading-worker-0/INFO]: [wayoftime.bloodmagic.structures.DungeonRoomLoader:loadDungeons:193]: Resulting dungeon: wayoftime.bloodmagic.structures.DungeonRoom@560950c2
[00:07:02] [modloading-worker-0/INFO]: [wayoftime.bloodmagic.structures.DungeonRoomLoader:loadDungeons:191]: Loading schematic: bloodmagic:standard/tall_spiral
[00:07:02] [modloading-worker-0/INFO]: [wayoftime.bloodmagic.structures.DungeonRoomLoader:loadDungeons:193]: Resulting dungeon: wayoftime.bloodmagic.structures.DungeonRoom@62f63817
[00:07:02] [modloading-worker-0/INFO]: [wayoftime.bloodmagic.structures.DungeonRoomLoader:loadDungeons:191]: Loading schematic: bloodmagic:standard/small_arena
[00:07:02] [modloading-worker-0/INFO]: [wayoftime.bloodmagic.structures.DungeonRoomLoader:loadDungeons:193]: Resulting dungeon: wayoftime.bloodmagic.structures.DungeonRoom@d2a6a50
[00:07:02] [modloading-worker-0/INFO]: [wayoftime.bloodmagic.structures.DungeonRoomLoader:loadDungeons:191]: Loading schematic: bloodmagic:standard/antechamber
[00:07:02] [modloading-worker-0/INFO]: [wayoftime.bloodmagic.structures.DungeonRoomLoader:loadDungeons:193]: Resulting dungeon: wayoftime.bloodmagic.structures.DungeonRoom@1b927558
[00:07:02] [modloading-worker-0/INFO]: [wayoftime.bloodmagic.structures.DungeonRoomLoader:loadDungeons:191]: Loading schematic: bloodmagic:standard/destroyed_end_portal
[00:07:02] [modloading-worker-0/INFO]: [wayoftime.bloodmagic.structures.DungeonRoomLoader:loadDungeons:193]: Resulting dungeon: wayoftime.bloodmagic.structures.DungeonRoom@40c60c3a
[00:07:02] [modloading-worker-0/INFO]: [wayoftime.bloodmagic.structures.DungeonRoomLoader:loadDungeons:191]: Loading schematic: bloodmagic:standard/four_way_corridor_loot
[00:07:02] [modloading-worker-0/INFO]: [wayoftime.bloodmagic.structures.DungeonRoomLoader:loadDungeons:193]: Resulting dungeon: wayoftime.bloodmagic.structures.DungeonRoom@4bf93021
[00:07:02] [modloading-worker-0/INFO]: [wayoftime.bloodmagic.structures.DungeonRoomLoader:loadDungeons:191]: Loading schematic: bloodmagic:t3_entrance
[00:07:02] [modloading-worker-0/INFO]: [wayoftime.bloodmagic.structures.DungeonRoomLoader:loadDungeons:193]: Resulting dungeon: wayoftime.bloodmagic.structures.DungeonRoom@4ac2fd77
[00:07:02] [modloading-worker-0/INFO]: [wayoftime.bloodmagic.structures.DungeonRoomLoader:loadDungeons:191]: Loading schematic: bloodmagic:standard_entrance
[00:07:02] [modloading-worker-0/INFO]: [wayoftime.bloodmagic.structures.DungeonRoomLoader:loadDungeons:193]: Resulting dungeon: wayoftime.bloodmagic.structures.DungeonRoom@16d00dd5
[00:07:02] [modloading-worker-0/INFO]: [wayoftime.bloodmagic.structures.DungeonRoomLoader:loadDungeons:191]: Loading schematic: bloodmagic:default_deadend
[00:07:02] [modloading-worker-0/INFO]: [wayoftime.bloodmagic.structures.DungeonRoomLoader:loadDungeons:193]: Resulting dungeon: wayoftime.bloodmagic.structures.DungeonRoom@170bc9ea
[00:07:02] [modloading-worker-0/INFO]: [wayoftime.bloodmagic.structures.DungeonRoomLoader:loadDungeons:191]: Loading schematic: bloodmagic:mines/deadend
[00:07:02] [modloading-worker-0/INFO]: [wayoftime.bloodmagic.structures.DungeonRoomLoader:loadDungeons:193]: Resulting dungeon: wayoftime.bloodmagic.structures.DungeonRoom@2c384f13
[00:07:02] [modloading-worker-0/INFO]: [wayoftime.bloodmagic.structures.DungeonRoomLoader:loadDungeons:197]: # schematics: 42
[00:07:02] [modloading-worker-0/INFO]: Added bindings for script type STARTUP from mod 'almostunified': [AlmostUnified]
[00:07:02] [modloading-worker-0/INFO]: Registering mod: pylons
[00:07:02] [modloading-worker-0/INFO]: [JUST ZOOM] Starting version 2.0.0 on Forge..
[00:07:02] [modloading-worker-0/INFO]: Scanning classes for functionalstorage
[00:07:02] [modloading-worker-0/INFO]: Deserializing YACLConfig from 'C:\Users\Nuril\curseforge\minecraft\Instances\All the Mods 9 - To the Sky - atm9sky\config\yacl.json5'
[00:07:02] [modloading-worker-0/INFO]: Registered 1 network packets
[00:07:02] [modloading-worker-0/INFO]: Packet Fixer has been initialized successfully
[00:07:02] [modloading-worker-0/INFO]: Initialised items.
[00:07:02] [modloading-worker-0/INFO]: [net.valhelsia.valhelsia_core.api.common.item.tab.forge.CreativeTabFactoryImpl:create:15]: TEST
[00:07:02] [modloading-worker-0/INFO]: [net.valhelsia.valhelsia_core.api.common.item.tab.forge.CreativeTabFactoryImpl:create:21]: TEST2
[00:07:02] [modloading-worker-0/INFO]: Loaded script startup_scripts:AE2/Universal_Press.js in 0.454 s
[00:07:02] [modloading-worker-0/INFO]: custom_additions.js#4: Loaded Java class 'net.minecraftforge.registries.ForgeRegistries'
[00:07:02] [modloading-worker-0/INFO]: custom_additions.js#5: Loaded Java class 'net.minecraft.world.item.DyeColor'
[00:07:02] [modloading-worker-0/INFO]: Loaded script startup_scripts:custom_additions.js in 0.023 s
[00:07:02] [modloading-worker-0/INFO]: Initialised blocks.
[00:07:02] [modloading-worker-0/INFO]: farmingForBlockheads.js#11: Loaded Java class 'net.blay09.mods.farmingforblockheads.api.FarmingForBlockheadsAPI'
[00:07:02] [modloading-worker-0/INFO]: Initialised block entities.
[00:07:02] [modloading-worker-0/INFO]: Loaded script startup_scripts:farmingForBlockheads.js in 0.044 s
[00:07:02] [modloading-worker-0/INFO]: Loaded 3/3 KubeJS startup scripts in 2.891 s with 0 errors and 0 warnings
[00:07:02] [modloading-worker-0/INFO]: Initialised Applied Botanics integration.
[00:07:02] [modloading-worker-0/INFO]: Initialised Applied Mekanistics integration.
[00:07:02] [modloading-worker-0/INFO]: Initialised Ars Énergistique integration.
[00:07:02] [modloading-worker-0/INFO]: Initialised AppliedE integration.
[00:07:03] [modloading-worker-0/INFO]: Replaced 1 calls to Enchantment#getMaxLevel() in net/minecraft/world/entity/npc/VillagerTrades$EnchantBookForEmeralds
[00:07:03] [modloading-worker-0/INFO]: Replaced 1 calls to Enchantment#isTreasureOnly() in net/minecraft/world/entity/npc/VillagerTrades$EnchantBookForEmeralds
[00:07:03] [modloading-worker-0/INFO]: Replaced 1 calls to Enchantment#isTradeable() in net/minecraft/world/entity/npc/VillagerTrades$EnchantBookForEmeralds
[00:07:03] [modloading-worker-0/INFO]: Added bindings for script type CLIENT from mod 'almostunified': [AlmostUnified]
[00:07:03] [modloading-worker-0/INFO]: jei_add.js#1: Loaded Java class 'sonar.fluxnetworks.client.jei.CreatingFluxRecipe'
[00:07:03] [modloading-worker-0/INFO]: jei_add.js#2: Loaded Java class 'sonar.fluxnetworks.client.jei.CreatingFluxRecipeCategory'
[00:07:03] [modloading-worker-0/INFO]: Loaded script client_scripts:jei_add.js in 0.064 s
[00:07:03] [modloading-worker-0/INFO]: Loaded script client_scripts:jei_categories.js in 0.003 s
[00:07:03] [modloading-worker-0/INFO]: Loaded script client_scripts:jei_hide.js in 0.016 s
[00:07:03] [modloading-worker-0/INFO]: Loaded script client_scripts:jei_info.js in 0.003 s
[00:07:03] [modloading-worker-0/INFO]: Loaded script client_scripts:ponder/corail.js in 0.01 s
[00:07:03] [modloading-worker-0/INFO]: Loaded script client_scripts:ponder/fission_mek.js in 0.006 s
[00:07:03] [modloading-worker-0/INFO]: Loaded script client_scripts:ponder/fission_mek_fuelrod.js in 0.006 s
[00:07:03] [modloading-worker-0/INFO]: Loaded script client_scripts:ponder/fission_mek_logic.js in 0.002 s
[00:07:03] [modloading-worker-0/INFO]: Loaded script client_scripts:ponder/fission_mek_port.js in 0.001 s
[00:07:03] [modloading-worker-0/INFO]: Loaded script client_scripts:ponder/fusion_activate.js in 0.002 s
[00:07:03] [modloading-worker-0/INFO]: Loaded script client_scripts:ponder/fusion_reactor.js in 0.003 s
[00:07:03] [modloading-worker-0/INFO]: Loaded script client_scripts:ponder/induction_mek.js in 0.002 s
[00:07:03] [modloading-worker-0/INFO]: Loaded script client_scripts:ponder/pylons.js in 0.005 s
[00:07:03] [modloading-worker-0/INFO]: Loaded script client_scripts:ponder/sps.js in 0.002 s
[00:07:03] [modloading-worker-0/INFO]: Loaded script client_scripts:ponder/turbine_mek.js in 0.003 s
[00:07:03] [modloading-worker-0/INFO]: Loaded script client_scripts:tooltips.js in 0.003 s
[00:07:03] [modloading-worker-0/INFO]: Loaded 16/16 KubeJS client scripts in 0.447 s with 0 errors and 0 warnings
[00:07:03] [modloading-worker-0/INFO]: Registering C2S receiver with id kubejs:send_data_from_client
[00:07:03] [modloading-worker-0/INFO]: Registering S2C receiver with id kubejs:send_data_from_server
[00:07:03] [modloading-worker-0/INFO]: Registering S2C receiver with id kubejs:paint
[00:07:03] [modloading-worker-0/INFO]: Registering S2C receiver with id kubejs:add_stage
[00:07:03] [modloading-worker-0/INFO]: Registering S2C receiver with id kubejs:remove_stage
[00:07:03] [modloading-worker-0/INFO]: Registering S2C receiver with id kubejs:sync_stages
[00:07:03] [modloading-worker-0/INFO]: Registering C2S receiver with id kubejs:first_click
[00:07:03] [modloading-worker-0/INFO]: Registering S2C receiver with id kubejs:toast
[00:07:03] [modloading-worker-0/INFO]: Registering S2C receiver with id kubejs:reload_startup_scripts
[00:07:03] [modloading-worker-0/INFO]: Registering S2C receiver with id kubejs:display_server_errors
[00:07:03] [modloading-worker-0/INFO]: Registering S2C receiver with id kubejs:display_client_errors
[00:07:04] [modloading-worker-0/INFO]: [com.enderio.core.EnderCore:onConstruct:25]: ================ Core construct ==================
[00:07:04] [modloading-worker-0/INFO]: [com.enderio.conduits.EIOConduits:onConstruct:30]: ================ Conduits construct ==================
[00:07:08] [Render thread/INFO]: Registering Block: plonk:placed_items
[00:07:11] [Render thread/WARN]: Registry minecraft:menu: The object net.minecraft.world.inventory.MenuType@7637eda9 has been registered twice for the same name ae2:export_card.
[00:07:11] [Render thread/WARN]: Registry minecraft:menu: The object net.minecraft.world.inventory.MenuType@3512f961 has been registered twice for the same name ae2:insert_card.
[00:07:11] [Render thread/WARN]: Registry minecraft:menu: The object net.minecraft.world.inventory.MenuType@46d31f15 has been registered twice for the same name ae2:portable_fe_cell.
[00:07:11] [Render thread/WARN]: Registry minecraft:menu: The object net.minecraft.world.inventory.MenuType@73ee55b has been registered twice for the same name ae2:portable_mana_cell.
[00:07:12] [Render thread/INFO]: Registering Item: plonk:placed_items
[00:07:13] [Render thread/INFO]: Registering C2S receiver with id ae2wtlib:cycle_terminal
[00:07:13] [Render thread/INFO]: Initialized block sets in 75ms
[00:07:13] [Render thread/INFO]: Registering BlockEntity: plonk:placed_items
[00:07:14] [Render thread/WARN]: Registry minecraft:menu: The object net.minecraft.world.inventory.MenuType@480fafcd has been registered twice for the same name ae2:mega_pattern_provider.
[00:07:14] [Render thread/WARN]: Registry minecraft:menu: The object net.minecraft.world.inventory.MenuType@471b6848 has been registered twice for the same name ae2:cell_dock.
[00:07:14] [Render thread/WARN]: Registry minecraft:menu: The object net.minecraft.world.inventory.MenuType@77a1da42 has been registered twice for the same name ae2:mega_emc_interface.
[00:07:14] [Render thread/WARN]: Registry minecraft:menu: The object net.minecraft.world.inventory.MenuType@764253b1 has been registered twice for the same name ae2:mega_interface.
[00:07:15] [Render thread/INFO]: [wayoftime.bloodmagic.core.AnointmentRegistrar:parseDefinition:133]: Attempting to load Anointment: union:/C:/Users/Nuril/curseforge/minecraft/Instances/All%20the%20Mods%209%20-%20To%20the%20Sky%20-%20atm9sky/mods/bloodmagic-1.20.1-3.3.3-45.jar%23509!/data/bloodmagic/anointment/melee_damage.json, path: /data/bloodmagic/anointment/melee_damage.json
[00:07:15] [Render thread/INFO]: [wayoftime.bloodmagic.core.AnointmentRegistrar:parseDefinition:133]: Attempting to load Anointment: union:/C:/Users/Nuril/curseforge/minecraft/Instances/All%20the%20Mods%209%20-%20To%20the%20Sky%20-%20atm9sky/mods/bloodmagic-1.20.1-3.3.3-45.jar%23509!/data/bloodmagic/anointment/holy_water.json, path: /data/bloodmagic/anointment/holy_water.json
[00:07:15] [Render thread/INFO]: [wayoftime.bloodmagic.core.AnointmentRegistrar:parseDefinition:133]: Attempting to load Anointment: union:/C:/Users/Nuril/curseforge/minecraft/Instances/All%20the%20Mods%209%20-%20To%20the%20Sky%20-%20atm9sky/mods/bloodmagic-1.20.1-3.3.3-45.jar%23509!/data/bloodmagic/anointment/hidden_knowledge.json, path: /data/bloodmagic/anointment/hidden_knowledge.json
[00:07:15] [Render thread/INFO]: [wayoftime.bloodmagic.core.AnointmentRegistrar:parseDefinition:133]: Attempting to load Anointment: union:/C:/Users/Nuril/curseforge/minecraft/Instances/All%20the%20Mods%209%20-%20To%20the%20Sky%20-%20atm9sky/mods/bloodmagic-1.20.1-3.3.3-45.jar%23509!/data/bloodmagic/anointment/quick_draw.json, path: /data/bloodmagic/anointment/quick_draw.json
[00:07:15] [Render thread/INFO]: [wayoftime.bloodmagic.core.AnointmentRegistrar:parseDefinition:133]: Attempting to load Anointment: union:/C:/Users/Nuril/curseforge/minecraft/Instances/All%20the%20Mods%209%20-%20To%20the%20Sky%20-%20atm9sky/mods/bloodmagic-1.20.1-3.3.3-45.jar%23509!/data/bloodmagic/anointment/bow_power.json, path: /data/bloodmagic/anointment/bow_power.json
[00:07:15] [Render thread/INFO]: [wayoftime.bloodmagic.core.AnointmentRegistrar:parseDefinition:133]: Attempting to load Anointment: union:/C:/Users/Nuril/curseforge/minecraft/Instances/All%20the%20Mods%209%20-%20To%20the%20Sky%20-%20atm9sky/mods/bloodmagic-1.20.1-3.3.3-45.jar%23509!/data/bloodmagic/anointment/bow_velocity.json, path: /data/bloodmagic/anointment/bow_velocity.json
[00:07:15] [Render thread/INFO]: [wayoftime.bloodmagic.core.AnointmentRegistrar:parseDefinition:133]: Attempting to load Anointment: union:/C:/Users/Nuril/curseforge/minecraft/Instances/All%20the%20Mods%209%20-%20To%20the%20Sky%20-%20atm9sky/mods/bloodmagic-1.20.1-3.3.3-45.jar%23509!/data/bloodmagic/anointment/repairing.json, path: /data/bloodmagic/anointment/repairing.json
[00:07:15] [Render thread/INFO]: [wayoftime.bloodmagic.core.LivingArmorRegistrar:parseDefinition:228]: Attempting to load Living Armour Upgrade: union:/C:/Users/Nuril/curseforge/minecraft/Instances/All%20the%20Mods%209%20-%20To%20the%20Sky%20-%20atm9sky/mods/bloodmagic-1.20.1-3.3.3-45.jar%23509!/data/bloodmagic/living_armor/arrow_protect.json, path: /data/bloodmagic/living_armor/arrow_protect.json
[00:07:15] [Render thread/INFO]: [wayoftime.bloodmagic.core.LivingArmorRegistrar:parseDefinition:228]: Attempting to load Living Armour Upgrade: union:/C:/Users/Nuril/curseforge/minecraft/Instances/All%20the%20Mods%209%20-%20To%20the%20Sky%20-%20atm9sky/mods/bloodmagic-1.20.1-3.3.3-45.jar%23509!/data/bloodmagic/living_armor/fall_protect.json, path: /data/bloodmagic/living_armor/fall_protect.json
[00:07:15] [Render thread/INFO]: [wayoftime.bloodmagic.core.LivingArmorRegistrar:parseDefinition:228]: Attempting to load Living Armour Upgrade: union:/C:/Users/Nuril/curseforge/minecraft/Instances/All%20the%20Mods%209%20-%20To%20the%20Sky%20-%20atm9sky/mods/bloodmagic-1.20.1-3.3.3-45.jar%23509!/data/bloodmagic/living_armor/physical_protect.json, path: /data/bloodmagic/living_armor/physical_protect.json
[00:07:15] [Render thread/INFO]: [wayoftime.bloodmagic.core.LivingArmorRegistrar:parseDefinition:228]: Attempting to load Living Armour Upgrade: union:/C:/Users/Nuril/curseforge/minecraft/Instances/All%20the%20Mods%209%20-%20To%20the%20Sky%20-%20atm9sky/mods/bloodmagic-1.20.1-3.3.3-45.jar%23509!/data/bloodmagic/living_armor/jump.json, path: /data/bloodmagic/living_armor/jump.json
[00:07:15] [Render thread/INFO]: [wayoftime.bloodmagic.core.LivingArmorRegistrar:parseDefinition:228]: Attempting to load Living Armour Upgrade: union:/C:/Users/Nuril/curseforge/minecraft/Instances/All%20the%20Mods%209%20-%20To%20the%20Sky%20-%20atm9sky/mods/bloodmagic-1.20.1-3.3.3-45.jar%23509!/data/bloodmagic/living_armor/health.json, path: /data/bloodmagic/living_armor/health.json
[00:07:15] [Render thread/INFO]: [wayoftime.bloodmagic.core.LivingArmorRegistrar:parseDefinition:228]: Attempting to load Living Armour Upgrade: union:/C:/Users/Nuril/curseforge/minecraft/Instances/All%20the%20Mods%209%20-%20To%20the%20Sky%20-%20atm9sky/mods/bloodmagic-1.20.1-3.3.3-45.jar%23509!/data/bloodmagic/living_armor/experienced.json, path: /data/bloodmagic/living_armor/experienced.json
[00:07:15] [Render thread/INFO]: [wayoftime.bloodmagic.core.LivingArmorRegistrar:parseDefinition:228]: Attempting to load Living Armour Upgrade: union:/C:/Users/Nuril/curseforge/minecraft/Instances/All%20the%20Mods%209%20-%20To%20the%20Sky%20-%20atm9sky/mods/bloodmagic-1.20.1-3.3.3-45.jar%23509!/data/bloodmagic/living_armor/sprint_attack.json, path: /data/bloodmagic/living_armor/sprint_attack.json
[00:07:15] [Render thread/INFO]: [wayoftime.bloodmagic.core.LivingArmorRegistrar:parseDefinition:228]: Attempting to load Living Armour Upgrade: union:/C:/Users/Nuril/curseforge/minecraft/Instances/All%20the%20Mods%209%20-%20To%20the%20Sky%20-%20atm9sky/mods/bloodmagic-1.20.1-3.3.3-45.jar%23509!/data/bloodmagic/living_armor/self_sacrifice.json, path: /data/bloodmagic/living_armor/self_sacrifice.json
[00:07:15] [Render thread/INFO]: [wayoftime.bloodmagic.core.LivingArmorRegistrar:parseDefinition:228]: Attempting to load Living Armour Upgrade: union:/C:/Users/Nuril/curseforge/minecraft/Instances/All%20the%20Mods%209%20-%20To%20the%20Sky%20-%20atm9sky/mods/bloodmagic-1.20.1-3.3.3-45.jar%23509!/data/bloodmagic/living_armor/speed.json, path: /data/bloodmagic/living_armor/speed.json
[00:07:15] [Render thread/INFO]: [wayoftime.bloodmagic.core.LivingArmorRegistrar:parseDefinition:228]: Attempting to load Living Armour Upgrade: union:/C:/Users/Nuril/curseforge/minecraft/Instances/All%20the%20Mods%209%20-%20To%20the%20Sky%20-%20atm9sky/mods/bloodmagic-1.20.1-3.3.3-45.jar%23509!/data/bloodmagic/living_armor/poison_resist.json, path: /data/bloodmagic/living_armor/poison_resist.json
[00:07:15] [Render thread/INFO]: [wayoftime.bloodmagic.core.LivingArmorRegistrar:parseDefinition:228]: Attempting to load Living Armour Upgrade: union:/C:/Users/Nuril/curseforge/minecraft/Instances/All%20the%20Mods%209%20-%20To%20the%20Sky%20-%20atm9sky/mods/bloodmagic-1.20.1-3.3.3-45.jar%23509!/data/bloodmagic/living_armor/fire_resist.json, path: /data/bloodmagic/living_armor/fire_resist.json
[00:07:15] [Render thread/INFO]: [wayoftime.bloodmagic.core.LivingArmorRegistrar:parseDefinition:228]: Attempting to load Living Armour Upgrade: union:/C:/Users/Nuril/curseforge/minecraft/Instances/All%20the%20Mods%209%20-%20To%20the%20Sky%20-%20atm9sky/mods/bloodmagic-1.20.1-3.3.3-45.jar%23509!/data/bloodmagic/living_armor/digging.json, path: /data/bloodmagic/living_armor/digging.json
[00:07:15] [Render thread/INFO]: [wayoftime.bloodmagic.core.LivingArmorRegistrar:parseDefinition:228]: Attempting to load Living Armour Upgrade: union:/C:/Users/Nuril/curseforge/minecraft/Instances/All%20the%20Mods%209%20-%20To%20the%20Sky%20-%20atm9sky/mods/bloodmagic-1.20.1-3.3.3-45.jar%23509!/data/bloodmagic/living_armor/knockback_resist.json, path: /data/bloodmagic/living_armor/knockback_resist.json
[00:07:15] [Render thread/INFO]: [wayoftime.bloodmagic.core.LivingArmorRegistrar:parseDefinition:228]: Attempting to load Living Armour Upgrade: union:/C:/Users/Nuril/curseforge/minecraft/Instances/All%20the%20Mods%209%20-%20To%20the%20Sky%20-%20atm9sky/mods/bloodmagic-1.20.1-3.3.3-45.jar%23509!/data/bloodmagic/living_armor/diamond_protect.json, path: /data/bloodmagic/living_armor/diamond_protect.json
[00:07:15] [Render thread/INFO]: [wayoftime.bloodmagic.core.LivingArmorRegistrar:parseDefinition:228]: Attempting to load Living Armour Upgrade: union:/C:/Users/Nuril/curseforge/minecraft/Instances/All%20the%20Mods%209%20-%20To%20the%20Sky%20-%20atm9sky/mods/bloodmagic-1.20.1-3.3.3-45.jar%23509!/data/bloodmagic/living_armor/elytra.json, path: /data/bloodmagic/living_armor/elytra.json
[00:07:15] [Render thread/INFO]: [wayoftime.bloodmagic.core.LivingArmorRegistrar:parseDefinition:228]: Attempting to load Living Armour Upgrade: union:/C:/Users/Nuril/curseforge/minecraft/Instances/All%20the%20Mods%209%20-%20To%20the%20Sky%20-%20atm9sky/mods/bloodmagic-1.20.1-3.3.3-45.jar%23509!/data/bloodmagic/living_armor/curios_socket.json, path: /data/bloodmagic/living_armor/curios_socket.json
[00:07:15] [Render thread/INFO]: [wayoftime.bloodmagic.core.LivingArmorRegistrar:parseDefinition:228]: Attempting to load Living Armour Upgrade: union:/C:/Users/Nuril/curseforge/minecraft/Instances/All%20the%20Mods%209%20-%20To%20the%20Sky%20-%20atm9sky/mods/bloodmagic-1.20.1-3.3.3-45.jar%23509!/data/bloodmagic/living_armor/melee_damage.json, path: /data/bloodmagic/living_armor/melee_damage.json
[00:07:15] [Render thread/INFO]: [wayoftime.bloodmagic.core.LivingArmorRegistrar:parseDefinition:228]: Attempting to load Living Armour Upgrade: union:/C:/Users/Nuril/curseforge/minecraft/Instances/All%20the%20Mods%209%20-%20To%20the%20Sky%20-%20atm9sky/mods/bloodmagic-1.20.1-3.3.3-45.jar%23509!/data/bloodmagic/living_armor/repair.json, path: /data/bloodmagic/living_armor/repair.json
[00:07:15] [Render thread/INFO]: [wayoftime.bloodmagic.core.LivingArmorRegistrar:parseDefinition:228]: Attempting to load Living Armour Upgrade: union:/C:/Users/Nuril/curseforge/minecraft/Instances/All%20the%20Mods%209%20-%20To%20the%20Sky%20-%20atm9sky/mods/bloodmagic-1.20.1-3.3.3-45.jar%23509!/data/bloodmagic/living_armor/gilded.json, path: /data/bloodmagic/living_armor/gilded.json
[00:07:15] [Render thread/INFO]: [wayoftime.bloodmagic.core.LivingArmorRegistrar:parseDefinition:228]: Attempting to load Living Armour Upgrade: union:/C:/Users/Nuril/curseforge/minecraft/Instances/All%20the%20Mods%209%20-%20To%20the%20Sky%20-%20atm9sky/mods/bloodmagic-1.20.1-3.3.3-45.jar%23509!/data/bloodmagic/living_armor/downgrade/quenched.json, path: /data/bloodmagic/living_armor/downgrade/quenched.json
[00:07:15] [Render thread/INFO]: [wayoftime.bloodmagic.core.LivingArmorRegistrar:parseDefinition:228]: Attempting to load Living Armour Upgrade: union:/C:/Users/Nuril/curseforge/minecraft/Instances/All%20the%20Mods%209%20-%20To%20the%20Sky%20-%20atm9sky/mods/bloodmagic-1.20.1-3.3.3-45.jar%23509!/data/bloodmagic/living_armor/downgrade/storm_trooper.json, path: /data/bloodmagic/living_armor/downgrade/storm_trooper.json
[00:07:15] [Render thread/INFO]: [wayoftime.bloodmagic.core.LivingArmorRegistrar:parseDefinition:228]: Attempting to load Living Armour Upgrade: union:/C:/Users/Nuril/curseforge/minecraft/Instances/All%20the%20Mods%209%20-%20To%20the%20Sky%20-%20atm9sky/mods/bloodmagic-1.20.1-3.3.3-45.jar%23509!/data/bloodmagic/living_armor/downgrade/battle_hungry.json, path: /data/bloodmagic/living_armor/downgrade/battle_hungry.json
[00:07:15] [Render thread/INFO]: [wayoftime.bloodmagic.core.LivingArmorRegistrar:parseDefinition:228]: Attempting to load Living Armour Upgrade: union:/C:/Users/Nuril/curseforge/minecraft/Instances/All%20the%20Mods%209%20-%20To%20the%20Sky%20-%20atm9sky/mods/bloodmagic-1.20.1-3.3.3-45.jar%23509!/data/bloodmagic/living_armor/downgrade/melee_decrease.json, path: /data/bloodmagic/living_armor/downgrade/melee_decrease.json
[00:07:15] [Render thread/INFO]: [wayoftime.bloodmagic.core.LivingArmorRegistrar:parseDefinition:228]: Attempting to load Living Armour Upgrade: union:/C:/Users/Nuril/curseforge/minecraft/Instances/All%20the%20Mods%209%20-%20To%20the%20Sky%20-%20atm9sky/mods/bloodmagic-1.20.1-3.3.3-45.jar%23509!/data/bloodmagic/living_armor/downgrade/dig_slowdown.json, path: /data/bloodmagic/living_armor/downgrade/dig_slowdown.json
[00:07:15] [Render thread/INFO]: [wayoftime.bloodmagic.core.LivingArmorRegistrar:parseDefinition:228]: Attempting to load Living Armour Upgrade: union:/C:/Users/Nuril/curseforge/minecraft/Instances/All%20the%20Mods%209%20-%20To%20the%20Sky%20-%20atm9sky/mods/bloodmagic-1.20.1-3.3.3-45.jar%23509!/data/bloodmagic/living_armor/downgrade/slow_heal.json, path: /data/bloodmagic/living_armor/downgrade/slow_heal.json
[00:07:15] [Render thread/INFO]: [wayoftime.bloodmagic.core.LivingArmorRegistrar:parseDefinition:228]: Attempting to load Living Armour Upgrade: union:/C:/Users/Nuril/curseforge/minecraft/Instances/All%20the%20Mods%209%20-%20To%20the%20Sky%20-%20atm9sky/mods/bloodmagic-1.20.1-3.3.3-45.jar%23509!/data/bloodmagic/living_armor/downgrade/crippled_arm.json, path: /data/bloodmagic/living_armor/downgrade/crippled_arm.json
[00:07:15] [Render thread/INFO]: [wayoftime.bloodmagic.core.LivingArmorRegistrar:parseDefinition:228]: Attempting to load Living Armour Upgrade: union:/C:/Users/Nuril/curseforge/minecraft/Instances/All%20the%20Mods%209%20-%20To%20the%20Sky%20-%20atm9sky/mods/bloodmagic-1.20.1-3.3.3-45.jar%23509!/data/bloodmagic/living_armor/downgrade/swim_decrease.json, path: /data/bloodmagic/living_armor/downgrade/swim_decrease.json
[00:07:15] [Render thread/INFO]: [wayoftime.bloodmagic.core.LivingArmorRegistrar:parseDefinition:228]: Attempting to load Living Armour Upgrade: union:/C:/Users/Nuril/curseforge/minecraft/Instances/All%20the%20Mods%209%20-%20To%20the%20Sky%20-%20atm9sky/mods/bloodmagic-1.20.1-3.3.3-45.jar%23509!/data/bloodmagic/living_armor/downgrade/speed_decrease.json, path: /data/bloodmagic/living_armor/downgrade/speed_decrease.json
[00:07:16] [Render thread/WARN]: defineId called for: class com.klikli_dev.occultism.common.entity.spirit.DjinniEntity from class com.klikli_dev.occultism.common.entity.spirit.FoliotEntity
[00:07:16] [Render thread/INFO]: Replacing search trees with 'JEI' provider
[00:07:16] [Render thread/INFO]: Sorting datapack list to load data correctly.
[00:07:16] [Render thread/INFO]: Sorting datapack list to load data correctly.
[00:07:17] [Render thread/INFO]: Block color registration complete.
[00:07:17] [Render thread/INFO]: Block minecraft:water_cauldron had its color provider replaced and will not use per-vertex coloring
[00:07:17] [Render thread/INFO]: Item color registration complete.
[00:07:17] [Render thread/INFO]: Hardware information:
[00:07:17] [Render thread/INFO]: CPU: 16x AMD Ryzen 7 7735HS with Radeon Graphics 
[00:07:17] [Render thread/INFO]: GPU: AMD Radeon(TM) Graphics (Supports OpenGL 4.6.0 Core Profile Context 25.6.1.250522)
[00:07:17] [Render thread/INFO]: OS: Windows 11 (10.0)
[00:07:17] [Render thread/WARN]: Mod(s) [oculus] are modifying Embeddium class me.jellysquid.mods.sodium.client.render.vertex.VertexFormatDescriptionImpl, which may cause instability.
[00:07:17] [Render thread/WARN]: Mod(s) [oculus] are modifying Embeddium class me.jellysquid.mods.sodium.client.render.vertex.buffer.SodiumBufferBuilder, which may cause instability.
[00:07:17] [Render thread/WARN]: Mod(s) [oculus] are modifying Embeddium class me.jellysquid.mods.sodium.client.render.SodiumWorldRenderer, which may cause instability.
[00:07:17] [Render thread/INFO]: Registered Particle Factories
[00:07:17] [Finalizer/WARN]: One or more BufferBuilders have been leaked, ModernFix will attempt to correct this.
[00:07:17] [Render thread/INFO]: Patching FishingHook#catchingFish
[00:07:18] [Render thread/INFO]: [wayoftime.bloodmagic.client.key.KeyBindingBloodMagic:registerKeys:15]: registering keys
[00:07:18] [Render thread/INFO]: Reloading ResourceManager: vanilla, mod_resources, Moonlight Mods Dynamic Assets, builtin/add_xycraft_overrides_glass, builtin/add_xycraft_overrides_metal, builtin/add_xycraft_overrides_stone, KubeJS Resource Pack [assets], file/ForceCraft_Retextured.zip, file/SmoothFont_1.20.zip, packmenu
[00:07:19] [Render thread/INFO]: Generated runtime resources for 4 packs in a total of: 1089 ms
[00:07:19] [modloading-worker-0/WARN]: Configuration file C:\Users\Nuril\curseforge\minecraft\Instances\All the Mods 9 - To the Sky - atm9sky\config\balm-client.toml is not correct. Correcting
[00:07:19] [modloading-worker-0/WARN]: Incorrect key exampleEnum was corrected from null to its default, Hello. 
[00:07:19] [modloading-worker-0/WARN]: Incorrect key exampleInt was corrected from null to its default, 42. 
[00:07:19] [modloading-worker-0/WARN]: Incorrect key exampleIntList was corrected from null to its default, [12, 24]. 
[00:07:19] [modloading-worker-0/WARN]: Incorrect key exampleBoolean was corrected from null to its default, true. 
[00:07:19] [modloading-worker-0/WARN]: Incorrect key exampleString was corrected from null to its default, Hello World. 
[00:07:19] [modloading-worker-0/WARN]: Incorrect key exampleStringList was corrected from null to its default, [Hello, World]. 
[00:07:19] [modloading-worker-0/WARN]: Incorrect key exampleEnumList was corrected from null to its default, [Hello, World]. 
[00:07:19] [modloading-worker-0/WARN]: Incorrect key exampleResourceLocationSet was corrected from null to its default, [minecraft:dirt, minecraft:diamond]. 
[00:07:19] [modloading-worker-0/WARN]: Incorrect key exampleCategory was corrected from null to its default, SimpleCommentedConfig:{}. 
[00:07:19] [modloading-worker-0/WARN]: Incorrect key exampleCategory.innerField was corrected from null to its default, I am inside. 
[00:07:19] [modloading-worker-0/WARN]: Incorrect key exampleCategory.exampleFloat was corrected from null to its default, 42.84000015258789. 
[00:07:19] [modloading-worker-0/WARN]: Configuration file C:\Users\Nuril\curseforge\minecraft\Instances\All the Mods 9 - To the Sky - atm9sky\config\tombstone-client.toml is not correct. Correcting
[00:07:19] [modloading-worker-0/WARN]: Configuration file C:\Users\Nuril\curseforge\minecraft\Instances\All the Mods 9 - To the Sky - atm9sky\config\sfm-client.toml is not correct. Correcting
[00:07:19] [modloading-worker-0/WARN]: Incorrect key showLabelGunReminderOverlay was corrected from null to its default, true. 
[00:07:19] [Worker-ResourceReload-3/WARN]: File supplementaries:sounds/item/awning_bounce_1.ogg does not exist, cannot add it to event supplementaries:block.awning.bounce
[00:07:19] [modloading-worker-0/WARN]: Incorrect key showNetworkToolReminderOverlay was corrected from null to its default, true. 
[00:07:19] [Worker-ResourceReload-3/WARN]: File supplementaries:sounds/item/awning_bounce_2.ogg does not exist, cannot add it to event supplementaries:block.awning.bounce
[00:07:19] [modloading-worker-0/WARN]: Incorrect key showLineNumbers was corrected from false to its default, null. 
[00:07:19] [Worker-ResourceReload-3/WARN]: File supplementaries:sounds/item/awning_bounce_3.ogg does not exist, cannot add it to event supplementaries:block.awning.bounce
[00:07:19] [modloading-worker-0/WARN]: Configuration file C:\Users\Nuril\curseforge\minecraft\Instances\All the Mods 9 - To the Sky - atm9sky\config\sfm-client-program-editor.toml is not correct. Correcting
[00:07:19] [modloading-worker-0/WARN]: Incorrect key showLineNumbers was corrected from null to its default, true. 
[00:07:19] [modloading-worker-0/WARN]: Incorrect key intellisenseLevel was corrected from null to its default, OFF. 
[00:07:19] [modloading-worker-0/WARN]: Configuration file C:\Users\Nuril\curseforge\minecraft\Instances\All the Mods 9 - To the Sky - atm9sky\config\forge-client.toml is not correct. Correcting
[00:07:19] [modloading-worker-0/WARN]: Incorrect key client.allowMipmapLowering was corrected from null to its default, false. 
[00:07:19] [modloading-worker-0/WARN]: Configuration file C:\Users\Nuril\curseforge\minecraft\Instances\All the Mods 9 - To the Sky - atm9sky\config\flywheel-client.toml is not correct. Correcting
[00:07:19] [modloading-worker-0/WARN]: Incorrect key workerThreads was corrected from null to its default, -1. 
[00:07:19] [modloading-worker-0/WARN]: Incorrect key flw_backends was corrected from null to its default, SimpleCommentedConfig:{}. 
[00:07:19] [modloading-worker-0/WARN]: Incorrect key flw_backends.lightSmoothness was corrected from null to its default, SMOOTH. 
[00:07:19] [modloading-worker-0/WARN]: Incorrect key debugNormals was corrected from false to its default, null. 
[00:07:19] [modloading-worker-0/WARN]: Configuration file C:\Users\Nuril\curseforge\minecraft\Instances\All the Mods 9 - To the Sky - atm9sky\config\ponder-client.toml is not correct. Correcting
[00:07:19] [modloading-worker-0/WARN]: Incorrect key comfyReading was corrected from null to its default, false. 
[00:07:19] [modloading-worker-0/WARN]: Incorrect key editingMode was corrected from null to its default, false. 
[00:07:19] [modloading-worker-0/WARN]: Incorrect key placementAssist was corrected from null to its default, SimpleCommentedConfig:{}. 
[00:07:19] [modloading-worker-0/WARN]: Incorrect key placementAssist.indicatorType was corrected from null to its default, TEXTURE. 
[00:07:19] [modloading-worker-0/WARN]: Incorrect key placementAssist.indicatorScale was corrected from null to its default, 1.0. 
[00:07:19] [modloading-worker-0/WARN]: Configuration file C:\Users\Nuril\curseforge\minecraft\Instances\All the Mods 9 - To the Sky - atm9sky\config\keybindbundles-client.toml is not correct. Correcting
[00:07:19] [modloading-worker-0/WARN]: Incorrect key ignoreInvalidKeyChecks was corrected from null to its default, false. 
[00:07:19] [modloading-worker-0/INFO]: Loading colorfulhearts.toml config file
[00:07:19] [Worker-ResourceReload-7/INFO]: Found unifont_all_no_pua-15.0.06.hex, loading
[00:07:19] [modloading-worker-0/WARN]: Configuration file C:\Users\Nuril\curseforge\minecraft\Instances\All the Mods 9 - To the Sky - atm9sky\config\guideme.toml is not correct. Correcting
[00:07:19] [modloading-worker-0/WARN]: Incorrect key guides was corrected from null to its default, SimpleCommentedConfig:{}. 
[00:07:19] [modloading-worker-0/WARN]: Incorrect key guides.ignoreTranslatedGuides was corrected from null to its default, false. 
[00:07:19] [modloading-worker-0/WARN]: Incorrect key gui was corrected from null to its default, SimpleCommentedConfig:{}. 
[00:07:19] [modloading-worker-0/WARN]: Incorrect key gui.adaptiveScaling was corrected from null to its default, true. 
[00:07:19] [modloading-worker-0/WARN]: Incorrect key gui.fullWidthLayout was corrected from null to its default, true. 
[00:07:19] [modloading-worker-0/WARN]: Incorrect key debug was corrected from null to its default, SimpleCommentedConfig:{}. 
[00:07:19] [modloading-worker-0/WARN]: Incorrect key debug.showDebugGuiOverlays was corrected from null to its default, false. 
[00:07:19] [modloading-worker-0/WARN]: Configuration file C:\Users\Nuril\curseforge\minecraft\Instances\All the Mods 9 - To the Sky - atm9sky\config\create-client.toml is not correct. Correcting
[00:07:19] [modloading-worker-0/WARN]: Incorrect key client.enableTooltips was corrected from null to its default, true. 
[00:07:19] [modloading-worker-0/WARN]: Incorrect key client.enableOverstressedTooltip was corrected from null to its default, true. 
[00:07:19] [modloading-worker-0/WARN]: Incorrect key client.explainRenderErrors was corrected from null to its default, false. 
[00:07:19] [modloading-worker-0/WARN]: Incorrect key client.fanParticleDensity was corrected from null to its default, 0.5. 
[00:07:19] [modloading-worker-0/WARN]: Incorrect key client.filterItemRenderDistance was corrected from null to its default, 10.0. 
[00:07:19] [modloading-worker-0/WARN]: Incorrect key client.mainMenuConfigButtonOffsetX was corrected from null to its default, -4. 
[00:07:19] [modloading-worker-0/WARN]: Incorrect key client.ingameMenuConfigButtonOffsetX was corrected from null to its default, -4. 
[00:07:19] [modloading-worker-0/WARN]: Incorrect key client.ignoreFabulousWarning was corrected from null to its default, false. 
[00:07:19] [modloading-worker-0/WARN]: Incorrect key client.rotateWhenSeated was corrected from null to its default, true. 
[00:07:19] [modloading-worker-0/WARN]: Incorrect key client.fluidFogSettings was corrected from null to its default, SimpleCommentedConfig:{}. 
[00:07:19] [modloading-worker-0/WARN]: Incorrect key client.fluidFogSettings.honey was corrected from null to its default, 1.0. 
[00:07:19] [modloading-worker-0/WARN]: Incorrect key client.fluidFogSettings.chocolate was corrected from null to its default, 1.0. 
[00:07:19] [modloading-worker-0/WARN]: Incorrect key client.goggleOverlay was corrected from null to its default, SimpleCommentedConfig:{}. 
[00:07:19] [modloading-worker-0/WARN]: Incorrect key client.goggleOverlay.overlayOffsetX was corrected from null to its default, 20. 
[00:07:19] [modloading-worker-0/WARN]: Incorrect key client.goggleOverlay.overlayOffsetY was corrected from null to its default, 0. 
[00:07:19] [modloading-worker-0/WARN]: Incorrect key client.goggleOverlay.customColorsOverlay was corrected from null to its default, false. 
[00:07:19] [modloading-worker-0/WARN]: Incorrect key client.goggleOverlay.customBackgroundOverlay was corrected from null to its default, -267386864. 
[00:07:19] [modloading-worker-0/WARN]: Incorrect key client.goggleOverlay.customBorderTopOverlay was corrected from null to its default, 1347420415. 
[00:07:19] [modloading-worker-0/WARN]: Incorrect key client.goggleOverlay.customBorderBotOverlay was corrected from null to its default, 1344798847. 
[00:07:19] [modloading-worker-0/WARN]: Incorrect key client.sound was corrected from null to its default, SimpleCommentedConfig:{}. 
[00:07:19] [modloading-worker-0/WARN]: Incorrect key client.sound.enableAmbientSounds was corrected from null to its default, true. 
[00:07:19] [modloading-worker-0/WARN]: Incorrect key client.sound.ambientVolumeCap was corrected from null to its default, 0.10000000149011612. 
[00:07:19] [modloading-worker-0/WARN]: Incorrect key client.jeiIntegration was corrected from null to its default, SimpleCommentedConfig:{}. 
[00:07:19] [modloading-worker-0/WARN]: Incorrect key client.jeiIntegration.syncJeiSearch was corrected from null to its default, true. 
[00:07:19] [modloading-worker-0/WARN]: Incorrect key client.trains was corrected from null to its default, SimpleCommentedConfig:{}. 
[00:07:19] [modloading-worker-0/WARN]: Incorrect key client.trains.mountedZoomMultiplier was corrected from null to its default, 3.0. 
[00:07:19] [modloading-worker-0/WARN]: Incorrect key client.trains.showTrackGraphOnF3 was corrected from null to its default, false. 
[00:07:19] [modloading-worker-0/WARN]: Incorrect key client.trains.showExtendedTrackGraphOnF3 was corrected from null to its default, false. 
[00:07:19] [modloading-worker-0/WARN]: Incorrect key client.trains.showTrainMapOverlay was corrected from null to its default, true. 
[00:07:19] [modloading-worker-0/WARN]: Incorrect key client.trains.trainMapColorTheme was corrected from null to its default, RED. 
[00:07:19] [modloading-worker-0/WARN]: Configuration file C:\Users\Nuril\curseforge\minecraft\Instances\All the Mods 9 - To the Sky - atm9sky\config\integratedterminals-common.toml is not correct. Correcting
[00:07:19] [modloading-worker-0/WARN]: Incorrect key core.general.terminalStorageMaxTreePlanSize was corrected from null to its default, 64. 
[00:07:19] [modloading-worker-0/WARN]: Incorrect key core.general.terminalStorageDefaultToCraftingPlanTree was corrected from null to its default, false. 
[00:07:19] [modloading-worker-0/WARN]: Configuration file C:\Users\Nuril\curseforge\minecraft\Instances\All the Mods 9 - To the Sky - atm9sky\config\bcc-common.toml is not correct. Correcting
[00:07:19] [modloading-worker-0/WARN]: Configuration file C:\Users\Nuril\curseforge\minecraft\Instances\All the Mods 9 - To the Sky - atm9sky\config\exdeorum-common.toml is not correct. Correcting
[00:07:19] [modloading-worker-0/WARN]: Incorrect key common.preferred_tag_items was corrected from null to its default, SimpleCommentedConfig:{}. 
[00:07:19] [modloading-worker-0/WARN]: Incorrect key common.preferred_tag_items.preferred_aluminum_ore was corrected from null to its default, minecraft:air. 
[00:07:19] [modloading-worker-0/WARN]: Incorrect key common.preferred_tag_items.preferred_cobalt_ore was corrected from null to its default, tconstruct:cobalt_ore. 
[00:07:19] [modloading-worker-0/WARN]: Incorrect key common.preferred_tag_items.preferred_silver_ore was corrected from null to its default, minecraft:air. 
[00:07:19] [modloading-worker-0/WARN]: Incorrect key common.preferred_tag_items.preferred_lead_ore was corrected from null to its default, minecraft:air. 
[00:07:19] [modloading-worker-0/WARN]: Incorrect key common.preferred_tag_items.preferred_platinum_ore was corrected from null to its default, minecraft:air. 
[00:07:19] [modloading-worker-0/WARN]: Incorrect key common.preferred_tag_items.preferred_nickel_ore was corrected from null to its default, minecraft:air. 
[00:07:19] [modloading-worker-0/WARN]: Incorrect key common.preferred_tag_items.preferred_uranium_ore was corrected from null to its default, minecraft:air. 
[00:07:19] [modloading-worker-0/WARN]: Incorrect key common.preferred_tag_items.preferred_osmium_ore was corrected from null to its default, minecraft:air. 
[00:07:19] [modloading-worker-0/WARN]: Incorrect key common.preferred_tag_items.preferred_tin_ore was corrected from null to its default, minecraft:air. 
[00:07:19] [modloading-worker-0/WARN]: Incorrect key common.preferred_tag_items.preferred_zinc_ore was corrected from null to its default, minecraft:air. 
[00:07:19] [modloading-worker-0/WARN]: Incorrect key common.preferred_tag_items.preferred_iridium_ore was corrected from null to its default, minecraft:air. 
[00:07:19] [modloading-worker-0/WARN]: Incorrect key common.preferred_tag_items.preferred_thorium_ore was corrected from null to its default, minecraft:air. 
[00:07:19] [modloading-worker-0/WARN]: Incorrect key common.preferred_tag_items.preferred_magnesium_ore was corrected from null to its default, minecraft:air. 
[00:07:19] [modloading-worker-0/WARN]: Incorrect key common.preferred_tag_items.preferred_lithium_ore was corrected from null to its default, minecraft:air. 
[00:07:19] [modloading-worker-0/WARN]: Incorrect key common.preferred_tag_items.preferred_boron_ore was corrected from null to its default, minecraft:air. 
[00:07:19] [modloading-worker-0/WARN]: Incorrect key common.void_nether_generation was corrected from null to its default, true. 
[00:07:19] [modloading-worker-0/WARN]: Incorrect key common.void_end_generation was corrected from null to its default, true. 
[00:07:19] [modloading-worker-0/WARN]: Configuration file C:\Users\Nuril\curseforge\minecraft\Instances\All the Mods 9 - To the Sky - atm9sky\config\forgivingvoid-common.toml is not correct. Correcting
[00:07:19] [modloading-worker-0/WARN]: Configuration file C:\Users\Nuril\curseforge\minecraft\Instances\All the Mods 9 - To the Sky - atm9sky\config\balm-common.toml is not correct. Correcting
[00:07:20] [modloading-worker-0/WARN]: Incorrect key exampleResourceLocationSet was corrected from null to its default, [minecraft:dirt, minecraft:diamond]. 
[00:07:20] [modloading-worker-0/WARN]: Incorrect key exampleMultilineString was corrected from Hello World to its default, null. 
[00:07:20] [modloading-worker-0/WARN]: Configuration file C:\Users\Nuril\curseforge\minecraft\Instances\All the Mods 9 - To the Sky - atm9sky\config\tombstone-common.toml is not correct. Correcting
[00:07:20] [modloading-worker-0/WARN]: Incorrect key decorative_grave.chance_pray_reward was corrected from 30 to its default, null. 
[00:07:20] [modloading-worker-0/WARN]: Configuration file C:\Users\Nuril\curseforge\minecraft\Instances\All the Mods 9 - To the Sky - atm9sky\config\everlastingabilities-common.toml is not correct. Correcting
[00:07:20] [modloading-worker-0/WARN]: Incorrect key general was corrected from null to its default, SimpleCommentedConfig:{}. 
[00:07:20] [modloading-worker-0/WARN]: Incorrect key general.general was corrected from null to its default, SimpleCommentedConfig:{}. 
[00:07:20] [modloading-worker-0/WARN]: Incorrect key general.general.dropAbilitiesOnPlayerDeath was corrected from null to its default, 1. 
[00:07:20] [modloading-worker-0/WARN]: Incorrect key general.general.friendlyMobs was corrected from null to its default, [minecraft:armor_stand, minecraft:bat, minecraft:bee, minecraft:boat, minecraft:cat, minecraft:chicken, minecraft:cod, minecraft:cow, minecraft:donkey, minecraft:dolphin, minecraft:fox, minecraft:horse, minecraft:llama, minecraft:mule, minecraft:mooshroom, minecraft:ocelot, minecraft:panda, minecraft:parrot, minecraft:pig, minecraft:pufferfish, minecraft:polarbear, minecraft:rabbit, minecraft:salmon, minecraft:sheep, minecraft:squid, minecraft:trader_llama, minecraft:tropical_fish, minecraft:turtle, minecraft:egg, minecraft:bee, minecraft:villager, minecraft:iron_golem, minecraft:wandering_trader, minecraft:wolf, minecolonies:.*]. 
[00:07:20] [modloading-worker-0/WARN]: Incorrect key general.general.tickAbilities was corrected from null to its default, true. 
[00:07:20] [modloading-worker-0/WARN]: Incorrect key general.general.abilityXpMultiplier was corrected from null to its default, 10. 
[00:07:20] [modloading-worker-0/WARN]: Incorrect key general.general.showPotionEffectParticles was corrected from null to its default, false. 
[00:07:20] [modloading-worker-0/WARN]: Incorrect key general.general.showPlayerParticles was corrected from null to its default, false. 
[00:07:20] [modloading-worker-0/WARN]: Incorrect key general.general.showEntityParticles was corrected from null to its default, true. 
[00:07:20] [modloading-worker-0/WARN]: Incorrect key general.general.alwaysDropAbilities was corrected from null to its default, false. 
[00:07:20] [modloading-worker-0/WARN]: Incorrect key general.general.mobDropBlacklist was corrected from null to its default, []. 
[00:07:20] [modloading-worker-0/WARN]: Incorrect key general.general.mobAbilityChance was corrected from null to its default, 50. 
[00:07:20] [modloading-worker-0/WARN]: Incorrect key general.general.exhaustionPerAbilityTick was corrected from null to its default, 0.01. 
[00:07:20] [modloading-worker-0/WARN]: Incorrect key general.general.totemMaximumSpawnRarity was corrected from null to its default, 1. 
[00:07:20] [modloading-worker-0/WARN]: Incorrect key general.general.maxPlayerAbilities was corrected from null to its default, -1. 
[00:07:20] [modloading-worker-0/WARN]: Incorrect key core.ability_totem was corrected from null to its default, SimpleCommentedConfig:{}. 
[00:07:20] [modloading-worker-0/WARN]: Incorrect key core.ability_totem.totemCraftingCount was corrected from null to its default, 3. 
[00:07:20] [modloading-worker-0/WARN]: Incorrect key core.ability_totem.totemCraftingRarityIncreasePercent was corrected from null to its default, 15. 
[00:07:20] [modloading-worker-0/WARN]: Configuration file C:\Users\Nuril\curseforge\minecraft\Instances\All the Mods 9 - To the Sky - atm9sky\config\farmingforblockheads-common.toml is not correct. Correcting
[00:07:20] [modloading-worker-0/INFO]: Executing phase CONFIG_LOAD for plugin class PatchouliPlugin
[00:07:20] [modloading-worker-0/INFO]: Executing phase CONFIG_LOAD for plugin class CuriosPlugin
[00:07:20] [modloading-worker-0/INFO]: Executing phase CONFIG_LOAD for plugin class PatchouliPlugin
[00:07:20] [modloading-worker-0/INFO]: Executing phase CONFIG_LOAD for plugin class CuriosPlugin
[00:07:20] [modloading-worker-0/INFO]: Executing phase CONFIG_LOAD for plugin class PatchouliPlugin
[00:07:20] [modloading-worker-0/INFO]: Executing phase CONFIG_LOAD for plugin class CuriosPlugin
[00:07:20] [modloading-worker-0/WARN]: Configuration file C:\Users\Nuril\curseforge\minecraft\Instances\All the Mods 9 - To the Sky - atm9sky\config\crystalix-common.toml is not correct. Correcting
[00:07:20] [modloading-worker-0/WARN]: Incorrect key max_wand_edit was corrected from null to its default, 512. 
[00:07:20] [modloading-worker-0/INFO]: Executing phase CONFIG_LOAD for plugin class PatchouliPlugin
[00:07:20] [modloading-worker-0/INFO]: Executing phase CONFIG_LOAD for plugin class CuriosPlugin
[00:07:20] [modloading-worker-0/INFO]: Executing phase CONFIG_LOAD for plugin class PatchouliPlugin
[00:07:20] [modloading-worker-0/INFO]: Executing phase CONFIG_LOAD for plugin class CuriosPlugin
[00:07:20] [modloading-worker-0/WARN]: Configuration file C:\Users\Nuril\curseforge\minecraft\Instances\All the Mods 9 - To the Sky - atm9sky\config\integrateddynamicscompat-common.toml is not correct. Correcting
[00:07:20] [modloading-worker-0/WARN]: Incorrect key core.general.reiHeuristicTags was corrected from null to its default, true. 
[00:07:20] [modloading-worker-0/WARN]: Configuration file C:\Users\Nuril\curseforge\minecraft\Instances\All the Mods 9 - To the Sky - atm9sky\config\integrateddynamics-common.toml is not correct. Correcting
[00:07:20] [modloading-worker-0/WARN]: Incorrect key machine.general.enchancementOffsetPartDropValue was corrected from null to its default, 4. 
[00:07:20] [modloading-worker-0/WARN]: Configuration file C:\Users\Nuril\curseforge\minecraft\Instances\All the Mods 9 - To the Sky - atm9sky\config\silentgear-common.toml is not correct. Correcting
[00:07:20] [modloading-worker-0/WARN]: Incorrect key item.repairKits was corrected from null to its default, SimpleCommentedConfig:{}. 
[00:07:20] [modloading-worker-0/WARN]: Incorrect key item.repairKits.capacity was corrected from null to its default, SimpleCommentedConfig:{}. 
[00:07:20] [modloading-worker-0/WARN]: Incorrect key item.repairKits.capacity.very_crude was corrected from null to its default, 8. 
[00:07:20] [modloading-worker-0/WARN]: Incorrect key item.repairKits.capacity.crude was corrected from null to its default, 16. 
[00:07:20] [modloading-worker-0/WARN]: Incorrect key item.repairKits.capacity.sturdy was corrected from null to its default, 32. 
[00:07:20] [modloading-worker-0/WARN]: Incorrect key item.repairKits.capacity.crimson was corrected from null to its default, 48. 
[00:07:20] [modloading-worker-0/WARN]: Incorrect key item.repairKits.capacity.azure was corrected from null to its default, 64. 
[00:07:20] [modloading-worker-0/WARN]: Incorrect key item.repairKits.efficiency was corrected from null to its default, SimpleCommentedConfig:{}. 
[00:07:20] [modloading-worker-0/WARN]: Incorrect key item.repairKits.efficiency.very_crude was corrected from null to its default, 0.30000001192092896. 
[00:07:20] [modloading-worker-0/WARN]: Incorrect key item.repairKits.efficiency.crude was corrected from null to its default, 0.3499999940395355. 
[00:07:20] [modloading-worker-0/WARN]: Incorrect key item.repairKits.efficiency.sturdy was corrected from null to its default, 0.4000000059604645. 
[00:07:20] [modloading-worker-0/WARN]: Incorrect key item.repairKits.efficiency.crimson was corrected from null to its default, 0.44999998807907104. 
[00:07:20] [modloading-worker-0/WARN]: Incorrect key item.repairKits.efficiency.azure was corrected from null to its default, 0.5. 
[00:07:20] [modloading-worker-0/WARN]: Incorrect key item.repairKits.efficiency.missing was corrected from null to its default, 0.0. 
[00:07:20] [modloading-worker-0/WARN]: Incorrect key item.netherwood_charcoal was corrected from null to its default, SimpleCommentedConfig:{}. 
[00:07:20] [modloading-worker-0/WARN]: Incorrect key item.netherwood_charcoal.burn_time was corrected from null to its default, 2400. 
[00:07:20] [modloading-worker-0/WARN]: Incorrect key nerfedItems was corrected from null to its default, SimpleCommentedConfig:{}. 
[00:07:20] [modloading-worker-0/WARN]: Incorrect key nerfedItems.enabled was corrected from null to its default, false. 
[00:07:20] [modloading-worker-0/WARN]: Incorrect key nerfedItems.durabilityMultiplier was corrected from null to its default, 0.05. 
[00:07:20] [modloading-worker-0/WARN]: Incorrect key nerfedItems.harvestSpeedMultiplier was corrected from null to its default, 0.5. 
[00:07:20] [modloading-worker-0/WARN]: Incorrect key nerfedItems.items was corrected from null to its default, [diamond_axe, iron_axe, golden_axe, stone_axe, wooden_axe, diamond_hoe, iron_hoe, golden_hoe, stone_hoe, wooden_hoe, diamond_pickaxe, iron_pickaxe, golden_pickaxe, stone_pickaxe, wooden_pickaxe, diamond_shovel, iron_shovel, golden_shovel, stone_shovel, wooden_shovel, diamond_sword, iron_sword, golden_sword, stone_sword, wooden_sword]. 
[00:07:20] [modloading-worker-0/WARN]: Incorrect key sinew was corrected from null to its default, SimpleCommentedConfig:{}. 
[00:07:20] [modloading-worker-0/WARN]: Incorrect key sinew.dropRate was corrected from null to its default, 0.2. 
[00:07:20] [modloading-worker-0/WARN]: Incorrect key sinew.dropsFrom was corrected from null to its default, [minecraft:cow, minecraft:pig, minecraft:sheep]. 
[00:07:20] [modloading-worker-0/WARN]: Incorrect key gear was corrected from null to its default, SimpleCommentedConfig:{}. 
[00:07:20] [modloading-worker-0/WARN]: Incorrect key gear.allowLegacyMaterialMixing was corrected from null to its default, false. 
[00:07:20] [modloading-worker-0/WARN]: Incorrect key gear.allowConversionRecipes was corrected from null to its default, true. 
[00:07:20] [modloading-worker-0/WARN]: Incorrect key gear.sendBrokenMessage was corrected from null to its default, true. 
[00:07:20] [modloading-worker-0/WARN]: Incorrect key gear.damageFactorLevels was corrected from null to its default, 10. 
[00:07:20] [modloading-worker-0/WARN]: Incorrect key gear.breaksPermanently was corrected from null to its default, false. 
[00:07:20] [modloading-worker-0/WARN]: Incorrect key gear.dummyToolTier was corrected from null to its default, WOOD. 
[00:07:20] [modloading-worker-0/WARN]: Incorrect key gear.dummyArmorMaterial was corrected from null to its default, LEATHER. 
[00:07:20] [modloading-worker-0/WARN]: Incorrect key gear.enchanting was corrected from null to its default, SimpleCommentedConfig:{}. 
[00:07:20] [modloading-worker-0/WARN]: Incorrect key gear.enchanting.allowEnchanting was corrected from null to its default, true. 
[00:07:20] [modloading-worker-0/WARN]: Incorrect key gear.enchanting.forceRemoveEnchantments was corrected from null to its default, false. 
[00:07:20] [modloading-worker-0/WARN]: Incorrect key gear.prospector_hammer was corrected from null to its default, SimpleCommentedConfig:{}. 
[00:07:20] [modloading-worker-0/WARN]: Incorrect key gear.prospector_hammer.range was corrected from null to its default, 16. 
[00:07:20] [modloading-worker-0/WARN]: Incorrect key gear.saw was corrected from null to its default, SimpleCommentedConfig:{}. 
[00:07:20] [modloading-worker-0/WARN]: Incorrect key gear.saw.recursionDepth was corrected from null to its default, 200. 
[00:07:20] [modloading-worker-0/WARN]: Incorrect key gear.aoeTool was corrected from null to its default, SimpleCommentedConfig:{}. 
[00:07:20] [modloading-worker-0/WARN]: Incorrect key gear.aoeTool.matchMode was corrected from null to its default, SimpleCommentedConfig:{}. 
[00:07:20] [modloading-worker-0/WARN]: Incorrect key gear.aoeTool.matchMode.standard was corrected from null to its default, MODERATE. 
[00:07:20] [modloading-worker-0/WARN]: Incorrect key gear.aoeTool.matchMode.ores was corrected from null to its default, STRICT. 
[00:07:20] [modloading-worker-0/WARN]: Incorrect key gear.repairs was corrected from null to its default, SimpleCommentedConfig:{}. 
[00:07:20] [modloading-worker-0/WARN]: Incorrect key gear.repairs.anvilEffectiveness was corrected from null to its default, 0.5. 
[00:07:20] [modloading-worker-0/WARN]: Incorrect key gear.repairs.quickEffectiveness was corrected from null to its default, 0.35. 
[00:07:20] [modloading-worker-0/WARN]: Incorrect key gear.upgrades was corrected from null to its default, SimpleCommentedConfig:{}. 
[00:07:20] [modloading-worker-0/WARN]: Incorrect key gear.upgrades.applyInAnvilOnly was corrected from null to its default, false. 
[00:07:20] [modloading-worker-0/WARN]: Incorrect key gear.upgrades.destroySwappedParts was corrected from null to its default, false. 
[00:07:20] [modloading-worker-0/WARN]: Incorrect key materialGrader was corrected from null to its default, SimpleCommentedConfig:{}. 
[00:07:20] [modloading-worker-0/WARN]: Incorrect key materialGrader.median_grade was corrected from null to its default, C. 
[00:07:20] [modloading-worker-0/WARN]: Incorrect key materialGrader.standardDeviation was corrected from null to its default, 1.5. 
[00:07:20] [modloading-worker-0/WARN]: Incorrect key salvager was corrected from null to its default, SimpleCommentedConfig:{}. 
[00:07:20] [modloading-worker-0/WARN]: Incorrect key salvager.partLossRate was corrected from null to its default, SimpleCommentedConfig:{}. 
[00:07:20] [modloading-worker-0/WARN]: Incorrect key salvager.partLossRate.min was corrected from null to its default, 0.0. 
[00:07:20] [modloading-worker-0/WARN]: Incorrect key salvager.partLossRate.max was corrected from null to its default, 0.5. 
[00:07:20] [modloading-worker-0/WARN]: Incorrect key starlightCharger was corrected from null to its default, SimpleCommentedConfig:{}. 
[00:07:20] [modloading-worker-0/WARN]: Incorrect key starlightCharger.chargeRate was corrected from null to its default, 50. 
[00:07:20] [modloading-worker-0/WARN]: Incorrect key starlightCharger.maxCharge was corrected from null to its default, 1000000. 
[00:07:20] [modloading-worker-0/WARN]: Incorrect key debug was corrected from null to its default, SimpleCommentedConfig:{}. 
[00:07:20] [modloading-worker-0/WARN]: Incorrect key debug.logging was corrected from null to its default, SimpleCommentedConfig:{}. 
[00:07:20] [modloading-worker-0/WARN]: Incorrect key debug.logging.extraPartAndTraitInfo was corrected from null to its default, false. 
[00:07:20] [modloading-worker-0/WARN]: Incorrect key debug.logging.stats was corrected from null to its default, true. 
[00:07:20] [modloading-worker-0/WARN]: Incorrect key debug.logging.modelAndTexture was corrected from null to its default, false. 
[00:07:20] [modloading-worker-0/WARN]: Incorrect key debug.logging.worldGen was corrected from null to its default, true. 
[00:07:20] [modloading-worker-0/WARN]: Incorrect key other was corrected from null to its default, SimpleCommentedConfig:{}. 
[00:07:20] [modloading-worker-0/WARN]: Incorrect key other.showWipText was corrected from null to its default, true. 
[00:07:20] [modloading-worker-0/WARN]: Configuration file C:\Users\Nuril\curseforge\minecraft\Instances\All the Mods 9 - To the Sky - atm9sky\config\cookingforblockheads-common.toml is not correct. Correcting
[00:07:20] [modloading-worker-0/WARN]: Configuration file C:\Users\Nuril\curseforge\minecraft\Instances\All the Mods 9 - To the Sky - atm9sky\config\farmersdelight-common.toml is not correct. Correcting
[00:07:20] [modloading-worker-0/WARN]: Incorrect key world.genFDCropsOnVillageFarms was corrected from null to its default, true. 
[00:07:20] [modloading-worker-0/WARN]: Configuration file C:\Users\Nuril\curseforge\minecraft\Instances\All the Mods 9 - To the Sky - atm9sky\config\ars_nouveau-common.toml is not correct. Correcting
[00:07:20] [modloading-worker-0/WARN]: Incorrect key general.sylphManaCost was corrected from null to its default, 250. 
[00:07:20] [modloading-worker-0/WARN]: Incorrect key general.whirlisprigProgress was corrected from null to its default, 250. 
[00:07:20] [modloading-worker-0/WARN]: Incorrect key general.hunterHuntsAnimals was corrected from null to its default, false. 
[00:07:20] [modloading-worker-0/WARN]: Incorrect key general.stalkerHuntsAnimals was corrected from null to its default, false. 
[00:07:20] [modloading-worker-0/WARN]: Incorrect key general.defenderHuntsAnimals was corrected from null to its default, false. 
[00:07:20] [modloading-worker-0/WARN]: Incorrect key general.destructiveDiveBomb was corrected from null to its default, true. 
[00:07:20] [modloading-worker-0/WARN]: Incorrect key general.archwoodForest was corrected from null to its default, 2. 
[00:07:20] [modloading-worker-0/WARN]: Incorrect key general.bookwyrmLimit was corrected from null to its default, 8. 
[00:07:20] [modloading-worker-0/WARN]: Incorrect key drygmy_production was corrected from null to its default, SimpleCommentedConfig:{}. 
[00:07:20] [modloading-worker-0/WARN]: Incorrect key drygmy_production.drygmyManaCost was corrected from null to its default, 1000. 
[00:07:20] [modloading-worker-0/WARN]: Incorrect key drygmy_production.drygmyMaxProgress was corrected from null to its default, 20. 
[00:07:20] [modloading-worker-0/WARN]: Incorrect key drygmy_production.drygmyUniqueBonus was corrected from null to its default, 2. 
[00:07:20] [modloading-worker-0/WARN]: Incorrect key drygmy_production.drygmyBaseItems was corrected from null to its default, 1. 
[00:07:20] [modloading-worker-0/WARN]: Incorrect key drygmy_production.drygmyQuantityCap was corrected from null to its default, 5. 
[00:07:20] [modloading-worker-0/WARN]: Incorrect key item was corrected from null to its default, SimpleCommentedConfig:{}. 
[00:07:20] [modloading-worker-0/WARN]: Incorrect key item.spawnTomes was corrected from null to its default, true. 
[00:07:20] [modloading-worker-0/WARN]: Incorrect key item.jumpRingCost was corrected from null to its default, 30. 
[00:07:20] [modloading-worker-0/WARN]: Incorrect key block was corrected from null to its default, SimpleCommentedConfig:{}. 
[00:07:20] [modloading-worker-0/WARN]: Incorrect key block.melderInputCost was corrected from null to its default, 200. 
[00:07:20] [modloading-worker-0/WARN]: Incorrect key block.melderOutput was corrected from null to its default, 100. 
[00:07:20] [modloading-worker-0/WARN]: Incorrect key block.melderSourceCost was corrected from null to its default, 300. 
[00:07:20] [modloading-worker-0/WARN]: Incorrect key block.enchantedFlaskCap was corrected from null to its default, 255. 
[00:07:20] [modloading-worker-0/WARN]: Incorrect key debug was corrected from null to its default, SimpleCommentedConfig:{}. 
[00:07:20] [modloading-worker-0/WARN]: Incorrect key debug.maxLogEvents was corrected from null to its default, 100. 
[00:07:20] [Worker-ResourceReload-0/INFO]: Loaded 4 essence vessel colors in 32 ms
[00:07:20] [modloading-worker-0/WARN]: Configuration file C:\Users\Nuril\curseforge\minecraft\Instances\All the Mods 9 - To the Sky - atm9sky\config\integratedtunnels-common.toml is not correct. Correcting
[00:07:20] [modloading-worker-0/WARN]: Incorrect key core.general.inventoryUnchangedTickCount was corrected from null to its default, 3. 
[00:07:20] [modloading-worker-0/WARN]: Configuration file C:\Users\Nuril\curseforge\minecraft\Instances\All the Mods 9 - To the Sky - atm9sky\config\inventoryessentials-common.toml is not correct. Correcting
[00:07:20] [modloading-worker-0/WARN]: Incorrect key bulkTransferArmorSets was corrected from null to its default, true. 
[00:07:20] [modloading-worker-0/WARN]: Incorrect key whereDidTheConfigsGo was corrected from true to its default, null. 
[00:07:20] [modloading-worker-0/WARN]: Configuration file C:\Users\Nuril\curseforge\minecraft\Instances\All the Mods 9 - To the Sky - atm9sky\config\waystones-common.toml is not correct. Correcting
[00:07:20] [modloading-worker-0/WARN]: Configuration file C:\Users\Nuril\curseforge\minecraft\Instances\All the Mods 9 - To the Sky - atm9sky\config\moonlight-common.toml is not correct. Correcting
[00:07:20] [modloading-worker-0/WARN]: Incorrect key general was corrected from null to its default, SimpleCommentedConfig:{}. 
[00:07:20] [modloading-worker-0/WARN]: Incorrect key general.clear_dynamic_resources was corrected from null to its default, false. 
[00:07:20] [modloading-worker-0/WARN]: Configuration file C:\Users\Nuril\curseforge\minecraft\Instances\All the Mods 9 - To the Sky - atm9sky\config\expatternprovider-common.toml is not correct. Correcting
[00:07:20] [modloading-worker-0/WARN]: Incorrect key device.custom_oversize_interface_multiplier was corrected from null to its default, [appbot:mana 2, appflux:flux 4]. 
[00:07:20] [modloading-worker-0/WARN]: Incorrect key device.assembler_matrix_max_size was corrected from null to its default, 6. 
[00:07:20] [modloading-worker-0/WARN]: Incorrect key misc was corrected from null to its default, SimpleCommentedConfig:{}. 
[00:07:20] [modloading-worker-0/WARN]: Incorrect key misc.debug_mode was corrected from null to its default, false. 
[00:07:20] [Worker-ResourceReload-12/INFO]: Found and loaded EMC mapper: CraftingMapper, with priority 0
[00:07:20] [Worker-ResourceReload-12/INFO]: Found and loaded EMC mapper: CustomConversionMapper, with priority 0
[00:07:20] [Worker-ResourceReload-12/INFO]: Found and loaded EMC mapper: WeatheredCopperMapper, with priority 0
[00:07:20] [Worker-ResourceReload-12/INFO]: Found and loaded EMC mapper: TippedArrowMapper, with priority 0
[00:07:20] [Worker-ResourceReload-12/INFO]: Found and loaded EMC mapper: RawOresBlacklistMapper, with priority 0
[00:07:20] [Worker-ResourceReload-12/INFO]: Found and loaded EMC mapper: OresBlacklistMapper, with priority 0
[00:07:20] [Worker-ResourceReload-12/INFO]: Found and loaded EMC mapper: CustomEMCMapper, with priority 0
[00:07:20] [Worker-ResourceReload-12/INFO]: Found and loaded EMC mapper: BrewingMapper, with priority 0
[00:07:20] [Worker-ResourceReload-12/INFO]: Found and loaded EMC mapper: APICustomEMCMapper, with priority 0
[00:07:20] [Worker-ResourceReload-12/INFO]: Found and loaded EMC mapper: AE2P2PTunnels, with priority 0
[00:07:20] [Worker-ResourceReload-12/INFO]: Found and loaded EMC mapper: AE2FacadeMapper, with priority 0
[00:07:20] [Worker-ResourceReload-12/INFO]: Found and loaded EMC mapper: AE2MatterCondenser, with priority 0
[00:07:20] [Worker-ResourceReload-12/INFO]: Found and loaded RecipeType Mapper: VanillaRecipeTypes, with priority 0
[00:07:20] [Worker-ResourceReload-12/INFO]: Found and loaded RecipeType Mapper: Smithing, with priority 0
[00:07:20] [Worker-ResourceReload-12/INFO]: Found and loaded RecipeType Mapper: FallbackRecipeType, with priority -2147483648
[00:07:20] [Worker-ResourceReload-12/INFO]: Found and loaded RecipeType Mapper: MekSawmill, with priority 0
[00:07:20] [Worker-ResourceReload-12/INFO]: Found and loaded RecipeType Mapper: MekRotary, with priority 0
[00:07:20] [Worker-ResourceReload-12/INFO]: Found and loaded RecipeType Mapper: MekPressurizedReaction, with priority 0
[00:07:20] [Worker-ResourceReload-12/INFO]: Found and loaded RecipeType Mapper: MekPigmentMixer, with priority 0
[00:07:20] [Worker-ResourceReload-12/INFO]: Found and loaded RecipeType Mapper: MekPaintingMachine, with priority 0
[00:07:20] [Worker-ResourceReload-12/INFO]: Found and loaded RecipeType Mapper: MekMetallurgicInfuser, with priority 0
[00:07:20] [Worker-ResourceReload-12/INFO]: Found and loaded RecipeType Mapper: MekItemStackToPigment, with priority 0
[00:07:20] [Worker-ResourceReload-12/INFO]: Found and loaded RecipeType Mapper: MekItemStackToItemStack, with priority 0
[00:07:20] [Worker-ResourceReload-12/INFO]: Found and loaded RecipeType Mapper: MekItemStackToInfuseType, with priority 0
[00:07:20] [Worker-ResourceReload-12/INFO]: Found and loaded RecipeType Mapper: MekItemStackToGas, with priority 0
[00:07:20] [Worker-ResourceReload-7/INFO]: Registered packet handler.
[00:07:20] [Worker-ResourceReload-12/INFO]: Found and loaded RecipeType Mapper: MekItemStackGasToItemStack, with priority 0
[00:07:20] [Worker-ResourceReload-12/INFO]: Found and loaded RecipeType Mapper: MekGasToGas, with priority 0
[00:07:20] [Worker-ResourceReload-12/INFO]: Found and loaded RecipeType Mapper: MekFluidToFluid, with priority 0
[00:07:20] [Worker-ResourceReload-12/INFO]: Found and loaded RecipeType Mapper: MekFluidSlurryToSlurry, with priority 0
[00:07:20] [Worker-ResourceReload-12/INFO]: Found and loaded RecipeType Mapper: MekElectrolysis, with priority 0
[00:07:20] [Worker-ResourceReload-12/INFO]: Found and loaded RecipeType Mapper: MekCombiner, with priority 0
[00:07:20] [Worker-ResourceReload-12/INFO]: Found and loaded RecipeType Mapper: MekChemicalInfuser, with priority 0
[00:07:20] [Worker-ResourceReload-12/INFO]: Found and loaded RecipeType Mapper: MekDissolution, with priority 0
[00:07:20] [Worker-ResourceReload-12/INFO]: Found and loaded RecipeType Mapper: MekChemicalCrystallizer, with priority 0
[00:07:20] [Worker-ResourceReload-12/INFO]: Found and loaded RecipeType Mapper: AE2Transform, with priority 0
[00:07:20] [Worker-ResourceReload-12/INFO]: Found and loaded RecipeType Mapper: AE2Inscriber, with priority 0
[00:07:20] [Worker-ResourceReload-12/INFO]: Found and loaded RecipeType Mapper: AE2Charger, with priority 0
[00:07:20] [Worker-ResourceReload-5/INFO]: Executing phase COMMON_SETUP for plugin class PatchouliPlugin
[00:07:20] [Worker-ResourceReload-5/INFO]: Executing phase COMMON_SETUP for plugin class CuriosPlugin
[00:07:20] [Worker-ResourceReload-1/INFO]: Better Compatibility Checker setup
[00:07:20] [Worker-ResourceReload-12/INFO]: Found and loaded NBT Processor: StoredEMCProcessor, with priority 0
[00:07:20] [Worker-ResourceReload-12/INFO]: Found and loaded NBT Processor: EnchantmentProcessor, with priority 0
[00:07:20] [Worker-ResourceReload-12/INFO]: Found and loaded NBT Processor: DecoratedPotProcessor, with priority 0
[00:07:20] [Worker-ResourceReload-12/INFO]: Found and loaded NBT Processor: DamageProcessor, with priority 2147483647
[00:07:20] [Worker-ResourceReload-1/INFO]: ConstructionWand says hello - may the odds be ever in your favor.
[00:07:20] [Worker-ResourceReload-12/INFO]: Found and loaded NBT Processor: ArmorTrimProcessor, with priority 0
[00:07:20] [Worker-ResourceReload-12/INFO]: Found and loaded NBT Processor: MekanismContentsProcessor, with priority 0
[00:07:20] [Worker-ResourceReload-12/INFO]: Found and loaded NBT Processor: AE2InventoryItemProcessor, with priority 0
[00:07:20] [Worker-ResourceReload-12/INFO]: PneumaticCraft: Repressurized is loading!
[00:07:20] [Worker-ResourceReload-12/INFO]: Making item: air_canister compatible with Holding enchantment.
[00:07:20] [Worker-ResourceReload-12/INFO]: Making item: reinforced_air_canister compatible with Holding enchantment.
[00:07:20] [Worker-ResourceReload-12/INFO]: Making item: vortex_cannon compatible with Holding enchantment.
[00:07:20] [Worker-ResourceReload-12/INFO]: Making item: pneumatic_wrench compatible with Holding enchantment.
[00:07:20] [Worker-ResourceReload-12/INFO]: Making item: manometer compatible with Holding enchantment.
[00:07:20] [Worker-ResourceReload-12/INFO]: Making item: logistics_configurator compatible with Holding enchantment.
[00:07:20] [Worker-ResourceReload-12/INFO]: Making item: amadron_tablet compatible with Holding enchantment.
[00:07:20] [Worker-ResourceReload-12/INFO]: Making item: minigun compatible with Holding enchantment.
[00:07:20] [Worker-ResourceReload-12/INFO]: Making item: camo_applicator compatible with Holding enchantment.
[00:07:20] [Worker-ResourceReload-12/INFO]: Making item: jackhammer compatible with Holding enchantment.
[00:07:20] [Worker-ResourceReload-12/INFO]: Making item: pneumatic_helmet compatible with Holding enchantment.
[00:07:20] [Worker-ResourceReload-12/INFO]: Making item: pneumatic_chestplate compatible with Holding enchantment.
[00:07:20] [Worker-ResourceReload-12/INFO]: Making item: pneumatic_leggings compatible with Holding enchantment.
[00:07:20] [Worker-ResourceReload-12/INFO]: Making item: pneumatic_boots compatible with Holding enchantment.
[00:07:20] [Worker-ResourceReload-12/INFO]: Making item: drone compatible with Holding enchantment.
[00:07:20] [Worker-ResourceReload-12/INFO]: Making item: logistics_drone compatible with Holding enchantment.
[00:07:20] [Worker-ResourceReload-12/INFO]: Making item: harvesting_drone compatible with Holding enchantment.
[00:07:20] [Worker-ResourceReload-12/INFO]: Making item: guard_drone compatible with Holding enchantment.
[00:07:20] [Worker-ResourceReload-12/INFO]: Making item: collector_drone compatible with Holding enchantment.
[00:07:20] [Worker-ResourceReload-1/INFO]: Botania integration added
[00:07:20] [Worker-ResourceReload-2/WARN]: Unused frames in sprite refinedstorage:block/destructor/cutouts/connected: [20, 21, 22, 23]
[00:07:20] [Forge Version Check/INFO]: Global Forge version check system disabled, no further processing.
[00:07:20] [Worker-ResourceReload-2/WARN]: Unused frames in sprite enderio:block/primitive_alloy_smelter_front_active: [4, 5]
[00:07:21] [Worker-ResourceReload-11/INFO]: [voicechat] Compatibility version 18
[00:07:21] [Worker-ResourceReload-2/WARN]: Invalid frame index on sprite allthetweaks:item/nexium_emitter frame 1: 1
[00:07:21] [Worker-ResourceReload-2/WARN]: Invalid frame index on sprite allthetweaks:item/nexium_emitter frame 2: 2
[00:07:21] [Worker-ResourceReload-2/WARN]: Invalid frame index on sprite allthetweaks:item/nexium_emitter frame 3: 1
[00:07:21] [Worker-ResourceReload-7/INFO]: Loading MythicBotany
[00:07:21] [Immersive Engineering Contributors Thread/INFO]: Attempting to download special revolvers from GitHub
[00:07:21] [Worker-ResourceReload-5/INFO]: Registered packet handler.
[00:07:21] [Render thread/INFO]: Loaded 1972 emojis
[00:07:21] [Render thread/INFO]: Client resource reload complete!
[00:07:21] [Worker-ResourceReload-11/INFO]: [voicechat] Loading plugins
[00:07:21] [Worker-ResourceReload-11/INFO]: [voicechat] Loaded 1 plugin(s)
[00:07:21] [Worker-ResourceReload-11/INFO]: [voicechat] Initializing plugins
[00:07:21] [Worker-ResourceReload-11/INFO]: Initializing Simple Voice Chat integration
[00:07:21] [Worker-ResourceReload-11/INFO]: [voicechat] Initialized 1 plugin(s)
[00:07:21] [Worker-ResourceReload-11/INFO]: [voicechat] Registering events for 'sound_physics_remastered'
[00:07:21] [Worker-ResourceReload-4/WARN]: Unable to read property: west with value: none for blockstate: {Name:"mcwfences:sandstone_grass_topped_wall",Properties:{east:"low",north:"none",south:"low",up:"true",waterlogged:"false",west:"none"}}
[00:07:21] [Worker-ResourceReload-4/WARN]: Unable to read property: east with value: low for blockstate: {Name:"mcwfences:sandstone_grass_topped_wall",Properties:{east:"low",north:"none",south:"low",up:"true",waterlogged:"false",west:"none"}}
[00:07:21] [Worker-ResourceReload-4/WARN]: Unable to read property: south with value: low for blockstate: {Name:"mcwfences:sandstone_grass_topped_wall",Properties:{east:"low",north:"none",south:"low",up:"true",waterlogged:"false",west:"none"}}
[00:07:21] [Worker-ResourceReload-4/WARN]: Unable to read property: north with value: none for blockstate: {Name:"mcwfences:sandstone_grass_topped_wall",Properties:{east:"low",north:"none",south:"low",up:"true",waterlogged:"false",west:"none"}}
[00:07:21] [Worker-ResourceReload-4/WARN]: Unable to read property: west with value: none for blockstate: {Name:"mcwfences:sandstone_grass_topped_wall",Properties:{east:"none",north:"low",south:"low",up:"false",waterlogged:"false",west:"none"}}
[00:07:21] [Worker-ResourceReload-4/WARN]: Unable to read property: east with value: none for blockstate: {Name:"mcwfences:sandstone_grass_topped_wall",Properties:{east:"none",north:"low",south:"low",up:"false",waterlogged:"false",west:"none"}}
[00:07:21] [Worker-ResourceReload-4/WARN]: Unable to read property: south with value: low for blockstate: {Name:"mcwfences:sandstone_grass_topped_wall",Properties:{east:"none",north:"low",south:"low",up:"false",waterlogged:"false",west:"none"}}
[00:07:21] [Worker-ResourceReload-4/WARN]: Unable to read property: north with value: low for blockstate: {Name:"mcwfences:sandstone_grass_topped_wall",Properties:{east:"none",north:"low",south:"low",up:"false",waterlogged:"false",west:"none"}}
[00:07:21] [Worker-ResourceReload-4/WARN]: Unable to read property: west with value: none for blockstate: {Name:"mcwfences:sandstone_grass_topped_wall",Properties:{east:"low",north:"low",south:"low",up:"true",waterlogged:"false",west:"none"}}
[00:07:21] [Worker-ResourceReload-4/WARN]: Unable to read property: east with value: low for blockstate: {Name:"mcwfences:sandstone_grass_topped_wall",Properties:{east:"low",north:"low",south:"low",up:"true",waterlogged:"false",west:"none"}}
[00:07:21] [Worker-ResourceReload-4/WARN]: Unable to read property: south with value: low for blockstate: {Name:"mcwfences:sandstone_grass_topped_wall",Properties:{east:"low",north:"low",south:"low",up:"true",waterlogged:"false",west:"none"}}
[00:07:21] [Worker-ResourceReload-4/WARN]: Unable to read property: north with value: low for blockstate: {Name:"mcwfences:sandstone_grass_topped_wall",Properties:{east:"low",north:"low",south:"low",up:"true",waterlogged:"false",west:"none"}}
[00:07:21] [Worker-ResourceReload-4/WARN]: Unable to read property: west with value: none for blockstate: {Name:"mcwfences:sandstone_grass_topped_wall",Properties:{east:"low",north:"low",south:"none",up:"true",waterlogged:"false",west:"none"}}
[00:07:21] [Worker-ResourceReload-4/WARN]: Unable to read property: east with value: low for blockstate: {Name:"mcwfences:sandstone_grass_topped_wall",Properties:{east:"low",north:"low",south:"none",up:"true",waterlogged:"false",west:"none"}}
[00:07:21] [Worker-ResourceReload-4/WARN]: Unable to read property: south with value: none for blockstate: {Name:"mcwfences:sandstone_grass_topped_wall",Properties:{east:"low",north:"low",south:"none",up:"true",waterlogged:"false",west:"none"}}
[00:07:21] [Worker-ResourceReload-4/WARN]: Unable to read property: north with value: low for blockstate: {Name:"mcwfences:sandstone_grass_topped_wall",Properties:{east:"low",north:"low",south:"none",up:"true",waterlogged:"false",west:"none"}}
[00:07:21] [Worker-ResourceReload-4/WARN]: Unable to read property: west with value: low for blockstate: {Name:"mcwfences:sandstone_grass_topped_wall",Properties:{east:"low",north:"low",south:"none",up:"true",waterlogged:"false",west:"low"}}
[00:07:21] [Worker-ResourceReload-4/WARN]: Unable to read property: east with value: low for blockstate: {Name:"mcwfences:sandstone_grass_topped_wall",Properties:{east:"low",north:"low",south:"none",up:"true",waterlogged:"false",west:"low"}}
[00:07:21] [Worker-ResourceReload-4/WARN]: Unable to read property: south with value: none for blockstate: {Name:"mcwfences:sandstone_grass_topped_wall",Properties:{east:"low",north:"low",south:"none",up:"true",waterlogged:"false",west:"low"}}
[00:07:21] [Worker-ResourceReload-4/WARN]: Unable to read property: north with value: low for blockstate: {Name:"mcwfences:sandstone_grass_topped_wall",Properties:{east:"low",north:"low",south:"none",up:"true",waterlogged:"false",west:"low"}}
[00:07:21] [Worker-ResourceReload-4/WARN]: Unable to read property: west with value: low for blockstate: {Name:"mcwfences:sandstone_grass_topped_wall",Properties:{east:"low",north:"none",south:"none",up:"false",waterlogged:"false",west:"low"}}
[00:07:21] [Worker-ResourceReload-4/WARN]: Unable to read property: east with value: low for blockstate: {Name:"mcwfences:sandstone_grass_topped_wall",Properties:{east:"low",north:"none",south:"none",up:"false",waterlogged:"false",west:"low"}}
[00:07:21] [Worker-ResourceReload-4/WARN]: Unable to read property: south with value: none for blockstate: {Name:"mcwfences:sandstone_grass_topped_wall",Properties:{east:"low",north:"none",south:"none",up:"false",waterlogged:"false",west:"low"}}
[00:07:21] [Worker-ResourceReload-4/WARN]: Unable to read property: north with value: none for blockstate: {Name:"mcwfences:sandstone_grass_topped_wall",Properties:{east:"low",north:"none",south:"none",up:"false",waterlogged:"false",west:"low"}}
[00:07:21] [Worker-ResourceReload-4/WARN]: Unable to read property: west with value: low for blockstate: {Name:"mcwfences:sandstone_grass_topped_wall",Properties:{east:"low",north:"none",south:"low",up:"true",waterlogged:"false",west:"low"}}
[00:07:21] [Worker-ResourceReload-4/WARN]: Unable to read property: east with value: low for blockstate: {Name:"mcwfences:sandstone_grass_topped_wall",Properties:{east:"low",north:"none",south:"low",up:"true",waterlogged:"false",west:"low"}}
[00:07:21] [Worker-ResourceReload-4/WARN]: Unable to read property: south with value: low for blockstate: {Name:"mcwfences:sandstone_grass_topped_wall",Properties:{east:"low",north:"none",south:"low",up:"true",waterlogged:"false",west:"low"}}
[00:07:21] [Worker-ResourceReload-4/WARN]: Unable to read property: north with value: none for blockstate: {Name:"mcwfences:sandstone_grass_topped_wall",Properties:{east:"low",north:"none",south:"low",up:"true",waterlogged:"false",west:"low"}}
[00:07:21] [Worker-ResourceReload-4/WARN]: Unable to read property: west with value: none for blockstate: {Name:"mcwfences:sandstone_grass_topped_wall",Properties:{east:"none",north:"none",south:"low",up:"true",waterlogged:"false",west:"none"}}
[00:07:21] [Worker-ResourceReload-4/WARN]: Unable to read property: east with value: none for blockstate: {Name:"mcwfences:sandstone_grass_topped_wall",Properties:{east:"none",north:"none",south:"low",up:"true",waterlogged:"false",west:"none"}}
[00:07:21] [Worker-ResourceReload-4/WARN]: Unable to read property: south with value: low for blockstate: {Name:"mcwfences:sandstone_grass_topped_wall",Properties:{east:"none",north:"none",south:"low",up:"true",waterlogged:"false",west:"none"}}
[00:07:21] [Worker-ResourceReload-4/WARN]: Unable to read property: north with value: none for blockstate: {Name:"mcwfences:sandstone_grass_topped_wall",Properties:{east:"none",north:"none",south:"low",up:"true",waterlogged:"false",west:"none"}}
[00:07:21] [Worker-ResourceReload-4/WARN]: Unable to read property: west with value: none for blockstate: {Name:"mcwfences:sandstone_grass_topped_wall",Properties:{east:"none",north:"low",south:"none",up:"true",waterlogged:"false",west:"none"}}
[00:07:21] [Worker-ResourceReload-4/WARN]: Unable to read property: east with value: none for blockstate: {Name:"mcwfences:sandstone_grass_topped_wall",Properties:{east:"none",north:"low",south:"none",up:"true",waterlogged:"false",west:"none"}}
[00:07:21] [Worker-ResourceReload-4/WARN]: Unable to read property: south with value: none for blockstate: {Name:"mcwfences:sandstone_grass_topped_wall",Properties:{east:"none",north:"low",south:"none",up:"true",waterlogged:"false",west:"none"}}
[00:07:21] [Worker-ResourceReload-4/WARN]: Unable to read property: north with value: low for blockstate: {Name:"mcwfences:sandstone_grass_topped_wall",Properties:{east:"none",north:"low",south:"none",up:"true",waterlogged:"false",west:"none"}}
[00:07:21] [Worker-ResourceReload-4/WARN]: Unable to read property: west with value: none for blockstate: {Name:"mcwfences:sandstone_grass_topped_wall",Properties:{east:"none",north:"none",south:"none",up:"true",waterlogged:"false",west:"none"}}
[00:07:21] [Worker-ResourceReload-4/WARN]: Unable to read property: east with value: none for blockstate: {Name:"mcwfences:sandstone_grass_topped_wall",Properties:{east:"none",north:"none",south:"none",up:"true",waterlogged:"false",west:"none"}}
[00:07:21] [Worker-ResourceReload-4/WARN]: Unable to read property: south with value: none for blockstate: {Name:"mcwfences:sandstone_grass_topped_wall",Properties:{east:"none",north:"none",south:"none",up:"true",waterlogged:"false",west:"none"}}
[00:07:21] [Worker-ResourceReload-4/WARN]: Unable to read property: north with value: none for blockstate: {Name:"mcwfences:sandstone_grass_topped_wall",Properties:{east:"none",north:"none",south:"none",up:"true",waterlogged:"false",west:"none"}}
[00:07:21] [Worker-ResourceReload-4/WARN]: Unable to read property: west with value: low for blockstate: {Name:"mcwfences:sandstone_grass_topped_wall",Properties:{east:"none",north:"low",south:"low",up:"true",waterlogged:"false",west:"low"}}
[00:07:21] [Worker-ResourceReload-4/WARN]: Unable to read property: east with value: none for blockstate: {Name:"mcwfences:sandstone_grass_topped_wall",Properties:{east:"none",north:"low",south:"low",up:"true",waterlogged:"false",west:"low"}}
[00:07:21] [Worker-ResourceReload-4/WARN]: Unable to read property: south with value: low for blockstate: {Name:"mcwfences:sandstone_grass_topped_wall",Properties:{east:"none",north:"low",south:"low",up:"true",waterlogged:"false",west:"low"}}
[00:07:21] [Worker-ResourceReload-4/WARN]: Unable to read property: north with value: low for blockstate: {Name:"mcwfences:sandstone_grass_topped_wall",Properties:{east:"none",north:"low",south:"low",up:"true",waterlogged:"false",west:"low"}}
[00:07:21] [Worker-ResourceReload-4/WARN]: Unable to read property: west with value: low for blockstate: {Name:"mcwfences:sandstone_grass_topped_wall",Properties:{east:"none",north:"none",south:"low",up:"true",waterlogged:"false",west:"low"}}
[00:07:21] [Worker-ResourceReload-4/WARN]: Unable to read property: east with value: none for blockstate: {Name:"mcwfences:sandstone_grass_topped_wall",Properties:{east:"none",north:"none",south:"low",up:"true",waterlogged:"false",west:"low"}}
[00:07:21] [Worker-ResourceReload-4/WARN]: Unable to read property: south with value: low for blockstate: {Name:"mcwfences:sandstone_grass_topped_wall",Properties:{east:"none",north:"none",south:"low",up:"true",waterlogged:"false",west:"low"}}
[00:07:21] [Worker-ResourceReload-4/WARN]: Unable to read property: north with value: none for blockstate: {Name:"mcwfences:sandstone_grass_topped_wall",Properties:{east:"none",north:"none",south:"low",up:"true",waterlogged:"false",west:"low"}}
[00:07:21] [Worker-ResourceReload-4/WARN]: Unable to read property: west with value: low for blockstate: {Name:"mcwfences:sandstone_grass_topped_wall",Properties:{east:"none",north:"low",south:"none",up:"true",waterlogged:"false",west:"low"}}
[00:07:21] [Worker-ResourceReload-4/WARN]: Unable to read property: east with value: none for blockstate: {Name:"mcwfences:sandstone_grass_topped_wall",Properties:{east:"none",north:"low",south:"none",up:"true",waterlogged:"false",west:"low"}}
[00:07:21] [Worker-ResourceReload-4/WARN]: Unable to read property: south with value: none for blockstate: {Name:"mcwfences:sandstone_grass_topped_wall",Properties:{east:"none",north:"low",south:"none",up:"true",waterlogged:"false",west:"low"}}
[00:07:21] [Worker-ResourceReload-4/WARN]: Unable to read property: north with value: low for blockstate: {Name:"mcwfences:sandstone_grass_topped_wall",Properties:{east:"none",north:"low",south:"none",up:"true",waterlogged:"false",west:"low"}}
[00:07:21] [Worker-ResourceReload-4/WARN]: Unable to read property: west with value: none for blockstate: {Name:"mcwfences:sandstone_grass_topped_wall",Properties:{east:"low",north:"none",south:"none",up:"true",waterlogged:"false",west:"none"}}
[00:07:21] [Worker-ResourceReload-4/WARN]: Unable to read property: east with value: low for blockstate: {Name:"mcwfences:sandstone_grass_topped_wall",Properties:{east:"low",north:"none",south:"none",up:"true",waterlogged:"false",west:"none"}}
[00:07:21] [Worker-ResourceReload-4/WARN]: Unable to read property: south with value: none for blockstate: {Name:"mcwfences:sandstone_grass_topped_wall",Properties:{east:"low",north:"none",south:"none",up:"true",waterlogged:"false",west:"none"}}
[00:07:21] [Worker-ResourceReload-4/WARN]: Unable to read property: north with value: none for blockstate: {Name:"mcwfences:sandstone_grass_topped_wall",Properties:{east:"low",north:"none",south:"none",up:"true",waterlogged:"false",west:"none"}}
[00:07:21] [Worker-ResourceReload-4/WARN]: Unable to read property: west with value: low for blockstate: {Name:"mcwfences:sandstone_grass_topped_wall",Properties:{east:"none",north:"none",south:"none",up:"true",waterlogged:"false",west:"low"}}
[00:07:21] [Worker-ResourceReload-4/WARN]: Unable to read property: east with value: none for blockstate: {Name:"mcwfences:sandstone_grass_topped_wall",Properties:{east:"none",north:"none",south:"none",up:"true",waterlogged:"false",west:"low"}}
[00:07:21] [Worker-ResourceReload-4/WARN]: Unable to read property: south with value: none for blockstate: {Name:"mcwfences:sandstone_grass_topped_wall",Properties:{east:"none",north:"none",south:"none",up:"true",waterlogged:"false",west:"low"}}
[00:07:21] [Worker-ResourceReload-4/WARN]: Unable to read property: north with value: none for blockstate: {Name:"mcwfences:sandstone_grass_topped_wall",Properties:{east:"none",north:"none",south:"none",up:"true",waterlogged:"false",west:"low"}}
[00:07:21] [Worker-ResourceReload-4/WARN]: Unable to read property: west with value: none for blockstate: {Name:"mcwfences:mud_brick_grass_topped_wall",Properties:{east:"none",north:"none",south:"low",up:"true",waterlogged:"false",west:"none"}}
[00:07:21] [Worker-ResourceReload-4/WARN]: Unable to read property: east with value: none for blockstate: {Name:"mcwfences:mud_brick_grass_topped_wall",Properties:{east:"none",north:"none",south:"low",up:"true",waterlogged:"false",west:"none"}}
[00:07:21] [Worker-ResourceReload-4/WARN]: Unable to read property: south with value: low for blockstate: {Name:"mcwfences:mud_brick_grass_topped_wall",Properties:{east:"none",north:"none",south:"low",up:"true",waterlogged:"false",west:"none"}}
[00:07:21] [Worker-ResourceReload-4/WARN]: Unable to read property: north with value: none for blockstate: {Name:"mcwfences:mud_brick_grass_topped_wall",Properties:{east:"none",north:"none",south:"low",up:"true",waterlogged:"false",west:"none"}}
[00:07:21] [Worker-ResourceReload-4/WARN]: Unable to read property: west with value: low for blockstate: {Name:"mcwfences:mud_brick_grass_topped_wall",Properties:{east:"none",north:"none",south:"none",up:"true",waterlogged:"false",west:"low"}}
[00:07:21] [Worker-ResourceReload-4/WARN]: Unable to read property: east with value: none for blockstate: {Name:"mcwfences:mud_brick_grass_topped_wall",Properties:{east:"none",north:"none",south:"none",up:"true",waterlogged:"false",west:"low"}}
[00:07:21] [Worker-ResourceReload-4/WARN]: Unable to read property: south with value: none for blockstate: {Name:"mcwfences:mud_brick_grass_topped_wall",Properties:{east:"none",north:"none",south:"none",up:"true",waterlogged:"false",west:"low"}}
[00:07:21] [Worker-ResourceReload-4/WARN]: Unable to read property: north with value: none for blockstate: {Name:"mcwfences:mud_brick_grass_topped_wall",Properties:{east:"none",north:"none",south:"none",up:"true",waterlogged:"false",west:"low"}}
[00:07:21] [Worker-ResourceReload-4/WARN]: Unable to read property: west with value: none for blockstate: {Name:"mcwfences:oak_hedge",Properties:{east:"tall",north:"none",south:"tall",up:"true",waterlogged:"false",west:"none"}}
[00:07:21] [Worker-ResourceReload-4/WARN]: Unable to read property: east with value: tall for blockstate: {Name:"mcwfences:oak_hedge",Properties:{east:"tall",north:"none",south:"tall",up:"true",waterlogged:"false",west:"none"}}
[00:07:21] [Worker-ResourceReload-4/WARN]: Unable to read property: south with value: tall for blockstate: {Name:"mcwfences:oak_hedge",Properties:{east:"tall",north:"none",south:"tall",up:"true",waterlogged:"false",west:"none"}}
[00:07:21] [Worker-ResourceReload-4/WARN]: Unable to read property: north with value: none for blockstate: {Name:"mcwfences:oak_hedge",Properties:{east:"tall",north:"none",south:"tall",up:"true",waterlogged:"false",west:"none"}}
[00:07:21] [Worker-ResourceReload-4/WARN]: Unable to read property: west with value: none for blockstate: {Name:"mcwfences:oak_hedge",Properties:{east:"low",north:"none",south:"low",up:"true",waterlogged:"false",west:"none"}}
[00:07:21] [Worker-ResourceReload-4/WARN]: Unable to read property: east with value: low for blockstate: {Name:"mcwfences:oak_hedge",Properties:{east:"low",north:"none",south:"low",up:"true",waterlogged:"false",west:"none"}}
[00:07:21] [Worker-ResourceReload-4/WARN]: Unable to read property: south with value: low for blockstate: {Name:"mcwfences:oak_hedge",Properties:{east:"low",north:"none",south:"low",up:"true",waterlogged:"false",west:"none"}}
[00:07:21] [Worker-ResourceReload-4/WARN]: Unable to read property: north with value: none for blockstate: {Name:"mcwfences:oak_hedge",Properties:{east:"low",north:"none",south:"low",up:"true",waterlogged:"false",west:"none"}}
[00:07:21] [Worker-ResourceReload-11/INFO]: Version 10.4.16 initializing...
[00:07:21] [Worker-ResourceReload-4/INFO]: Loaded template "cozy_cottage" from "cozy_cottage.nbt".
[00:07:21] [Worker-ResourceReload-4/INFO]: Loaded template "Anarchy" from "anarchy.nbt".
[00:07:21] [Worker-ResourceReload-4/INFO]: Loaded template "Classical" from "classical.nbt".
[00:07:21] [Worker-ResourceReload-4/INFO]: Loaded template "The Direwolf" from "thedirewolf.nbt".
[00:07:21] [Worker-ResourceReload-10/INFO]: Connectivity initialized
[00:07:21] [Worker-ResourceReload-5/INFO]: Common setup complete.
[00:07:21] [Worker-ResourceReload-5/INFO]: Loaded 'Mekanism: Generators' module.
[00:07:21] [Worker-ResourceReload-2/WARN]: Unused frames in sprite apotheosis:items/gems/blood_lord: [9]
[00:07:22] [Worker-ResourceReload-7/INFO]: Loaded 'Mekanism: Tools' module.
[00:07:22] [Worker-ResourceReload-9/INFO]: Found preferred client: ANY
[00:07:22] [Worker-ResourceReload-2/WARN]: Unused frames in sprite webdisplays:item/upgrade: [9, 10, 11, 12, 13, 14, 15, 16, 17, 18, 19, 20, 21, 22, 23, 24, 25, 26, 27, 28, 29, 30, 31, 32, 33, 34, 35, 36, 37, 38, 39, 40, 41, 42, 43, 44, 45, 46, 47, 48, 49, 50, 51, 52, 53, 54, 55, 56, 57, 58, 59, 60, 61, 62, 63, 64, 65, 66, 67, 68, 69, 70, 71, 72, 73, 74, 75, 76, 77, 78, 79, 80, 81, 82, 83, 84, 85, 86, 87, 88, 89, 90, 91, 92, 93, 94, 95, 96, 97, 98, 99, 100, 101, 102, 103, 104, 105, 106, 107, 108, 109, 110, 111, 112, 113, 114, 115, 116, 117, 118, 119, 120, 121, 122, 123, 124, 125, 126, 127, 128, 129, 130, 131, 132, 133, 134, 135, 136, 137, 138, 139, 140, 141, 142, 143, 144, 145, 146, 147, 148, 149, 150, 151, 152, 153, 154, 155, 156, 157, 158, 159, 160, 161, 162, 163, 164, 165, 166, 167, 168, 169, 170, 171, 172, 173, 174, 175, 176, 177, 178, 179, 180, 181, 182, 183, 184, 185, 186, 187, 188, 189, 190, 191, 192, 193, 194, 195, 196, 197, 198, 199, 200, 201, 202, 203, 204, 205, 206, 207, 208, 209, 210, 211, 212, 213, 214, 215, 216, 217, 218, 219, 220, 221, 222, 223, 224, 225, 226, 227, 228, 229, 230, 231, 232, 233, 234, 235, 236, 237, 238, 239, 240, 241, 242, 243, 244, 245, 246, 247, 248, 249, 250, 251, 252, 253, 254, 255]
[00:07:22] [Worker-ResourceReload-6/INFO]: Registered packet handler.
[00:07:22] [Worker-ResourceReload-2/WARN]: Invalid frame index on sprite allthetweaks:item/improbable_probability_device frame 0: 1
[00:07:22] [Worker-ResourceReload-2/WARN]: Invalid frame index on sprite allthetweaks:item/improbable_probability_device frame 1: 2
[00:07:22] [Worker-ResourceReload-2/WARN]: Invalid frame index on sprite allthetweaks:item/improbable_probability_device frame 2: 1
[00:07:22] [Worker-ResourceReload-2/WARN]: Invalid frame index on sprite allthetweaks:item/improbable_probability_device frame 3: 3
[00:07:22] [Worker-ResourceReload-2/WARN]: Invalid frame index on sprite allthetweaks:item/improbable_probability_device frame 5: 3
[00:07:22] [Worker-ResourceReload-2/WARN]: Invalid frame index on sprite allthetweaks:item/improbable_probability_device frame 6: 1
[00:07:22] [Worker-ResourceReload-2/WARN]: Invalid frame index on sprite allthetweaks:item/improbable_probability_device frame 8: 4
[00:07:22] [Worker-ResourceReload-2/WARN]: Invalid frame index on sprite allthetweaks:item/improbable_probability_device frame 9: 1
[00:07:22] [Worker-ResourceReload-2/WARN]: Invalid frame index on sprite allthetweaks:item/improbable_probability_device frame 11: 4
[00:07:22] [Worker-ResourceReload-2/WARN]: Invalid frame index on sprite allthetweaks:item/improbable_probability_device frame 12: 2
[00:07:22] [Worker-ResourceReload-2/WARN]: Invalid frame index on sprite allthetweaks:item/improbable_probability_device frame 13: 4
[00:07:22] [Worker-ResourceReload-2/WARN]: Invalid frame index on sprite allthetweaks:item/improbable_probability_device frame 15: 1
[00:07:22] [Worker-ResourceReload-2/WARN]: Invalid frame index on sprite allthetweaks:item/improbable_probability_device frame 16: 4
[00:07:22] [Worker-ResourceReload-2/WARN]: Invalid frame index on sprite allthetweaks:item/improbable_probability_device frame 17: 2
[00:07:22] [Worker-ResourceReload-2/WARN]: Invalid frame index on sprite allthetweaks:item/improbable_probability_device frame 18: 3
[00:07:22] [Worker-ResourceReload-2/WARN]: Invalid frame index on sprite allthetweaks:item/improbable_probability_device frame 20: 1
[00:07:22] [Worker-ResourceReload-2/WARN]: Invalid frame index on sprite allthetweaks:item/improbable_probability_device frame 22: 1
[00:07:22] [Worker-ResourceReload-2/WARN]: Invalid frame index on sprite allthetweaks:item/improbable_probability_device frame 23: 4
[00:07:22] [Worker-ResourceReload-2/WARN]: Invalid frame index on sprite allthetweaks:item/improbable_probability_device frame 24: 1
[00:07:22] [Worker-ResourceReload-2/WARN]: Invalid frame index on sprite allthetweaks:item/improbable_probability_device frame 25: 4
[00:07:22] [Worker-ResourceReload-2/WARN]: Invalid frame index on sprite allthetweaks:item/improbable_probability_device frame 26: 2
[00:07:22] [Worker-ResourceReload-2/WARN]: Invalid frame index on sprite allthetweaks:item/improbable_probability_device frame 27: 4
[00:07:22] [Worker-ResourceReload-2/WARN]: Invalid frame index on sprite allthetweaks:item/improbable_probability_device frame 28: 2
[00:07:22] [Worker-ResourceReload-3/INFO]: RFTools Storage Detected XNet: enabling support
[00:07:22] [Worker-ResourceReload-2/WARN]: Unused frames in sprite powah:item/ender_core: [1, 2, 4, 7, 9, 10, 11]
[00:07:22] [Worker-ResourceReload-12/INFO]: Loaded 148 crops
[00:07:22] [Worker-ResourceReload-12/INFO]: Loaded 8 crop tiers
[00:07:22] [Worker-ResourceReload-12/INFO]: Loaded 2 crop types
[00:07:22] [Worker-ResourceReload-12/INFO]: Loaded 55 augments
[00:07:22] [Worker-ResourceReload-12/INFO]: Loaded 20 mob soul types
[00:07:22] [Worker-ResourceReload-5/INFO]: Modular Routers is loading!
[00:07:23] [Worker-ResourceReload-7/INFO]: Registered action: Actions$$Lambda$47841/0x0000000804ff1a10
[00:07:23] [Worker-ResourceReload-7/INFO]: Registered action: Actions$$Lambda$47821/0x0000000804fed390
[00:07:23] [Worker-ResourceReload-7/INFO]: Registered action: Actions$$Lambda$47854/0x0000000804ff5f48
[00:07:23] [Worker-ResourceReload-7/INFO]: Registered action: Actions$$Lambda$47850/0x0000000804ff45e8
[00:07:23] [Worker-ResourceReload-7/INFO]: Registered action: Actions$$Lambda$47832/0x0000000804fef658
[00:07:23] [Worker-ResourceReload-7/INFO]: Setting game stages provider implementation to: KubeJS Stages
[00:07:23] [Worker-ResourceReload-7/INFO]: Chose [KubeJS Stages] as the active game stages implementation
[00:07:23] [Worker-ResourceReload-0/WARN]: Unused frames in sprite enderio:block/alloy_smelter_front_active: [4, 5]
[00:07:23] [Worker-ResourceReload-7/INFO]: Setting permissions provider implementation to: FTB Ranks
[00:07:23] [Worker-ResourceReload-7/INFO]: Chose [FTB Ranks] as the active permissions implementation
[00:07:23] [Worker-ResourceReload-7/INFO]: [FTB Quests] recipe helper provider is [JEI]
[00:07:23] [Worker-ResourceReload-7/INFO]: [FTB Quests] Enabled Item Filters integration
[00:07:23] [Worker-ResourceReload-7/INFO]: [FTB Chunks] FTB Ranks detected, listening for ranks events
[00:07:23] [Worker-ResourceReload-7/INFO]: [FTB Chunks] Enabled Waystones integration
[00:07:23] [Worker-ResourceReload-2/WARN]: Unused frames in sprite powah:item/charged_snowball: [1, 2, 3, 4, 16, 17, 18, 19]
[00:07:23] [Worker-ResourceReload-11/INFO]: Fake player readout: UUID = 46e82cd0-d480-3d48-800a-77431ede078e, name = [Mekanism]
[00:07:23] [Worker-ResourceReload-11/INFO]: Mod loaded.
[00:07:23] [Worker-ResourceReload-2/WARN]: Invalid frame index on sprite allthetweaks:item/pulsating_black_hole frame 1: 1
[00:07:23] [Worker-ResourceReload-2/WARN]: Invalid frame index on sprite allthetweaks:item/pulsating_black_hole frame 2: 2
[00:07:23] [Worker-ResourceReload-2/WARN]: Invalid frame index on sprite allthetweaks:item/pulsating_black_hole frame 3: 3
[00:07:23] [Worker-ResourceReload-2/WARN]: Invalid frame index on sprite allthetweaks:item/pulsating_black_hole frame 4: 4
[00:07:23] [Worker-ResourceReload-2/WARN]: Invalid frame index on sprite allthetweaks:item/pulsating_black_hole frame 5: 3
[00:07:23] [Worker-ResourceReload-2/WARN]: Invalid frame index on sprite allthetweaks:item/pulsating_black_hole frame 6: 2
[00:07:23] [Worker-ResourceReload-2/WARN]: Invalid frame index on sprite allthetweaks:item/pulsating_black_hole frame 7: 1
[00:07:23] [Worker-ResourceReload-7/WARN]: Invalid frame index on sprite allthetweaks:item/dimensional_seed frame 1: 1
[00:07:23] [Worker-ResourceReload-7/WARN]: Invalid frame index on sprite allthetweaks:item/dimensional_seed frame 2: 2
[00:07:23] [Worker-ResourceReload-10/WARN]: Invalid frame index on sprite immersiveengineering:item/metal_ingot_uranium frame 2: 1
[00:07:23] [Worker-ResourceReload-10/WARN]: Invalid frame index on sprite immersiveengineering:item/metal_ingot_uranium frame 3: 1
[00:07:23] [Worker-ResourceReload-10/WARN]: Invalid frame index on sprite immersiveengineering:item/metal_ingot_uranium frame 4: 2
[00:07:23] [Worker-ResourceReload-10/WARN]: Invalid frame index on sprite immersiveengineering:item/metal_ingot_uranium frame 5: 2
[00:07:23] [Worker-ResourceReload-10/WARN]: Invalid frame index on sprite immersiveengineering:item/metal_ingot_uranium frame 6: 3
[00:07:23] [Worker-ResourceReload-10/WARN]: Invalid frame index on sprite immersiveengineering:item/metal_ingot_uranium frame 7: 3
[00:07:24] [Render thread/INFO]: Registered compostable Items
[00:07:24] [Render thread/INFO]: Finished mod setup in: [7, 9, 0, 3, 0, 1, 35, 21, 0] ms
[00:07:24] [Render thread/INFO]: Initialized color sets in 196ms
[00:07:25] [Render thread/INFO]: Initialised AE2WT integration.
[00:07:25] [Worker-ResourceReload-11/INFO]: Retrieving block renderers
[00:07:25] [Worker-ResourceReload-11/INFO]: Retrieving fluid renderers
[00:07:25] [Worker-ResourceReload-11/INFO]: Retrieving global renderers
[00:07:25] [Worker-ResourceReload-5/INFO]: Executing phase CLIENT_SETUP for plugin class PatchouliPlugin
[00:07:25] [Worker-ResourceReload-5/INFO]: Executing phase CLIENT_SETUP for plugin class CuriosPlugin
[00:07:25] [Worker-ResourceReload-12/ERROR]: Failed to load model advgenerators:models/item/steam_bucket.json
com.google.gson.JsonParseException: Model loader 'forge:bucket' not found. Registered loaders: bloodmagic:mimicloader, expatternprovider:active_formation_plane, sophisticatedbackpacks:backpack, expatternprovider:active_formation_plane_on, codechickenlib:class, enderio:conduit, immersiveengineering:basic_split, forge:elements, forge:obj, thermal:reconfigurable, immersiveengineering:potion_bucket, sophisticatedstorage:limited_barrel, thermal:dynamo, rftoolsutility:tankloader, amendments:hanging_pot, supplementaries:sign_post, supplementaries:rope_knot, supplementaries:book_pile, botania:mana_gun, xnet:cableloader, mekanism:energy_cube, supplementaries:bunting, amendments:tool_hook, supplementaries:goblet, enderio:modloaded, functionalstorage:framedblock, sophisticatedstorage:shulker_box, pneumaticcraft:camouflaged, rechiseled:connecting_model, forge:separate_transforms, codechickenlib:item_composite, enderio:painted_block, thermal:underlay, sophisticatedstorage:simple_composite, mekanism:robit, supplementaries:frame_block, amendments:wall_lantern, refinedstorage:portable_grid, immersiveengineering:models/conveyor, expatternprovider:ex_drive, supplementaries:extra_rotation, immersiveengineering:conf_sides, immersiveengineering:ie_obj, computercraft:turtle, rftoolsbuilder:shieldloader, supplementaries:blackboard, framedblocks:overlay, thermal_innovation:reservoir, morered:wire_parts, amendments:waterlogged_lily, athena:athena, pneumaticcraft:fluid_container_item, morered:rotate_tints, bloodmagic:mimicloader_ethereal, immersiveengineering:models/coresample, refinedstorage:disk_manipulator, sophisticatedstorage:barrel, cofh_core:fluid_container, supplementaries:flower_box, expatternprovider:assembler_matrix_glass, sophisticatedstorage:chest, guideme:guide_item_dispatcher, supplementaries:jar, amendments:carpet_overlay, supplementaries:faucet, forge:empty, thermal_dynamics:duct, mekanism:transmitter, shetiphian:layered, immersiveengineering:feedthrough, amendments:cauldron, thermal:fluid_cell, thermal:item_cell, refinedstorage:disk_drive, bloodmagic:loader_holding, xycraft_core:connected_textures, botania:floating_flower, forge:fluid_container, forge:composite, integrateddynamics:variable, pneumaticcraft:rendered_item, immersiveengineering:mirror, thermal:energy_cell, webdisplays:screen_loader, enderio:io_overlay, advgenerators:multiblock_model, modonomicon:book_model_loader, forge:item_layers, lootr:barrel
	at net.minecraftforge.client.model.ExtendedBlockModelDeserializer.deserializeGeometry(ExtendedBlockModelDeserializer.java:103) ~[forge-1.20.1-47.4.0-universal.jar%23788!/:?]
	at net.minecraftforge.client.model.ExtendedBlockModelDeserializer.deserialize(ExtendedBlockModelDeserializer.java:55) ~[forge-1.20.1-47.4.0-universal.jar%23788!/:?]
	at net.minecraftforge.client.model.ExtendedBlockModelDeserializer.deserialize(ExtendedBlockModelDeserializer.java:38) ~[forge-1.20.1-47.4.0-universal.jar%23788!/:?]
	at com.google.gson.internal.bind.TreeTypeAdapter.read(TreeTypeAdapter.java:76) ~[gson-2.10.jar%23107!/:?]
	at net.minecraft.util.GsonHelper.m_13780_(GsonHelper.java:524) ~[client-1.20.1-20230612.114412-srg.jar%23783!/:?]
	at net.minecraft.util.GsonHelper.m_263475_(GsonHelper.java:531) ~[client-1.20.1-20230612.114412-srg.jar%23783!/:?]
	at net.minecraft.util.GsonHelper.m_13776_(GsonHelper.java:581) ~[client-1.20.1-20230612.114412-srg.jar%23783!/:?]
	at net.minecraft.client.renderer.block.model.BlockModel.m_111461_(BlockModel.java:74) ~[client-1.20.1-20230612.114412-srg.jar%23783!/:?]
	at net.minecraft.client.resources.model.ModelManager.m_246478_(ModelManager.java:110) ~[client-1.20.1-20230612.114412-srg.jar%23783!/:?]
	at java.util.concurrent.CompletableFuture$AsyncSupply.run(CompletableFuture.java:1768) ~[?:?]
	at java.util.concurrent.CompletableFuture$AsyncSupply.exec(CompletableFuture.java:1760) ~[?:?]
	at java.util.concurrent.ForkJoinTask.doExec(ForkJoinTask.java:373) ~[?:?]
	at java.util.concurrent.ForkJoinPool$WorkQueue.topLevelExec(ForkJoinPool.java:1182) ~[?:?]
	at java.util.concurrent.ForkJoinPool.scan(ForkJoinPool.java:1655) ~[?:?]
	at java.util.concurrent.ForkJoinPool.runWorker(ForkJoinPool.java:1622) ~[?:?]
	at java.util.concurrent.ForkJoinWorkerThread.run(ForkJoinWorkerThread.java:165) ~[?:?]
[00:07:25] [Worker-ResourceReload-9/INFO]: Reloading reverb parameters
[00:07:25] [Worker-ResourceReload-13/ERROR]: Failed to load model advgenerators:models/item/syngas_bucket.json
com.google.gson.JsonParseException: Model loader 'forge:bucket' not found. Registered loaders: bloodmagic:mimicloader, expatternprovider:active_formation_plane, sophisticatedbackpacks:backpack, expatternprovider:active_formation_plane_on, codechickenlib:class, enderio:conduit, immersiveengineering:basic_split, forge:elements, forge:obj, thermal:reconfigurable, immersiveengineering:potion_bucket, sophisticatedstorage:limited_barrel, thermal:dynamo, rftoolsutility:tankloader, amendments:hanging_pot, supplementaries:sign_post, supplementaries:rope_knot, supplementaries:book_pile, botania:mana_gun, xnet:cableloader, mekanism:energy_cube, supplementaries:bunting, amendments:tool_hook, supplementaries:goblet, enderio:modloaded, functionalstorage:framedblock, sophisticatedstorage:shulker_box, pneumaticcraft:camouflaged, rechiseled:connecting_model, forge:separate_transforms, codechickenlib:item_composite, enderio:painted_block, thermal:underlay, sophisticatedstorage:simple_composite, mekanism:robit, supplementaries:frame_block, amendments:wall_lantern, refinedstorage:portable_grid, immersiveengineering:models/conveyor, expatternprovider:ex_drive, supplementaries:extra_rotation, immersiveengineering:conf_sides, immersiveengineering:ie_obj, computercraft:turtle, rftoolsbuilder:shieldloader, supplementaries:blackboard, framedblocks:overlay, thermal_innovation:reservoir, morered:wire_parts, amendments:waterlogged_lily, athena:athena, pneumaticcraft:fluid_container_item, morered:rotate_tints, bloodmagic:mimicloader_ethereal, immersiveengineering:models/coresample, refinedstorage:disk_manipulator, sophisticatedstorage:barrel, cofh_core:fluid_container, supplementaries:flower_box, expatternprovider:assembler_matrix_glass, sophisticatedstorage:chest, guideme:guide_item_dispatcher, supplementaries:jar, amendments:carpet_overlay, supplementaries:faucet, forge:empty, thermal_dynamics:duct, mekanism:transmitter, shetiphian:layered, immersiveengineering:feedthrough, amendments:cauldron, thermal:fluid_cell, thermal:item_cell, refinedstorage:disk_drive, bloodmagic:loader_holding, xycraft_core:connected_textures, botania:floating_flower, forge:fluid_container, forge:composite, integrateddynamics:variable, pneumaticcraft:rendered_item, immersiveengineering:mirror, thermal:energy_cell, webdisplays:screen_loader, enderio:io_overlay, advgenerators:multiblock_model, modonomicon:book_model_loader, forge:item_layers, lootr:barrel
	at net.minecraftforge.client.model.ExtendedBlockModelDeserializer.deserializeGeometry(ExtendedBlockModelDeserializer.java:103) ~[forge-1.20.1-47.4.0-universal.jar%23788!/:?]
	at net.minecraftforge.client.model.ExtendedBlockModelDeserializer.deserialize(ExtendedBlockModelDeserializer.java:55) ~[forge-1.20.1-47.4.0-universal.jar%23788!/:?]
	at net.minecraftforge.client.model.ExtendedBlockModelDeserializer.deserialize(ExtendedBlockModelDeserializer.java:38) ~[forge-1.20.1-47.4.0-universal.jar%23788!/:?]
	at com.google.gson.internal.bind.TreeTypeAdapter.read(TreeTypeAdapter.java:76) ~[gson-2.10.jar%23107!/:?]
	at net.minecraft.util.GsonHelper.m_13780_(GsonHelper.java:524) ~[client-1.20.1-20230612.114412-srg.jar%23783!/:?]
	at net.minecraft.util.GsonHelper.m_263475_(GsonHelper.java:531) ~[client-1.20.1-20230612.114412-srg.jar%23783!/:?]
	at net.minecraft.util.GsonHelper.m_13776_(GsonHelper.java:581) ~[client-1.20.1-20230612.114412-srg.jar%23783!/:?]
	at net.minecraft.client.renderer.block.model.BlockModel.m_111461_(BlockModel.java:74) ~[client-1.20.1-20230612.114412-srg.jar%23783!/:?]
	at net.minecraft.client.resources.model.ModelManager.m_246478_(ModelManager.java:110) ~[client-1.20.1-20230612.114412-srg.jar%23783!/:?]
	at java.util.concurrent.CompletableFuture$AsyncSupply.run(CompletableFuture.java:1768) ~[?:?]
	at java.util.concurrent.CompletableFuture$AsyncSupply.exec(CompletableFuture.java:1760) ~[?:?]
	at java.util.concurrent.ForkJoinTask.doExec(ForkJoinTask.java:373) ~[?:?]
	at java.util.concurrent.ForkJoinPool$WorkQueue.topLevelExec(ForkJoinPool.java:1182) ~[?:?]
	at java.util.concurrent.ForkJoinPool.scan(ForkJoinPool.java:1655) ~[?:?]
	at java.util.concurrent.ForkJoinPool.runWorker(ForkJoinPool.java:1622) ~[?:?]
	at java.util.concurrent.ForkJoinWorkerThread.run(ForkJoinWorkerThread.java:165) ~[?:?]
[00:07:25] [Worker-ResourceReload-10/INFO]: Registering config screens for mod comforts with 1 config(s)
[00:07:25] [Worker-ResourceReload-9/INFO]: Unknown sound in allowed sound config: forbidden_arcanus:block.clibano.fire_crackle
[00:07:25] [Worker-ResourceReload-9/INFO]: Unknown sound in allowed sound config: forbidden_arcanus:item.mundabitur_dust.use
[00:07:25] [Worker-ResourceReload-9/INFO]: Unknown sound in allowed sound config: forbidden_arcanus:block.clibano.soul_fire_crackle
[00:07:25] [Worker-ResourceReload-9/INFO]: Unknown sound in allowed sound config: forbidden_arcanus:item.quantum_catcher.release
[00:07:25] [Worker-ResourceReload-9/INFO]: Unknown sound in allowed sound config: forbidden_arcanus:entity.energy_ball.hit
[00:07:25] [Worker-ResourceReload-9/INFO]: Unknown sound in allowed sound config: forbidden_arcanus:item.blacksmith_gavel.ritual_start
[00:07:25] [Worker-ResourceReload-9/INFO]: Unknown sound in allowed sound config: forbidden_arcanus:item.quantum_catcher.pick_up
[00:07:25] [Worker-ResourceReload-9/INFO]: Unknown sound in allowed sound config: forbidden_arcanus:entity.energy_ball.launch
[00:07:25] [Worker-ResourceReload-9/INFO]: Unknown sound in allowed sound config: forbidden_arcanus:item.ferrognetic_mixture.apply
[00:07:25] [Placebo Patreon Trail Loader/INFO]: Loading patreon trails data...
[00:07:25] [Placebo Patreon Wing Loader/INFO]: Loading patreon wing data...
[00:07:25] [Worker-ResourceReload-7/INFO]: Client setup complete.
[00:07:25] [Worker-ResourceReload-9/INFO]: Using Cloth Config GUI
[00:07:25] [Placebo Patreon Trail Loader/INFO]: Loaded 47 patreon trails.
[00:07:25] [Placebo Patreon Wing Loader/INFO]: Loaded 41 patreon wings.
[00:07:25] [Worker-ResourceReload-1/INFO]: [voicechat] Using Cloth Config GUI
[00:07:25] [Worker-ResourceReload-1/INFO]: [voicechat] Loading Opus
[00:07:25] [Worker-ResourceReload-2/INFO]: Deserializing BridgingConfig from 'C:\Users\Nuril\curseforge\minecraft\Instances\All the Mods 9 - To the Sky - atm9sky\config\bridgingmod.json'
[00:07:25] [Worker-ResourceReload-7/INFO]: [KONKRETE] Client-side libs ready to use!
[00:07:25] [Worker-ResourceReload-2/INFO]: Running YACL version check on v3.6.6 (3.6.6+1.20.1-forge)
[00:07:25] [Worker-ResourceReload-4/INFO]: Initialized HolidayManager.
[00:07:25] [Worker-ResourceReload-11/WARN]: Key mapping key.observable.profile registered after event
java.lang.RuntimeException: null
	at dev.architectury.registry.client.keymappings.forge.KeyMappingRegistryImpl.register(KeyMappingRegistryImpl.java:47) ~[architectury-9.2.14-forge.jar%23497!/:?]
	at dev.architectury.registry.client.keymappings.KeyMappingRegistry.register(KeyMappingRegistry.java) ~[architectury-9.2.14-forge.jar%23497!/:?]
	at observable.Observable.clientInit(Observable.java:151) ~[observable-4.4.1.jar%23680!/:?]
	at observable.forge.ObservableForge.onClientInit(ObservableForge.java:28) ~[observable-4.4.1.jar%23680!/:?]
	at net.minecraftforge.eventbus.EventBus.doCastFilter(EventBus.java:260) ~[eventbus-6.0.5.jar%2387!/:?]
	at net.minecraftforge.eventbus.EventBus.lambda$addListener$11(EventBus.java:252) ~[eventbus-6.0.5.jar%2387!/:?]
	at net.minecraftforge.eventbus.EventBus.post(EventBus.java:315) ~[eventbus-6.0.5.jar%2387!/:?]
	at net.minecraftforge.eventbus.EventBus.post(EventBus.java:296) ~[eventbus-6.0.5.jar%2387!/:?]
	at net.minecraftforge.fml.javafmlmod.FMLModContainer.acceptEvent(FMLModContainer.java:121) ~[javafmllanguage-1.20.1-47.4.0.jar%23785!/:?]
	at net.minecraftforge.fml.ModContainer.lambda$buildTransitionHandler$5(ModContainer.java:127) ~[fmlcore-1.20.1-47.4.0.jar%23784!/:?]
	at java.util.concurrent.CompletableFuture$AsyncRun.run(CompletableFuture.java:1804) ~[?:?]
	at java.util.concurrent.CompletableFuture$AsyncRun.exec(CompletableFuture.java:1796) ~[?:?]
	at java.util.concurrent.ForkJoinTask.doExec(ForkJoinTask.java:373) ~[?:?]
	at java.util.concurrent.ForkJoinPool$WorkQueue.topLevelExec(ForkJoinPool.java:1182) ~[?:?]
	at java.util.concurrent.ForkJoinPool.scan(ForkJoinPool.java:1655) ~[?:?]
	at java.util.concurrent.ForkJoinPool.runWorker(ForkJoinPool.java:1622) ~[?:?]
	at java.util.concurrent.ForkJoinWorkerThread.run(ForkJoinWorkerThread.java:165) ~[?:?]
[00:07:25] [Worker-ResourceReload-3/INFO]: Registering S2C receiver with id ae2wtlib:update_wut
[00:07:25] [Worker-ResourceReload-3/INFO]: Registering S2C receiver with id ae2wtlib:update_restock
[00:07:25] [Worker-ResourceReload-3/INFO]: Registering S2C receiver with id ae2wtlib:restock_amounts
[00:07:26] [Worker-ResourceReload-13/WARN]: Unable to load model: 'minecraft:block' referenced from: powah:energy_cell_starter#waterlogged=true: java.io.FileNotFoundException: minecraft:models/block.json
[00:07:26] [Worker-ResourceReload-13/WARN]: Exception loading blockstate definition: 'industrialforegoing:blockstates/machine_frame_pity.json' missing model for variant: 'industrialforegoing:machine_frame_pity#'
[00:07:26] [Worker-ResourceReload-13/WARN]: Exception loading blockstate definition: 'industrialforegoing:blockstates/machine_frame_simple.json' missing model for variant: 'industrialforegoing:machine_frame_simple#'
[00:07:26] [Worker-ResourceReload-13/WARN]: Exception loading blockstate definition: 'industrialforegoing:blockstates/machine_frame_advanced.json' missing model for variant: 'industrialforegoing:machine_frame_advanced#'
[00:07:26] [Worker-ResourceReload-13/WARN]: Exception loading blockstate definition: 'industrialforegoing:blockstates/machine_frame_supreme.json' missing model for variant: 'industrialforegoing:machine_frame_supreme#'
[00:07:26] [Worker-ResourceReload-13/WARN]: Exception loading blockstate definition: 'industrialforegoing:blockstates/latex.json' missing model for variant: 'industrialforegoing:latex#level=12'
[00:07:26] [Worker-ResourceReload-13/WARN]: Exception loading blockstate definition: 'industrialforegoing:blockstates/latex.json' missing model for variant: 'industrialforegoing:latex#level=11'
[00:07:26] [Worker-ResourceReload-13/WARN]: Exception loading blockstate definition: 'industrialforegoing:blockstates/latex.json' missing model for variant: 'industrialforegoing:latex#level=14'
[00:07:26] [Worker-ResourceReload-13/WARN]: Exception loading blockstate definition: 'industrialforegoing:blockstates/latex.json' missing model for variant: 'industrialforegoing:latex#level=13'
[00:07:26] [Worker-ResourceReload-13/WARN]: Exception loading blockstate definition: 'industrialforegoing:blockstates/latex.json' missing model for variant: 'industrialforegoing:latex#level=6'
[00:07:26] [Worker-ResourceReload-13/WARN]: Exception loading blockstate definition: 'industrialforegoing:blockstates/latex.json' missing model for variant: 'industrialforegoing:latex#level=7'
[00:07:26] [Worker-ResourceReload-13/WARN]: Exception loading blockstate definition: 'industrialforegoing:blockstates/latex.json' missing model for variant: 'industrialforegoing:latex#level=8'
[00:07:26] [Worker-ResourceReload-13/WARN]: Exception loading blockstate definition: 'industrialforegoing:blockstates/latex.json' missing model for variant: 'industrialforegoing:latex#level=10'
[00:07:26] [Worker-ResourceReload-13/WARN]: Exception loading blockstate definition: 'industrialforegoing:blockstates/latex.json' missing model for variant: 'industrialforegoing:latex#level=9'
[00:07:26] [Worker-ResourceReload-13/WARN]: Exception loading blockstate definition: 'industrialforegoing:blockstates/latex.json' missing model for variant: 'industrialforegoing:latex#level=2'
[00:07:26] [Worker-ResourceReload-13/WARN]: Exception loading blockstate definition: 'industrialforegoing:blockstates/latex.json' missing model for variant: 'industrialforegoing:latex#level=3'
[00:07:26] [Worker-ResourceReload-13/WARN]: Exception loading blockstate definition: 'industrialforegoing:blockstates/latex.json' missing model for variant: 'industrialforegoing:latex#level=4'
[00:07:26] [Worker-ResourceReload-13/WARN]: Exception loading blockstate definition: 'industrialforegoing:blockstates/latex.json' missing model for variant: 'industrialforegoing:latex#level=5'
[00:07:26] [Worker-ResourceReload-13/WARN]: Exception loading blockstate definition: 'industrialforegoing:blockstates/latex.json' missing model for variant: 'industrialforegoing:latex#level=15'
[00:07:26] [Worker-ResourceReload-13/WARN]: Exception loading blockstate definition: 'industrialforegoing:blockstates/latex.json' missing model for variant: 'industrialforegoing:latex#level=0'
[00:07:26] [Worker-ResourceReload-13/WARN]: Exception loading blockstate definition: 'industrialforegoing:blockstates/latex.json' missing model for variant: 'industrialforegoing:latex#level=1'
[00:07:26] [Worker-ResourceReload-13/WARN]: Exception loading blockstate definition: 'industrialforegoing:blockstates/meat.json' missing model for variant: 'industrialforegoing:meat#level=2'
[00:07:26] [Worker-ResourceReload-13/WARN]: Exception loading blockstate definition: 'industrialforegoing:blockstates/meat.json' missing model for variant: 'industrialforegoing:meat#level=1'
[00:07:26] [Worker-ResourceReload-13/WARN]: Exception loading blockstate definition: 'industrialforegoing:blockstates/meat.json' missing model for variant: 'industrialforegoing:meat#level=0'
[00:07:26] [Worker-ResourceReload-13/WARN]: Exception loading blockstate definition: 'industrialforegoing:blockstates/meat.json' missing model for variant: 'industrialforegoing:meat#level=6'
[00:07:26] [Worker-ResourceReload-13/WARN]: Exception loading blockstate definition: 'industrialforegoing:blockstates/meat.json' missing model for variant: 'industrialforegoing:meat#level=5'
[00:07:26] [Worker-ResourceReload-13/WARN]: Exception loading blockstate definition: 'industrialforegoing:blockstates/meat.json' missing model for variant: 'industrialforegoing:meat#level=4'
[00:07:26] [Worker-ResourceReload-13/WARN]: Exception loading blockstate definition: 'industrialforegoing:blockstates/meat.json' missing model for variant: 'industrialforegoing:meat#level=3'
[00:07:26] [Worker-ResourceReload-13/WARN]: Exception loading blockstate definition: 'industrialforegoing:blockstates/meat.json' missing model for variant: 'industrialforegoing:meat#level=12'
[00:07:26] [Worker-ResourceReload-13/WARN]: Exception loading blockstate definition: 'industrialforegoing:blockstates/meat.json' missing model for variant: 'industrialforegoing:meat#level=9'
[00:07:26] [Worker-ResourceReload-13/WARN]: Exception loading blockstate definition: 'industrialforegoing:blockstates/meat.json' missing model for variant: 'industrialforegoing:meat#level=13'
[00:07:26] [Worker-ResourceReload-13/WARN]: Exception loading blockstate definition: 'industrialforegoing:blockstates/meat.json' missing model for variant: 'industrialforegoing:meat#level=8'
[00:07:26] [Worker-ResourceReload-13/WARN]: Exception loading blockstate definition: 'industrialforegoing:blockstates/meat.json' missing model for variant: 'industrialforegoing:meat#level=14'
[00:07:26] [Worker-ResourceReload-13/WARN]: Exception loading blockstate definition: 'industrialforegoing:blockstates/meat.json' missing model for variant: 'industrialforegoing:meat#level=7'
[00:07:26] [Worker-ResourceReload-13/WARN]: Exception loading blockstate definition: 'industrialforegoing:blockstates/meat.json' missing model for variant: 'industrialforegoing:meat#level=15'
[00:07:26] [Worker-ResourceReload-13/WARN]: Exception loading blockstate definition: 'industrialforegoing:blockstates/meat.json' missing model for variant: 'industrialforegoing:meat#level=10'
[00:07:26] [Worker-ResourceReload-13/WARN]: Exception loading blockstate definition: 'industrialforegoing:blockstates/meat.json' missing model for variant: 'industrialforegoing:meat#level=11'
[00:07:26] [Worker-ResourceReload-13/WARN]: Exception loading blockstate definition: 'industrialforegoing:blockstates/sewage.json' missing model for variant: 'industrialforegoing:sewage#level=2'
[00:07:26] [Worker-ResourceReload-13/WARN]: Exception loading blockstate definition: 'industrialforegoing:blockstates/sewage.json' missing model for variant: 'industrialforegoing:sewage#level=3'
[00:07:26] [Worker-ResourceReload-13/WARN]: Exception loading blockstate definition: 'industrialforegoing:blockstates/sewage.json' missing model for variant: 'industrialforegoing:sewage#level=4'
[00:07:26] [Worker-ResourceReload-13/WARN]: Exception loading blockstate definition: 'industrialforegoing:blockstates/sewage.json' missing model for variant: 'industrialforegoing:sewage#level=5'
[00:07:26] [Worker-ResourceReload-13/WARN]: Exception loading blockstate definition: 'industrialforegoing:blockstates/sewage.json' missing model for variant: 'industrialforegoing:sewage#level=15'
[00:07:26] [Worker-ResourceReload-13/WARN]: Exception loading blockstate definition: 'industrialforegoing:blockstates/sewage.json' missing model for variant: 'industrialforegoing:sewage#level=0'
[00:07:26] [Worker-ResourceReload-13/WARN]: Exception loading blockstate definition: 'industrialforegoing:blockstates/sewage.json' missing model for variant: 'industrialforegoing:sewage#level=1'
[00:07:26] [Worker-ResourceReload-13/WARN]: Exception loading blockstate definition: 'industrialforegoing:blockstates/sewage.json' missing model for variant: 'industrialforegoing:sewage#level=12'
[00:07:26] [Worker-ResourceReload-13/WARN]: Exception loading blockstate definition: 'industrialforegoing:blockstates/sewage.json' missing model for variant: 'industrialforegoing:sewage#level=11'
[00:07:26] [Worker-ResourceReload-13/WARN]: Exception loading blockstate definition: 'industrialforegoing:blockstates/sewage.json' missing model for variant: 'industrialforegoing:sewage#level=14'
[00:07:26] [Worker-ResourceReload-13/WARN]: Exception loading blockstate definition: 'industrialforegoing:blockstates/sewage.json' missing model for variant: 'industrialforegoing:sewage#level=13'
[00:07:26] [Worker-ResourceReload-13/WARN]: Exception loading blockstate definition: 'industrialforegoing:blockstates/sewage.json' missing model for variant: 'industrialforegoing:sewage#level=6'
[00:07:26] [Worker-ResourceReload-13/WARN]: Exception loading blockstate definition: 'industrialforegoing:blockstates/sewage.json' missing model for variant: 'industrialforegoing:sewage#level=7'
[00:07:26] [Worker-ResourceReload-13/WARN]: Exception loading blockstate definition: 'industrialforegoing:blockstates/sewage.json' missing model for variant: 'industrialforegoing:sewage#level=8'
[00:07:26] [Worker-ResourceReload-13/WARN]: Exception loading blockstate definition: 'industrialforegoing:blockstates/sewage.json' missing model for variant: 'industrialforegoing:sewage#level=10'
[00:07:26] [Worker-ResourceReload-13/WARN]: Exception loading blockstate definition: 'industrialforegoing:blockstates/sewage.json' missing model for variant: 'industrialforegoing:sewage#level=9'
[00:07:26] [Worker-ResourceReload-13/WARN]: Exception loading blockstate definition: 'industrialforegoing:blockstates/essence.json' missing model for variant: 'industrialforegoing:essence#level=13'
[00:07:26] [Worker-ResourceReload-13/WARN]: Exception loading blockstate definition: 'industrialforegoing:blockstates/essence.json' missing model for variant: 'industrialforegoing:essence#level=14'
[00:07:26] [Worker-ResourceReload-13/WARN]: Exception loading blockstate definition: 'industrialforegoing:blockstates/essence.json' missing model for variant: 'industrialforegoing:essence#level=15'
[00:07:26] [Worker-ResourceReload-13/WARN]: Exception loading blockstate definition: 'industrialforegoing:blockstates/essence.json' missing model for variant: 'industrialforegoing:essence#level=3'
[00:07:26] [Worker-ResourceReload-13/WARN]: Exception loading blockstate definition: 'industrialforegoing:blockstates/essence.json' missing model for variant: 'industrialforegoing:essence#level=2'
[00:07:26] [Worker-ResourceReload-13/WARN]: Exception loading blockstate definition: 'industrialforegoing:blockstates/essence.json' missing model for variant: 'industrialforegoing:essence#level=1'
[00:07:26] [Worker-ResourceReload-13/WARN]: Exception loading blockstate definition: 'industrialforegoing:blockstates/essence.json' missing model for variant: 'industrialforegoing:essence#level=0'
[00:07:26] [Worker-ResourceReload-13/WARN]: Exception loading blockstate definition: 'industrialforegoing:blockstates/essence.json' missing model for variant: 'industrialforegoing:essence#level=9'
[00:07:26] [Worker-ResourceReload-13/WARN]: Exception loading blockstate definition: 'industrialforegoing:blockstates/essence.json' missing model for variant: 'industrialforegoing:essence#level=8'
[00:07:26] [Worker-ResourceReload-13/WARN]: Exception loading blockstate definition: 'industrialforegoing:blockstates/essence.json' missing model for variant: 'industrialforegoing:essence#level=7'
[00:07:26] [Worker-ResourceReload-13/WARN]: Exception loading blockstate definition: 'industrialforegoing:blockstates/essence.json' missing model for variant: 'industrialforegoing:essence#level=6'
[00:07:26] [Worker-ResourceReload-13/WARN]: Exception loading blockstate definition: 'industrialforegoing:blockstates/essence.json' missing model for variant: 'industrialforegoing:essence#level=5'
[00:07:26] [Worker-ResourceReload-13/WARN]: Exception loading blockstate definition: 'industrialforegoing:blockstates/essence.json' missing model for variant: 'industrialforegoing:essence#level=4'
[00:07:26] [Worker-ResourceReload-13/WARN]: Exception loading blockstate definition: 'industrialforegoing:blockstates/essence.json' missing model for variant: 'industrialforegoing:essence#level=10'
[00:07:26] [Worker-ResourceReload-13/WARN]: Exception loading blockstate definition: 'industrialforegoing:blockstates/essence.json' missing model for variant: 'industrialforegoing:essence#level=11'
[00:07:26] [Worker-ResourceReload-13/WARN]: Exception loading blockstate definition: 'industrialforegoing:blockstates/essence.json' missing model for variant: 'industrialforegoing:essence#level=12'
[00:07:26] [Worker-ResourceReload-13/WARN]: Exception loading blockstate definition: 'industrialforegoing:blockstates/sludge.json' missing model for variant: 'industrialforegoing:sludge#level=5'
[00:07:26] [Worker-ResourceReload-13/WARN]: Exception loading blockstate definition: 'industrialforegoing:blockstates/sludge.json' missing model for variant: 'industrialforegoing:sludge#level=4'
[00:07:26] [Worker-ResourceReload-13/WARN]: Exception loading blockstate definition: 'industrialforegoing:blockstates/sludge.json' missing model for variant: 'industrialforegoing:sludge#level=3'
[00:07:26] [Worker-ResourceReload-13/WARN]: Exception loading blockstate definition: 'industrialforegoing:blockstates/sludge.json' missing model for variant: 'industrialforegoing:sludge#level=2'
[00:07:26] [Worker-ResourceReload-13/WARN]: Exception loading blockstate definition: 'industrialforegoing:blockstates/sludge.json' missing model for variant: 'industrialforegoing:sludge#level=9'
[00:07:26] [Worker-ResourceReload-13/WARN]: Exception loading blockstate definition: 'industrialforegoing:blockstates/sludge.json' missing model for variant: 'industrialforegoing:sludge#level=8'
[00:07:26] [Worker-ResourceReload-13/WARN]: Exception loading blockstate definition: 'industrialforegoing:blockstates/sludge.json' missing model for variant: 'industrialforegoing:sludge#level=7'
[00:07:26] [Worker-ResourceReload-13/WARN]: Exception loading blockstate definition: 'industrialforegoing:blockstates/sludge.json' missing model for variant: 'industrialforegoing:sludge#level=6'
[00:07:26] [Worker-ResourceReload-13/WARN]: Exception loading blockstate definition: 'industrialforegoing:blockstates/sludge.json' missing model for variant: 'industrialforegoing:sludge#level=1'
[00:07:26] [Worker-ResourceReload-13/WARN]: Exception loading blockstate definition: 'industrialforegoing:blockstates/sludge.json' missing model for variant: 'industrialforegoing:sludge#level=0'
[00:07:26] [Worker-ResourceReload-13/WARN]: Exception loading blockstate definition: 'industrialforegoing:blockstates/sludge.json' missing model for variant: 'industrialforegoing:sludge#level=10'
[00:07:26] [Worker-ResourceReload-13/WARN]: Exception loading blockstate definition: 'industrialforegoing:blockstates/sludge.json' missing model for variant: 'industrialforegoing:sludge#level=15'
[00:07:26] [Worker-ResourceReload-13/WARN]: Exception loading blockstate definition: 'industrialforegoing:blockstates/sludge.json' missing model for variant: 'industrialforegoing:sludge#level=11'
[00:07:26] [Worker-ResourceReload-13/WARN]: Exception loading blockstate definition: 'industrialforegoing:blockstates/sludge.json' missing model for variant: 'industrialforegoing:sludge#level=12'
[00:07:26] [Worker-ResourceReload-13/WARN]: Exception loading blockstate definition: 'industrialforegoing:blockstates/sludge.json' missing model for variant: 'industrialforegoing:sludge#level=13'
[00:07:26] [Worker-ResourceReload-13/WARN]: Exception loading blockstate definition: 'industrialforegoing:blockstates/sludge.json' missing model for variant: 'industrialforegoing:sludge#level=14'
[00:07:26] [Worker-ResourceReload-13/WARN]: Exception loading blockstate definition: 'industrialforegoing:blockstates/pink_slime.json' missing model for variant: 'industrialforegoing:pink_slime#level=9'
[00:07:26] [Worker-ResourceReload-13/WARN]: Exception loading blockstate definition: 'industrialforegoing:blockstates/pink_slime.json' missing model for variant: 'industrialforegoing:pink_slime#level=8'
[00:07:26] [Worker-ResourceReload-13/WARN]: Exception loading blockstate definition: 'industrialforegoing:blockstates/pink_slime.json' missing model for variant: 'industrialforegoing:pink_slime#level=7'
[00:07:26] [Worker-ResourceReload-13/WARN]: Exception loading blockstate definition: 'industrialforegoing:blockstates/pink_slime.json' missing model for variant: 'industrialforegoing:pink_slime#level=6'
[00:07:26] [Worker-ResourceReload-13/WARN]: Exception loading blockstate definition: 'industrialforegoing:blockstates/pink_slime.json' missing model for variant: 'industrialforegoing:pink_slime#level=5'
[00:07:26] [Worker-ResourceReload-13/WARN]: Exception loading blockstate definition: 'industrialforegoing:blockstates/pink_slime.json' missing model for variant: 'industrialforegoing:pink_slime#level=4'
[00:07:26] [Worker-ResourceReload-13/WARN]: Exception loading blockstate definition: 'industrialforegoing:blockstates/pink_slime.json' missing model for variant: 'industrialforegoing:pink_slime#level=3'
[00:07:26] [Worker-ResourceReload-13/WARN]: Exception loading blockstate definition: 'industrialforegoing:blockstates/pink_slime.json' missing model for variant: 'industrialforegoing:pink_slime#level=10'
[00:07:26] [Worker-ResourceReload-13/WARN]: Exception loading blockstate definition: 'industrialforegoing:blockstates/pink_slime.json' missing model for variant: 'industrialforegoing:pink_slime#level=11'
[00:07:26] [Worker-ResourceReload-13/WARN]: Exception loading blockstate definition: 'industrialforegoing:blockstates/pink_slime.json' missing model for variant: 'industrialforegoing:pink_slime#level=12'
[00:07:26] [Worker-ResourceReload-13/WARN]: Exception loading blockstate definition: 'industrialforegoing:blockstates/pink_slime.json' missing model for variant: 'industrialforegoing:pink_slime#level=13'
[00:07:26] [Worker-ResourceReload-13/WARN]: Exception loading blockstate definition: 'industrialforegoing:blockstates/pink_slime.json' missing model for variant: 'industrialforegoing:pink_slime#level=14'
[00:07:26] [Worker-ResourceReload-13/WARN]: Exception loading blockstate definition: 'industrialforegoing:blockstates/pink_slime.json' missing model for variant: 'industrialforegoing:pink_slime#level=15'
[00:07:26] [Worker-ResourceReload-13/WARN]: Exception loading blockstate definition: 'industrialforegoing:blockstates/pink_slime.json' missing model for variant: 'industrialforegoing:pink_slime#level=2'
[00:07:26] [Worker-ResourceReload-13/WARN]: Exception loading blockstate definition: 'industrialforegoing:blockstates/pink_slime.json' missing model for variant: 'industrialforegoing:pink_slime#level=1'
[00:07:26] [Worker-ResourceReload-13/WARN]: Exception loading blockstate definition: 'industrialforegoing:blockstates/pink_slime.json' missing model for variant: 'industrialforegoing:pink_slime#level=0'
[00:07:26] [Worker-ResourceReload-13/WARN]: Exception loading blockstate definition: 'industrialforegoing:blockstates/biofuel.json' missing model for variant: 'industrialforegoing:biofuel#level=5'
[00:07:26] [Worker-ResourceReload-13/WARN]: Exception loading blockstate definition: 'industrialforegoing:blockstates/biofuel.json' missing model for variant: 'industrialforegoing:biofuel#level=4'
[00:07:26] [Worker-ResourceReload-13/WARN]: Exception loading blockstate definition: 'industrialforegoing:blockstates/biofuel.json' missing model for variant: 'industrialforegoing:biofuel#level=3'
[00:07:26] [Worker-ResourceReload-13/WARN]: Exception loading blockstate definition: 'industrialforegoing:blockstates/biofuel.json' missing model for variant: 'industrialforegoing:biofuel#level=2'
[00:07:26] [Worker-ResourceReload-13/WARN]: Exception loading blockstate definition: 'industrialforegoing:blockstates/biofuel.json' missing model for variant: 'industrialforegoing:biofuel#level=9'
[00:07:26] [Worker-ResourceReload-13/WARN]: Exception loading blockstate definition: 'industrialforegoing:blockstates/biofuel.json' missing model for variant: 'industrialforegoing:biofuel#level=8'
[00:07:26] [Worker-ResourceReload-13/WARN]: Exception loading blockstate definition: 'industrialforegoing:blockstates/biofuel.json' missing model for variant: 'industrialforegoing:biofuel#level=7'
[00:07:26] [Worker-ResourceReload-13/WARN]: Exception loading blockstate definition: 'industrialforegoing:blockstates/biofuel.json' missing model for variant: 'industrialforegoing:biofuel#level=6'
[00:07:26] [Worker-ResourceReload-13/WARN]: Exception loading blockstate definition: 'industrialforegoing:blockstates/biofuel.json' missing model for variant: 'industrialforegoing:biofuel#level=15'
[00:07:26] [Worker-ResourceReload-13/WARN]: Exception loading blockstate definition: 'industrialforegoing:blockstates/biofuel.json' missing model for variant: 'industrialforegoing:biofuel#level=11'
[00:07:26] [Worker-ResourceReload-13/WARN]: Exception loading blockstate definition: 'industrialforegoing:blockstates/biofuel.json' missing model for variant: 'industrialforegoing:biofuel#level=12'
[00:07:26] [Worker-ResourceReload-13/WARN]: Exception loading blockstate definition: 'industrialforegoing:blockstates/biofuel.json' missing model for variant: 'industrialforegoing:biofuel#level=13'
[00:07:26] [Worker-ResourceReload-13/WARN]: Exception loading blockstate definition: 'industrialforegoing:blockstates/biofuel.json' missing model for variant: 'industrialforegoing:biofuel#level=14'
[00:07:26] [Worker-ResourceReload-13/WARN]: Exception loading blockstate definition: 'industrialforegoing:blockstates/biofuel.json' missing model for variant: 'industrialforegoing:biofuel#level=10'
[00:07:26] [Worker-ResourceReload-13/WARN]: Exception loading blockstate definition: 'industrialforegoing:blockstates/biofuel.json' missing model for variant: 'industrialforegoing:biofuel#level=1'
[00:07:26] [Worker-ResourceReload-13/WARN]: Exception loading blockstate definition: 'industrialforegoing:blockstates/biofuel.json' missing model for variant: 'industrialforegoing:biofuel#level=0'
[00:07:26] [Worker-ResourceReload-13/WARN]: Exception loading blockstate definition: 'industrialforegoing:blockstates/ether_gas.json' missing model for variant: 'industrialforegoing:ether_gas#level=7'
[00:07:26] [Worker-ResourceReload-13/WARN]: Exception loading blockstate definition: 'industrialforegoing:blockstates/ether_gas.json' missing model for variant: 'industrialforegoing:ether_gas#level=6'
[00:07:26] [Worker-ResourceReload-13/WARN]: Exception loading blockstate definition: 'industrialforegoing:blockstates/ether_gas.json' missing model for variant: 'industrialforegoing:ether_gas#level=5'
[00:07:26] [Worker-ResourceReload-13/WARN]: Exception loading blockstate definition: 'industrialforegoing:blockstates/ether_gas.json' missing model for variant: 'industrialforegoing:ether_gas#level=4'
[00:07:26] [Worker-ResourceReload-13/WARN]: Exception loading blockstate definition: 'industrialforegoing:blockstates/ether_gas.json' missing model for variant: 'industrialforegoing:ether_gas#level=9'
[00:07:26] [Worker-ResourceReload-13/WARN]: Exception loading blockstate definition: 'industrialforegoing:blockstates/ether_gas.json' missing model for variant: 'industrialforegoing:ether_gas#level=8'
[00:07:26] [Worker-ResourceReload-13/WARN]: Exception loading blockstate definition: 'industrialforegoing:blockstates/ether_gas.json' missing model for variant: 'industrialforegoing:ether_gas#level=15'
[00:07:26] [Worker-ResourceReload-13/WARN]: Exception loading blockstate definition: 'industrialforegoing:blockstates/ether_gas.json' missing model for variant: 'industrialforegoing:ether_gas#level=14'
[00:07:26] [Worker-ResourceReload-13/WARN]: Exception loading blockstate definition: 'industrialforegoing:blockstates/ether_gas.json' missing model for variant: 'industrialforegoing:ether_gas#level=13'
[00:07:26] [Worker-ResourceReload-13/WARN]: Exception loading blockstate definition: 'industrialforegoing:blockstates/ether_gas.json' missing model for variant: 'industrialforegoing:ether_gas#level=12'
[00:07:26] [Worker-ResourceReload-13/WARN]: Exception loading blockstate definition: 'industrialforegoing:blockstates/ether_gas.json' missing model for variant: 'industrialforegoing:ether_gas#level=11'
[00:07:26] [Worker-ResourceReload-13/WARN]: Exception loading blockstate definition: 'industrialforegoing:blockstates/ether_gas.json' missing model for variant: 'industrialforegoing:ether_gas#level=10'
[00:07:26] [Worker-ResourceReload-13/WARN]: Exception loading blockstate definition: 'industrialforegoing:blockstates/ether_gas.json' missing model for variant: 'industrialforegoing:ether_gas#level=3'
[00:07:26] [Worker-ResourceReload-13/WARN]: Exception loading blockstate definition: 'industrialforegoing:blockstates/ether_gas.json' missing model for variant: 'industrialforegoing:ether_gas#level=2'
[00:07:26] [Worker-ResourceReload-13/WARN]: Exception loading blockstate definition: 'industrialforegoing:blockstates/ether_gas.json' missing model for variant: 'industrialforegoing:ether_gas#level=1'
[00:07:26] [Worker-ResourceReload-13/WARN]: Exception loading blockstate definition: 'industrialforegoing:blockstates/ether_gas.json' missing model for variant: 'industrialforegoing:ether_gas#level=0'
[00:07:26] [Worker-ResourceReload-13/WARN]: Exception loading blockstate definition: 'industrialforegoing:blockstates/raw_ore_meat.json' missing model for variant: 'industrialforegoing:raw_ore_meat#level=10'
[00:07:26] [Worker-ResourceReload-13/WARN]: Exception loading blockstate definition: 'industrialforegoing:blockstates/raw_ore_meat.json' missing model for variant: 'industrialforegoing:raw_ore_meat#level=11'
[00:07:26] [Worker-ResourceReload-13/WARN]: Exception loading blockstate definition: 'industrialforegoing:blockstates/raw_ore_meat.json' missing model for variant: 'industrialforegoing:raw_ore_meat#level=9'
[00:07:26] [Worker-ResourceReload-13/WARN]: Exception loading blockstate definition: 'industrialforegoing:blockstates/raw_ore_meat.json' missing model for variant: 'industrialforegoing:raw_ore_meat#level=8'
[00:07:26] [Worker-ResourceReload-13/WARN]: Exception loading blockstate definition: 'industrialforegoing:blockstates/raw_ore_meat.json' missing model for variant: 'industrialforegoing:raw_ore_meat#level=7'
[00:07:26] [Worker-ResourceReload-13/WARN]: Exception loading blockstate definition: 'industrialforegoing:blockstates/raw_ore_meat.json' missing model for variant: 'industrialforegoing:raw_ore_meat#level=6'
[00:07:26] [Worker-ResourceReload-13/WARN]: Exception loading blockstate definition: 'industrialforegoing:blockstates/raw_ore_meat.json' missing model for variant: 'industrialforegoing:raw_ore_meat#level=5'
[00:07:26] [Worker-ResourceReload-13/WARN]: Exception loading blockstate definition: 'industrialforegoing:blockstates/raw_ore_meat.json' missing model for variant: 'industrialforegoing:raw_ore_meat#level=4'
[00:07:26] [Worker-ResourceReload-13/WARN]: Exception loading blockstate definition: 'industrialforegoing:blockstates/raw_ore_meat.json' missing model for variant: 'industrialforegoing:raw_ore_meat#level=3'
[00:07:26] [Worker-ResourceReload-13/WARN]: Exception loading blockstate definition: 'industrialforegoing:blockstates/raw_ore_meat.json' missing model for variant: 'industrialforegoing:raw_ore_meat#level=2'
[00:07:26] [Worker-ResourceReload-13/WARN]: Exception loading blockstate definition: 'industrialforegoing:blockstates/raw_ore_meat.json' missing model for variant: 'industrialforegoing:raw_ore_meat#level=1'
[00:07:26] [Worker-ResourceReload-13/WARN]: Exception loading blockstate definition: 'industrialforegoing:blockstates/raw_ore_meat.json' missing model for variant: 'industrialforegoing:raw_ore_meat#level=0'
[00:07:26] [Worker-ResourceReload-13/WARN]: Exception loading blockstate definition: 'industrialforegoing:blockstates/raw_ore_meat.json' missing model for variant: 'industrialforegoing:raw_ore_meat#level=12'
[00:07:26] [Worker-ResourceReload-13/WARN]: Exception loading blockstate definition: 'industrialforegoing:blockstates/raw_ore_meat.json' missing model for variant: 'industrialforegoing:raw_ore_meat#level=13'
[00:07:26] [Worker-ResourceReload-13/WARN]: Exception loading blockstate definition: 'industrialforegoing:blockstates/raw_ore_meat.json' missing model for variant: 'industrialforegoing:raw_ore_meat#level=14'
[00:07:26] [Worker-ResourceReload-13/WARN]: Exception loading blockstate definition: 'industrialforegoing:blockstates/raw_ore_meat.json' missing model for variant: 'industrialforegoing:raw_ore_meat#level=15'
[00:07:26] [Worker-ResourceReload-13/WARN]: Exception loading blockstate definition: 'industrialforegoing:blockstates/fermented_ore_meat.json' missing model for variant: 'industrialforegoing:fermented_ore_meat#level=14'
[00:07:26] [Worker-ResourceReload-13/WARN]: Exception loading blockstate definition: 'industrialforegoing:blockstates/fermented_ore_meat.json' missing model for variant: 'industrialforegoing:fermented_ore_meat#level=15'
[00:07:26] [Worker-ResourceReload-13/WARN]: Exception loading blockstate definition: 'industrialforegoing:blockstates/fermented_ore_meat.json' missing model for variant: 'industrialforegoing:fermented_ore_meat#level=12'
[00:07:26] [Worker-ResourceReload-13/WARN]: Exception loading blockstate definition: 'industrialforegoing:blockstates/fermented_ore_meat.json' missing model for variant: 'industrialforegoing:fermented_ore_meat#level=13'
[00:07:26] [Worker-ResourceReload-13/WARN]: Exception loading blockstate definition: 'industrialforegoing:blockstates/fermented_ore_meat.json' missing model for variant: 'industrialforegoing:fermented_ore_meat#level=1'
[00:07:26] [Worker-ResourceReload-13/WARN]: Exception loading blockstate definition: 'industrialforegoing:blockstates/fermented_ore_meat.json' missing model for variant: 'industrialforegoing:fermented_ore_meat#level=2'
[00:07:26] [Worker-ResourceReload-13/WARN]: Exception loading blockstate definition: 'industrialforegoing:blockstates/fermented_ore_meat.json' missing model for variant: 'industrialforegoing:fermented_ore_meat#level=0'
[00:07:26] [Worker-ResourceReload-13/WARN]: Exception loading blockstate definition: 'industrialforegoing:blockstates/fermented_ore_meat.json' missing model for variant: 'industrialforegoing:fermented_ore_meat#level=5'
[00:07:26] [Worker-ResourceReload-13/WARN]: Exception loading blockstate definition: 'industrialforegoing:blockstates/fermented_ore_meat.json' missing model for variant: 'industrialforegoing:fermented_ore_meat#level=6'
[00:07:26] [Worker-ResourceReload-13/WARN]: Exception loading blockstate definition: 'industrialforegoing:blockstates/fermented_ore_meat.json' missing model for variant: 'industrialforegoing:fermented_ore_meat#level=3'
[00:07:26] [Worker-ResourceReload-13/WARN]: Exception loading blockstate definition: 'industrialforegoing:blockstates/fermented_ore_meat.json' missing model for variant: 'industrialforegoing:fermented_ore_meat#level=4'
[00:07:26] [Worker-ResourceReload-13/WARN]: Exception loading blockstate definition: 'industrialforegoing:blockstates/fermented_ore_meat.json' missing model for variant: 'industrialforegoing:fermented_ore_meat#level=9'
[00:07:26] [Worker-ResourceReload-13/WARN]: Exception loading blockstate definition: 'industrialforegoing:blockstates/fermented_ore_meat.json' missing model for variant: 'industrialforegoing:fermented_ore_meat#level=10'
[00:07:26] [Worker-ResourceReload-13/WARN]: Exception loading blockstate definition: 'industrialforegoing:blockstates/fermented_ore_meat.json' missing model for variant: 'industrialforegoing:fermented_ore_meat#level=11'
[00:07:26] [Worker-ResourceReload-13/WARN]: Exception loading blockstate definition: 'industrialforegoing:blockstates/fermented_ore_meat.json' missing model for variant: 'industrialforegoing:fermented_ore_meat#level=7'
[00:07:26] [Worker-ResourceReload-13/WARN]: Exception loading blockstate definition: 'industrialforegoing:blockstates/fermented_ore_meat.json' missing model for variant: 'industrialforegoing:fermented_ore_meat#level=8'
[00:07:26] [Worker-ResourceReload-13/WARN]: Exception loading blockstate definition: 'torchmaster:blockstates/invisible_light.json' missing model for variant: 'torchmaster:invisible_light#'
[00:07:26] [Worker-ResourceReload-13/WARN]: Exception loading blockstate definition: 'torchmaster:blockstates/invisible_light.json' in resourcepack: 'mod_resources': Neither 'variants' nor 'multipart' found
[00:07:27] [Worker-ResourceReload-13/WARN]: Exception loading blockstate definition: 'allthemodium:blockstates/soul_lava.json' missing model for variant: 'allthemodium:soul_lava#level=6'
[00:07:27] [Worker-ResourceReload-13/WARN]: Exception loading blockstate definition: 'allthemodium:blockstates/soul_lava.json' missing model for variant: 'allthemodium:soul_lava#level=7'
[00:07:27] [Worker-ResourceReload-13/WARN]: Exception loading blockstate definition: 'allthemodium:blockstates/soul_lava.json' missing model for variant: 'allthemodium:soul_lava#level=8'
[00:07:27] [Worker-ResourceReload-13/WARN]: Exception loading blockstate definition: 'allthemodium:blockstates/soul_lava.json' missing model for variant: 'allthemodium:soul_lava#level=10'
[00:07:27] [Worker-ResourceReload-13/WARN]: Exception loading blockstate definition: 'allthemodium:blockstates/soul_lava.json' missing model for variant: 'allthemodium:soul_lava#level=9'
[00:07:27] [Worker-ResourceReload-13/WARN]: Exception loading blockstate definition: 'allthemodium:blockstates/soul_lava.json' missing model for variant: 'allthemodium:soul_lava#level=12'
[00:07:27] [Worker-ResourceReload-13/WARN]: Exception loading blockstate definition: 'allthemodium:blockstates/soul_lava.json' missing model for variant: 'allthemodium:soul_lava#level=11'
[00:07:27] [Worker-ResourceReload-13/WARN]: Exception loading blockstate definition: 'allthemodium:blockstates/soul_lava.json' missing model for variant: 'allthemodium:soul_lava#level=14'
[00:07:27] [Worker-ResourceReload-13/WARN]: Exception loading blockstate definition: 'allthemodium:blockstates/soul_lava.json' missing model for variant: 'allthemodium:soul_lava#level=13'
[00:07:27] [Worker-ResourceReload-13/WARN]: Exception loading blockstate definition: 'allthemodium:blockstates/soul_lava.json' missing model for variant: 'allthemodium:soul_lava#level=15'
[00:07:27] [Worker-ResourceReload-13/WARN]: Exception loading blockstate definition: 'allthemodium:blockstates/soul_lava.json' missing model for variant: 'allthemodium:soul_lava#level=0'
[00:07:27] [Worker-ResourceReload-13/WARN]: Exception loading blockstate definition: 'allthemodium:blockstates/soul_lava.json' missing model for variant: 'allthemodium:soul_lava#level=1'
[00:07:27] [Worker-ResourceReload-13/WARN]: Exception loading blockstate definition: 'allthemodium:blockstates/soul_lava.json' missing model for variant: 'allthemodium:soul_lava#level=2'
[00:07:27] [Worker-ResourceReload-13/WARN]: Exception loading blockstate definition: 'allthemodium:blockstates/soul_lava.json' missing model for variant: 'allthemodium:soul_lava#level=3'
[00:07:27] [Worker-ResourceReload-13/WARN]: Exception loading blockstate definition: 'allthemodium:blockstates/soul_lava.json' missing model for variant: 'allthemodium:soul_lava#level=4'
[00:07:27] [Worker-ResourceReload-13/WARN]: Exception loading blockstate definition: 'allthemodium:blockstates/soul_lava.json' missing model for variant: 'allthemodium:soul_lava#level=5'
[00:07:27] [Worker-ResourceReload-13/WARN]: Exception loading blockstate definition: 'ars_nouveau:blockstates/magelight_torch.json' missing model for variant: 'ars_nouveau:magelight_torch#facing=east,floor=true,level=1,roof=true'
[00:07:27] [Worker-ResourceReload-13/WARN]: Exception loading blockstate definition: 'ars_nouveau:blockstates/magelight_torch.json' missing model for variant: 'ars_nouveau:magelight_torch#facing=east,floor=true,level=0,roof=true'
[00:07:27] [Worker-ResourceReload-13/WARN]: Exception loading blockstate definition: 'ars_nouveau:blockstates/magelight_torch.json' missing model for variant: 'ars_nouveau:magelight_torch#facing=east,floor=true,level=3,roof=true'
[00:07:27] [Worker-ResourceReload-13/WARN]: Exception loading blockstate definition: 'ars_nouveau:blockstates/magelight_torch.json' missing model for variant: 'ars_nouveau:magelight_torch#facing=north,floor=true,level=10,roof=true'
[00:07:27] [Worker-ResourceReload-13/WARN]: Exception loading blockstate definition: 'ars_nouveau:blockstates/magelight_torch.json' missing model for variant: 'ars_nouveau:magelight_torch#facing=north,floor=true,level=11,roof=true'
[00:07:27] [Worker-ResourceReload-13/WARN]: Exception loading blockstate definition: 'ars_nouveau:blockstates/magelight_torch.json' missing model for variant: 'ars_nouveau:magelight_torch#facing=north,floor=true,level=9,roof=true'
[00:07:27] [Worker-ResourceReload-13/WARN]: Exception loading blockstate definition: 'ars_nouveau:blockstates/magelight_torch.json' missing model for variant: 'ars_nouveau:magelight_torch#facing=east,floor=true,level=2,roof=true'
[00:07:27] [Worker-ResourceReload-13/WARN]: Exception loading blockstate definition: 'ars_nouveau:blockstates/magelight_torch.json' missing model for variant: 'ars_nouveau:magelight_torch#facing=east,floor=true,level=7,roof=true'
[00:07:27] [Worker-ResourceReload-13/WARN]: Exception loading blockstate definition: 'ars_nouveau:blockstates/magelight_torch.json' missing model for variant: 'ars_nouveau:magelight_torch#facing=north,floor=true,level=4,roof=true'
[00:07:27] [Worker-ResourceReload-13/WARN]: Exception loading blockstate definition: 'ars_nouveau:blockstates/magelight_torch.json' missing model for variant: 'ars_nouveau:magelight_torch#facing=east,floor=true,level=8,roof=true'
[00:07:27] [Worker-ResourceReload-13/WARN]: Exception loading blockstate definition: 'ars_nouveau:blockstates/magelight_torch.json' missing model for variant: 'ars_nouveau:magelight_torch#facing=north,floor=true,level=14,roof=true'
[00:07:27] [Worker-ResourceReload-13/WARN]: Exception loading blockstate definition: 'ars_nouveau:blockstates/magelight_torch.json' missing model for variant: 'ars_nouveau:magelight_torch#facing=east,floor=true,level=12,roof=true'
[00:07:27] [Worker-ResourceReload-13/WARN]: Exception loading blockstate definition: 'ars_nouveau:blockstates/magelight_torch.json' missing model for variant: 'ars_nouveau:magelight_torch#facing=east,floor=true,level=13,roof=true'
[00:07:27] [Worker-ResourceReload-13/WARN]: Exception loading blockstate definition: 'ars_nouveau:blockstates/magelight_torch.json' missing model for variant: 'ars_nouveau:magelight_torch#facing=north,floor=true,level=13,roof=true'
[00:07:27] [Worker-ResourceReload-13/WARN]: Exception loading blockstate definition: 'ars_nouveau:blockstates/magelight_torch.json' missing model for variant: 'ars_nouveau:magelight_torch#facing=north,floor=true,level=3,roof=true'
[00:07:27] [Worker-ResourceReload-13/WARN]: Exception loading blockstate definition: 'ars_nouveau:blockstates/magelight_torch.json' missing model for variant: 'ars_nouveau:magelight_torch#facing=east,floor=true,level=14,roof=true'
[00:07:27] [Worker-ResourceReload-13/WARN]: Exception loading blockstate definition: 'ars_nouveau:blockstates/magelight_torch.json' missing model for variant: 'ars_nouveau:magelight_torch#facing=east,floor=true,level=11,roof=true'
[00:07:27] [Worker-ResourceReload-13/WARN]: Exception loading blockstate definition: 'ars_nouveau:blockstates/magelight_torch.json' missing model for variant: 'ars_nouveau:magelight_torch#facing=north,floor=true,level=2,roof=true'
[00:07:27] [Worker-ResourceReload-13/WARN]: Exception loading blockstate definition: 'ars_nouveau:blockstates/magelight_torch.json' missing model for variant: 'ars_nouveau:magelight_torch#facing=north,floor=true,level=5,roof=true'
[00:07:27] [Worker-ResourceReload-13/WARN]: Exception loading blockstate definition: 'ars_nouveau:blockstates/magelight_torch.json' missing model for variant: 'ars_nouveau:magelight_torch#facing=east,floor=true,level=15,roof=true'
[00:07:27] [Worker-ResourceReload-13/WARN]: Exception loading blockstate definition: 'ars_nouveau:blockstates/magelight_torch.json' missing model for variant: 'ars_nouveau:magelight_torch#facing=east,floor=true,level=9,roof=true'
[00:07:27] [Worker-ResourceReload-13/WARN]: Exception loading blockstate definition: 'ars_nouveau:blockstates/magelight_torch.json' missing model for variant: 'ars_nouveau:magelight_torch#facing=north,floor=true,level=15,roof=true'
[00:07:27] [Worker-ResourceReload-13/WARN]: Exception loading blockstate definition: 'ars_nouveau:blockstates/magelight_torch.json' missing model for variant: 'ars_nouveau:magelight_torch#facing=east,floor=true,level=6,roof=true'
[00:07:27] [Worker-ResourceReload-13/WARN]: Exception loading blockstate definition: 'ars_nouveau:blockstates/magelight_torch.json' missing model for variant: 'ars_nouveau:magelight_torch#facing=north,floor=true,level=12,roof=true'
[00:07:27] [Worker-ResourceReload-13/WARN]: Exception loading blockstate definition: 'ars_nouveau:blockstates/magelight_torch.json' missing model for variant: 'ars_nouveau:magelight_torch#facing=north,floor=true,level=8,roof=true'
[00:07:27] [Worker-ResourceReload-13/WARN]: Exception loading blockstate definition: 'ars_nouveau:blockstates/magelight_torch.json' missing model for variant: 'ars_nouveau:magelight_torch#facing=north,floor=true,level=0,roof=true'
[00:07:27] [Worker-ResourceReload-13/WARN]: Exception loading blockstate definition: 'ars_nouveau:blockstates/magelight_torch.json' missing model for variant: 'ars_nouveau:magelight_torch#facing=north,floor=true,level=7,roof=true'
[00:07:27] [Worker-ResourceReload-13/WARN]: Exception loading blockstate definition: 'ars_nouveau:blockstates/magelight_torch.json' missing model for variant: 'ars_nouveau:magelight_torch#facing=east,floor=true,level=4,roof=true'
[00:07:27] [Worker-ResourceReload-13/WARN]: Exception loading blockstate definition: 'ars_nouveau:blockstates/magelight_torch.json' missing model for variant: 'ars_nouveau:magelight_torch#facing=east,floor=true,level=5,roof=true'
[00:07:27] [Worker-ResourceReload-13/WARN]: Exception loading blockstate definition: 'ars_nouveau:blockstates/magelight_torch.json' missing model for variant: 'ars_nouveau:magelight_torch#facing=north,floor=true,level=6,roof=true'
[00:07:27] [Worker-ResourceReload-13/WARN]: Exception loading blockstate definition: 'ars_nouveau:blockstates/magelight_torch.json' missing model for variant: 'ars_nouveau:magelight_torch#facing=east,floor=true,level=10,roof=true'
[00:07:27] [Worker-ResourceReload-13/WARN]: Exception loading blockstate definition: 'ars_nouveau:blockstates/magelight_torch.json' missing model for variant: 'ars_nouveau:magelight_torch#facing=north,floor=true,level=1,roof=true'
[00:07:28] [Worker-ResourceReload-13/WARN]: Exception loading blockstate definition: 'webdisplays:blockstates/kb_left.json' missing model for variant: 'webdisplays:kb_left#facing=south,type=default_peripheral_remotectrl'
[00:07:28] [Worker-ResourceReload-13/WARN]: Exception loading blockstate definition: 'webdisplays:blockstates/kb_left.json' missing model for variant: 'webdisplays:kb_left#facing=west,type=default_peripheral_remotectrl'
[00:07:28] [Worker-ResourceReload-13/WARN]: Exception loading blockstate definition: 'webdisplays:blockstates/kb_left.json' missing model for variant: 'webdisplays:kb_left#facing=east,type=default_peripheral_redstonectrl'
[00:07:28] [Worker-ResourceReload-13/WARN]: Exception loading blockstate definition: 'webdisplays:blockstates/kb_left.json' missing model for variant: 'webdisplays:kb_left#facing=north,type=default_peripheral_remotectrl'
[00:07:28] [Worker-ResourceReload-13/WARN]: Exception loading blockstate definition: 'webdisplays:blockstates/kb_left.json' missing model for variant: 'webdisplays:kb_left#facing=east,type=default_peripheral_server'
[00:07:28] [Worker-ResourceReload-13/WARN]: Exception loading blockstate definition: 'webdisplays:blockstates/kb_left.json' missing model for variant: 'webdisplays:kb_left#facing=south,type=default_peripheral_server'
[00:07:28] [Worker-ResourceReload-13/WARN]: Exception loading blockstate definition: 'webdisplays:blockstates/kb_left.json' missing model for variant: 'webdisplays:kb_left#facing=west,type=default_peripheral_redstonectrl'
[00:07:28] [Worker-ResourceReload-13/WARN]: Exception loading blockstate definition: 'webdisplays:blockstates/kb_left.json' missing model for variant: 'webdisplays:kb_left#facing=south,type=default_peripheral_redstonectrl'
[00:07:28] [Worker-ResourceReload-13/WARN]: Exception loading blockstate definition: 'webdisplays:blockstates/kb_left.json' missing model for variant: 'webdisplays:kb_left#facing=north,type=default_peripheral_server'
[00:07:28] [Worker-ResourceReload-13/WARN]: Exception loading blockstate definition: 'webdisplays:blockstates/kb_left.json' missing model for variant: 'webdisplays:kb_left#facing=north,type=default_peripheral_redstonectrl'
[00:07:28] [Worker-ResourceReload-13/WARN]: Exception loading blockstate definition: 'webdisplays:blockstates/kb_left.json' missing model for variant: 'webdisplays:kb_left#facing=east,type=default_peripheral_remotectrl'
[00:07:28] [Worker-ResourceReload-13/WARN]: Exception loading blockstate definition: 'webdisplays:blockstates/kb_left.json' missing model for variant: 'webdisplays:kb_left#facing=west,type=default_peripheral_server'
[00:07:30] [Worker-ResourceReload-13/WARN]: Exception loading blockstate definition: 'rftoolsbuilder:blockstates/invisible_mover.json' missing model for variant: 'rftoolsbuilder:invisible_mover#'
[00:07:30] [Worker-ResourceReload-13/WARN]: Exception loading blockstate definition: 'mysticalagriculture:blockstates/allthemodium_crop.json' missing model for variant: 'mysticalagriculture:allthemodium_crop#age=7'
[00:07:30] [Worker-ResourceReload-13/WARN]: Exception loading blockstate definition: 'mysticalagriculture:blockstates/allthemodium_crop.json' missing model for variant: 'mysticalagriculture:allthemodium_crop#age=0'
[00:07:30] [Worker-ResourceReload-13/WARN]: Exception loading blockstate definition: 'mysticalagriculture:blockstates/allthemodium_crop.json' missing model for variant: 'mysticalagriculture:allthemodium_crop#age=2'
[00:07:30] [Worker-ResourceReload-13/WARN]: Exception loading blockstate definition: 'mysticalagriculture:blockstates/allthemodium_crop.json' missing model for variant: 'mysticalagriculture:allthemodium_crop#age=1'
[00:07:30] [Worker-ResourceReload-13/WARN]: Exception loading blockstate definition: 'mysticalagriculture:blockstates/allthemodium_crop.json' missing model for variant: 'mysticalagriculture:allthemodium_crop#age=4'
[00:07:30] [Worker-ResourceReload-13/WARN]: Exception loading blockstate definition: 'mysticalagriculture:blockstates/allthemodium_crop.json' missing model for variant: 'mysticalagriculture:allthemodium_crop#age=3'
[00:07:30] [Worker-ResourceReload-13/WARN]: Exception loading blockstate definition: 'mysticalagriculture:blockstates/allthemodium_crop.json' missing model for variant: 'mysticalagriculture:allthemodium_crop#age=6'
[00:07:30] [Worker-ResourceReload-13/WARN]: Exception loading blockstate definition: 'mysticalagriculture:blockstates/allthemodium_crop.json' missing model for variant: 'mysticalagriculture:allthemodium_crop#age=5'
[00:07:30] [Worker-ResourceReload-13/WARN]: Exception loading blockstate definition: 'mysticalagriculture:blockstates/azure_silver_crop.json' missing model for variant: 'mysticalagriculture:azure_silver_crop#age=1'
[00:07:30] [Worker-ResourceReload-13/WARN]: Exception loading blockstate definition: 'mysticalagriculture:blockstates/azure_silver_crop.json' missing model for variant: 'mysticalagriculture:azure_silver_crop#age=2'
[00:07:30] [Worker-ResourceReload-13/WARN]: Exception loading blockstate definition: 'mysticalagriculture:blockstates/azure_silver_crop.json' missing model for variant: 'mysticalagriculture:azure_silver_crop#age=3'
[00:07:30] [Worker-ResourceReload-13/WARN]: Exception loading blockstate definition: 'mysticalagriculture:blockstates/azure_silver_crop.json' missing model for variant: 'mysticalagriculture:azure_silver_crop#age=4'
[00:07:30] [Worker-ResourceReload-13/WARN]: Exception loading blockstate definition: 'mysticalagriculture:blockstates/azure_silver_crop.json' missing model for variant: 'mysticalagriculture:azure_silver_crop#age=5'
[00:07:30] [Worker-ResourceReload-13/WARN]: Exception loading blockstate definition: 'mysticalagriculture:blockstates/azure_silver_crop.json' missing model for variant: 'mysticalagriculture:azure_silver_crop#age=6'
[00:07:30] [Worker-ResourceReload-13/WARN]: Exception loading blockstate definition: 'mysticalagriculture:blockstates/azure_silver_crop.json' missing model for variant: 'mysticalagriculture:azure_silver_crop#age=7'
[00:07:30] [Worker-ResourceReload-13/WARN]: Exception loading blockstate definition: 'mysticalagriculture:blockstates/azure_silver_crop.json' missing model for variant: 'mysticalagriculture:azure_silver_crop#age=0'
[00:07:30] [Worker-ResourceReload-13/WARN]: Exception loading blockstate definition: 'mysticalagriculture:blockstates/crimson_iron_crop.json' missing model for variant: 'mysticalagriculture:crimson_iron_crop#age=7'
[00:07:30] [Worker-ResourceReload-13/WARN]: Exception loading blockstate definition: 'mysticalagriculture:blockstates/crimson_iron_crop.json' missing model for variant: 'mysticalagriculture:crimson_iron_crop#age=6'
[00:07:30] [Worker-ResourceReload-13/WARN]: Exception loading blockstate definition: 'mysticalagriculture:blockstates/crimson_iron_crop.json' missing model for variant: 'mysticalagriculture:crimson_iron_crop#age=3'
[00:07:30] [Worker-ResourceReload-13/WARN]: Exception loading blockstate definition: 'mysticalagriculture:blockstates/crimson_iron_crop.json' missing model for variant: 'mysticalagriculture:crimson_iron_crop#age=2'
[00:07:30] [Worker-ResourceReload-13/WARN]: Exception loading blockstate definition: 'mysticalagriculture:blockstates/crimson_iron_crop.json' missing model for variant: 'mysticalagriculture:crimson_iron_crop#age=5'
[00:07:30] [Worker-ResourceReload-13/WARN]: Exception loading blockstate definition: 'mysticalagriculture:blockstates/crimson_iron_crop.json' missing model for variant: 'mysticalagriculture:crimson_iron_crop#age=4'
[00:07:30] [Worker-ResourceReload-13/WARN]: Exception loading blockstate definition: 'mysticalagriculture:blockstates/crimson_iron_crop.json' missing model for variant: 'mysticalagriculture:crimson_iron_crop#age=1'
[00:07:30] [Worker-ResourceReload-13/WARN]: Exception loading blockstate definition: 'mysticalagriculture:blockstates/crimson_iron_crop.json' missing model for variant: 'mysticalagriculture:crimson_iron_crop#age=0'
[00:07:30] [Worker-ResourceReload-13/WARN]: Exception loading blockstate definition: 'mysticalagriculture:blockstates/prosperity_shard_crop.json' missing model for variant: 'mysticalagriculture:prosperity_shard_crop#age=7'
[00:07:30] [Worker-ResourceReload-13/WARN]: Exception loading blockstate definition: 'mysticalagriculture:blockstates/prosperity_shard_crop.json' missing model for variant: 'mysticalagriculture:prosperity_shard_crop#age=6'
[00:07:30] [Worker-ResourceReload-13/WARN]: Exception loading blockstate definition: 'mysticalagriculture:blockstates/prosperity_shard_crop.json' missing model for variant: 'mysticalagriculture:prosperity_shard_crop#age=5'
[00:07:30] [Worker-ResourceReload-13/WARN]: Exception loading blockstate definition: 'mysticalagriculture:blockstates/prosperity_shard_crop.json' missing model for variant: 'mysticalagriculture:prosperity_shard_crop#age=4'
[00:07:30] [Worker-ResourceReload-13/WARN]: Exception loading blockstate definition: 'mysticalagriculture:blockstates/prosperity_shard_crop.json' missing model for variant: 'mysticalagriculture:prosperity_shard_crop#age=3'
[00:07:30] [Worker-ResourceReload-13/WARN]: Exception loading blockstate definition: 'mysticalagriculture:blockstates/prosperity_shard_crop.json' missing model for variant: 'mysticalagriculture:prosperity_shard_crop#age=2'
[00:07:30] [Worker-ResourceReload-13/WARN]: Exception loading blockstate definition: 'mysticalagriculture:blockstates/prosperity_shard_crop.json' missing model for variant: 'mysticalagriculture:prosperity_shard_crop#age=1'
[00:07:30] [Worker-ResourceReload-13/WARN]: Exception loading blockstate definition: 'mysticalagriculture:blockstates/prosperity_shard_crop.json' missing model for variant: 'mysticalagriculture:prosperity_shard_crop#age=0'
[00:07:30] [Worker-ResourceReload-13/WARN]: Exception loading blockstate definition: 'mysticalagriculture:blockstates/unobtainium_crop.json' missing model for variant: 'mysticalagriculture:unobtainium_crop#age=7'
[00:07:30] [Worker-ResourceReload-13/WARN]: Exception loading blockstate definition: 'mysticalagriculture:blockstates/unobtainium_crop.json' missing model for variant: 'mysticalagriculture:unobtainium_crop#age=6'
[00:07:30] [Worker-ResourceReload-13/WARN]: Exception loading blockstate definition: 'mysticalagriculture:blockstates/unobtainium_crop.json' missing model for variant: 'mysticalagriculture:unobtainium_crop#age=5'
[00:07:30] [Worker-ResourceReload-13/WARN]: Exception loading blockstate definition: 'mysticalagriculture:blockstates/unobtainium_crop.json' missing model for variant: 'mysticalagriculture:unobtainium_crop#age=4'
[00:07:30] [Worker-ResourceReload-13/WARN]: Exception loading blockstate definition: 'mysticalagriculture:blockstates/unobtainium_crop.json' missing model for variant: 'mysticalagriculture:unobtainium_crop#age=3'
[00:07:30] [Worker-ResourceReload-13/WARN]: Exception loading blockstate definition: 'mysticalagriculture:blockstates/unobtainium_crop.json' missing model for variant: 'mysticalagriculture:unobtainium_crop#age=2'
[00:07:30] [Worker-ResourceReload-13/WARN]: Exception loading blockstate definition: 'mysticalagriculture:blockstates/unobtainium_crop.json' missing model for variant: 'mysticalagriculture:unobtainium_crop#age=1'
[00:07:30] [Worker-ResourceReload-13/WARN]: Exception loading blockstate definition: 'mysticalagriculture:blockstates/unobtainium_crop.json' missing model for variant: 'mysticalagriculture:unobtainium_crop#age=0'
[00:07:30] [Worker-ResourceReload-13/WARN]: Exception loading blockstate definition: 'mysticalagriculture:blockstates/vibranium_crop.json' missing model for variant: 'mysticalagriculture:vibranium_crop#age=7'
[00:07:30] [Worker-ResourceReload-13/WARN]: Exception loading blockstate definition: 'mysticalagriculture:blockstates/vibranium_crop.json' missing model for variant: 'mysticalagriculture:vibranium_crop#age=6'
[00:07:30] [Worker-ResourceReload-13/WARN]: Exception loading blockstate definition: 'mysticalagriculture:blockstates/vibranium_crop.json' missing model for variant: 'mysticalagriculture:vibranium_crop#age=5'
[00:07:30] [Worker-ResourceReload-13/WARN]: Exception loading blockstate definition: 'mysticalagriculture:blockstates/vibranium_crop.json' missing model for variant: 'mysticalagriculture:vibranium_crop#age=4'
[00:07:30] [Worker-ResourceReload-13/WARN]: Exception loading blockstate definition: 'mysticalagriculture:blockstates/vibranium_crop.json' missing model for variant: 'mysticalagriculture:vibranium_crop#age=3'
[00:07:30] [Worker-ResourceReload-13/WARN]: Exception loading blockstate definition: 'mysticalagriculture:blockstates/vibranium_crop.json' missing model for variant: 'mysticalagriculture:vibranium_crop#age=2'
[00:07:30] [Worker-ResourceReload-13/WARN]: Exception loading blockstate definition: 'mysticalagriculture:blockstates/vibranium_crop.json' missing model for variant: 'mysticalagriculture:vibranium_crop#age=1'
[00:07:30] [Worker-ResourceReload-13/WARN]: Exception loading blockstate definition: 'mysticalagriculture:blockstates/vibranium_crop.json' missing model for variant: 'mysticalagriculture:vibranium_crop#age=0'
[00:07:30] [Worker-ResourceReload-13/WARN]: Exception loading blockstate definition: 'forbidden_arcanus:blockstates/upwind.json' missing model for variant: 'forbidden_arcanus:upwind#'
[00:07:30] [Render thread/WARN]: Mod 'quartz' took 2.692 s to run a deferred task.
[00:07:31] [Worker-ResourceReload-13/WARN]: Unable to load model: 'industrialforegoing:transporter#inventory' referenced from: industrialforegoing:transporter#inventory: java.io.FileNotFoundException: industrialforegoing:models/item/transporter.json
[00:07:31] [Worker-ResourceReload-13/WARN]: Unable to load model: 'occultism:lighted_air#inventory' referenced from: occultism:lighted_air#inventory: java.io.FileNotFoundException: occultism:models/item/lighted_air.json
[00:07:31] [Worker-ResourceReload-13/WARN]: Unable to load model: 'refinedstorage:cover#inventory' referenced from: refinedstorage:cover#inventory: java.io.FileNotFoundException: refinedstorage:models/item/cover.json
[00:07:31] [Worker-ResourceReload-13/WARN]: Unable to load model: 'refinedstorage:hollow_cover#inventory' referenced from: refinedstorage:hollow_cover#inventory: java.io.FileNotFoundException: refinedstorage:models/item/hollow_cover.json
[00:07:31] [Worker-ResourceReload-13/WARN]: Unable to load model: 'bloodmagic:inversion_pillar_cap#inventory' referenced from: bloodmagic:inversion_pillar_cap#inventory: java.io.FileNotFoundException: bloodmagic:models/item/inversion_pillar_cap.json
[00:07:31] [Worker-ResourceReload-13/WARN]: Unable to load model: 'draconicevolution:block/structure_block' referenced from: draconicevolution:structure_block#inventory: java.io.FileNotFoundException: draconicevolution:models/block/structure_block.json
[00:07:31] [Worker-ResourceReload-13/WARN]: Unable to load model: 'mysticalagriculture:allthemodium_essence#inventory' referenced from: mysticalagriculture:allthemodium_essence#inventory: java.io.FileNotFoundException: mysticalagriculture:models/item/allthemodium_essence.json
[00:07:31] [Worker-ResourceReload-13/WARN]: Unable to load model: 'mysticalagriculture:azure_silver_essence#inventory' referenced from: mysticalagriculture:azure_silver_essence#inventory: java.io.FileNotFoundException: mysticalagriculture:models/item/azure_silver_essence.json
[00:07:31] [Worker-ResourceReload-13/WARN]: Unable to load model: 'mysticalagriculture:crimson_iron_essence#inventory' referenced from: mysticalagriculture:crimson_iron_essence#inventory: java.io.FileNotFoundException: mysticalagriculture:models/item/crimson_iron_essence.json
[00:07:31] [Worker-ResourceReload-13/WARN]: Unable to load model: 'mysticalagriculture:prosperity_shard_essence#inventory' referenced from: mysticalagriculture:prosperity_shard_essence#inventory: java.io.FileNotFoundException: mysticalagriculture:models/item/prosperity_shard_essence.json
[00:07:31] [Worker-ResourceReload-13/WARN]: Unable to load model: 'mysticalagriculture:unobtainium_essence#inventory' referenced from: mysticalagriculture:unobtainium_essence#inventory: java.io.FileNotFoundException: mysticalagriculture:models/item/unobtainium_essence.json
[00:07:31] [Worker-ResourceReload-13/WARN]: Unable to load model: 'mysticalagriculture:vibranium_essence#inventory' referenced from: mysticalagriculture:vibranium_essence#inventory: java.io.FileNotFoundException: mysticalagriculture:models/item/vibranium_essence.json
[00:07:31] [Worker-ResourceReload-13/WARN]: Unable to load model: 'mysticalagriculture:allthemodium_seeds#inventory' referenced from: mysticalagriculture:allthemodium_seeds#inventory: java.io.FileNotFoundException: mysticalagriculture:models/item/allthemodium_seeds.json
[00:07:31] [Worker-ResourceReload-13/WARN]: Unable to load model: 'mysticalagriculture:azure_silver_seeds#inventory' referenced from: mysticalagriculture:azure_silver_seeds#inventory: java.io.FileNotFoundException: mysticalagriculture:models/item/azure_silver_seeds.json
[00:07:31] [Worker-ResourceReload-13/WARN]: Unable to load model: 'mysticalagriculture:crimson_iron_seeds#inventory' referenced from: mysticalagriculture:crimson_iron_seeds#inventory: java.io.FileNotFoundException: mysticalagriculture:models/item/crimson_iron_seeds.json
[00:07:31] [Worker-ResourceReload-13/WARN]: Unable to load model: 'mysticalagriculture:prosperity_shard_seeds#inventory' referenced from: mysticalagriculture:prosperity_shard_seeds#inventory: java.io.FileNotFoundException: mysticalagriculture:models/item/prosperity_shard_seeds.json
[00:07:31] [Worker-ResourceReload-13/WARN]: Unable to load model: 'mysticalagriculture:unobtainium_seeds#inventory' referenced from: mysticalagriculture:unobtainium_seeds#inventory: java.io.FileNotFoundException: mysticalagriculture:models/item/unobtainium_seeds.json
[00:07:31] [Worker-ResourceReload-13/WARN]: Unable to load model: 'mysticalagriculture:vibranium_seeds#inventory' referenced from: mysticalagriculture:vibranium_seeds#inventory: java.io.FileNotFoundException: mysticalagriculture:models/item/vibranium_seeds.json
[00:07:31] [Worker-ResourceReload-13/WARN]: Unable to load model: 'supplementaries:block/hanging_flower_pot_rope' referenced from: supplementaries:block/hanging_flower_pot_rope: java.io.FileNotFoundException: supplementaries:models/block/hanging_flower_pot_rope.json
[00:07:44] [Worker-ResourceReload-13/WARN]: Missing textures in model exdeorum:umbran_sieve#:
    minecraft:textures/atlas/blocks.png:biomesoplenty:block/umbran_planks
[00:07:44] [Worker-ResourceReload-13/WARN]: Missing textures in model exdeorum:dusk_barrel#:
    minecraft:textures/atlas/blocks.png:blue_skies:block/wood/dusk_planks
[00:07:44] [Worker-ResourceReload-13/WARN]: Missing textures in model exdeorum:skyroot_barrel#:
    minecraft:textures/atlas/blocks.png:aether:block/construction/skyroot_planks
[00:07:44] [Worker-ResourceReload-13/WARN]: Missing textures in model exdeorum:lunar_crucible#:
    minecraft:textures/atlas/blocks.png:blue_skies:block/wood/lunar_log_side
[00:07:44] [Worker-ResourceReload-13/WARN]: Missing textures in model exdeorum:magic_compressed_sieve#inventory:
    minecraft:textures/atlas/blocks.png:biomesoplenty:block/magic_log
[00:07:44] [Worker-ResourceReload-13/WARN]: Missing textures in model exdeorum:mahogany_crucible#:
    minecraft:textures/atlas/blocks.png:biomesoplenty:block/mahogany_log
[00:07:44] [Worker-ResourceReload-13/WARN]: Missing textures in model integrateddynamics:aspect/write/itemstack/refinedstorage/cancelcraft:
    minecraft:textures/atlas/blocks.png:integrateddynamics:aspect/write/itemstack/refinedstorage/cancelcraft
[00:07:44] [Worker-ResourceReload-13/WARN]: Missing textures in model exdeorum:dead_barrel#:
    minecraft:textures/atlas/blocks.png:biomesoplenty:block/dead_planks
[00:07:44] [Worker-ResourceReload-13/WARN]: Missing textures in model exdeorum:jacaranda_barrel#:
    minecraft:textures/atlas/blocks.png:biomesoplenty:block/jacaranda_planks
[00:07:44] [Worker-ResourceReload-13/WARN]: Missing textures in model exdeorum:willow_barrel#inventory:
    minecraft:textures/atlas/blocks.png:biomesoplenty:block/willow_planks
[00:07:44] [Worker-ResourceReload-13/WARN]: Missing textures in model exdeorum:golden_oak_compressed_sieve#:
    minecraft:textures/atlas/blocks.png:aether:block/natural/golden_oak_log
[00:07:44] [Worker-ResourceReload-13/WARN]: Missing textures in model exdeorum:frostbright_barrel#inventory:
    minecraft:textures/atlas/blocks.png:blue_skies:block/wood/frostbright_planks
[00:07:44] [Worker-ResourceReload-13/WARN]: Missing textures in model enderio:ender_chemical_conduit#inventory:
    minecraft:textures/atlas/blocks.png:enderio:block/conduit/power1
[00:07:44] [Worker-ResourceReload-13/WARN]: Missing textures in model exdeorum:redwood_sieve#:
    minecraft:textures/atlas/blocks.png:biomesoplenty:block/redwood_planks
[00:07:44] [Worker-ResourceReload-13/WARN]: Missing textures in model exdeorum:crystallized_barrel#:
    minecraft:textures/atlas/blocks.png:blue_skies:block/wood/crystallized_planks
[00:07:44] [Worker-ResourceReload-13/WARN]: Missing textures in model exdeorum:hellbark_sieve#inventory:
    minecraft:textures/atlas/blocks.png:biomesoplenty:block/hellbark_planks
[00:07:44] [Worker-ResourceReload-13/WARN]: Missing textures in model exdeorum:redwood_barrel#:
    minecraft:textures/atlas/blocks.png:biomesoplenty:block/redwood_planks
[00:07:44] [Worker-ResourceReload-13/WARN]: Missing textures in model integrateddynamics:aspect/write/list/refinedstorage/craft:
    minecraft:textures/atlas/blocks.png:integrateddynamics:aspect/write/list/refinedstorage/craft
[00:07:44] [Worker-ResourceReload-13/WARN]: Missing textures in model exdeorum:skyroot_compressed_sieve#:
    minecraft:textures/atlas/blocks.png:aether:block/natural/skyroot_log
[00:07:44] [Worker-ResourceReload-13/WARN]: Missing textures in model enderio:ender_fluid_conduit#inventory:
    minecraft:textures/atlas/blocks.png:enderio:block/conduit/power1
[00:07:44] [Worker-ResourceReload-13/WARN]: Missing textures in model integrateddynamics:aspect/write/itemstack/refinedstorage/craft:
    minecraft:textures/atlas/blocks.png:integrateddynamics:aspect/write/itemstack/refinedstorage/craft
[00:07:44] [Worker-ResourceReload-13/WARN]: Missing textures in model exdeorum:skyroot_compressed_sieve#inventory:
    minecraft:textures/atlas/blocks.png:aether:block/natural/skyroot_log
[00:07:44] [Worker-ResourceReload-13/WARN]: Missing textures in model exdeorum:dead_barrel#inventory:
    minecraft:textures/atlas/blocks.png:biomesoplenty:block/dead_planks
[00:07:44] [Worker-ResourceReload-13/WARN]: Missing textures in model exdeorum:jacaranda_compressed_sieve#inventory:
    minecraft:textures/atlas/blocks.png:biomesoplenty:block/jacaranda_log
[00:07:44] [Worker-ResourceReload-13/WARN]: Missing textures in model bloodmagic:alchemicalreactionchamber#facing=north,lit=false,type=steadfast:
    minecraft:textures/atlas/blocks.png:bloodmagic:block/arc_front_s
    minecraft:textures/atlas/blocks.png:bloodmagic:block/arc_side_s
    minecraft:textures/atlas/blocks.png:bloodmagic:block/arc_top_s
[00:07:44] [Worker-ResourceReload-13/WARN]: Missing textures in model exdeorum:hellbark_sieve#:
    minecraft:textures/atlas/blocks.png:biomesoplenty:block/hellbark_planks
[00:07:44] [Worker-ResourceReload-13/WARN]: Missing textures in model integrateddynamics:aspect/write/boolean/refinedstorage/cancelcraft:
    minecraft:textures/atlas/blocks.png:integrateddynamics:aspect/write/boolean/refinedstorage/cancelcraft
[00:07:44] [Worker-ResourceReload-13/WARN]: Missing textures in model exdeorum:starlit_sieve#:
    minecraft:textures/atlas/blocks.png:blue_skies:block/wood/starlit_planks
[00:07:44] [Worker-ResourceReload-13/WARN]: Missing textures in model bloodmagic:alchemicalreactionchamber#facing=east,lit=false,type=steadfast:
    minecraft:textures/atlas/blocks.png:bloodmagic:block/arc_front_s
    minecraft:textures/atlas/blocks.png:bloodmagic:block/arc_side_s
    minecraft:textures/atlas/blocks.png:bloodmagic:block/arc_top_s
[00:07:44] [Worker-ResourceReload-13/WARN]: Missing textures in model enderio:energy_conduit#inventory:
    minecraft:textures/atlas/blocks.png:enderio:block/conduit/power1
[00:07:44] [Worker-ResourceReload-13/WARN]: Missing textures in model bloodmagic:alchemicalreactionchamber#facing=north,lit=true,type=steadfast:
    minecraft:textures/atlas/blocks.png:bloodmagic:block/arc_top_s
[00:07:44] [Worker-ResourceReload-13/WARN]: Missing textures in model exdeorum:palm_barrel#inventory:
    minecraft:textures/atlas/blocks.png:biomesoplenty:block/palm_planks
[00:07:44] [Worker-ResourceReload-13/WARN]: Missing textures in model exdeorum:maple_barrel#inventory:
    minecraft:textures/atlas/blocks.png:blue_skies:block/wood/maple_planks
[00:07:44] [Worker-ResourceReload-13/WARN]: Missing textures in model integrateddynamics:aspect/read/list/refinedstorage/inventory/craftableitems:
    minecraft:textures/atlas/blocks.png:integrateddynamics:aspect/read/list/refinedstorage/inventory/craftableitems
[00:07:44] [Worker-ResourceReload-13/WARN]: Missing textures in model exdeorum:umbran_sieve#inventory:
    minecraft:textures/atlas/blocks.png:biomesoplenty:block/umbran_planks
[00:07:44] [Worker-ResourceReload-13/WARN]: Missing textures in model exdeorum:lunar_crucible#inventory:
    minecraft:textures/atlas/blocks.png:blue_skies:block/wood/lunar_log_side
[00:07:44] [Worker-ResourceReload-13/WARN]: Missing textures in model exdeorum:fir_sieve#:
    minecraft:textures/atlas/blocks.png:biomesoplenty:block/fir_planks
[00:07:44] [Worker-ResourceReload-13/WARN]: Missing textures in model exdeorum:maple_sieve#inventory:
    minecraft:textures/atlas/blocks.png:blue_skies:block/wood/maple_planks
[00:07:44] [Worker-ResourceReload-13/WARN]: Missing textures in model exdeorum:crystallized_compressed_sieve#:
    minecraft:textures/atlas/blocks.png:blue_skies:block/wood/crystallized_log_side
[00:07:44] [Worker-ResourceReload-13/WARN]: Missing textures in model exdeorum:palm_compressed_sieve#:
    minecraft:textures/atlas/blocks.png:biomesoplenty:block/palm_log
[00:07:44] [Worker-ResourceReload-13/WARN]: Missing textures in model exdeorum:crystallized_barrel#inventory:
    minecraft:textures/atlas/blocks.png:blue_skies:block/wood/crystallized_planks
[00:07:44] [Worker-ResourceReload-13/WARN]: Missing textures in model exdeorum:starlit_sieve#inventory:
    minecraft:textures/atlas/blocks.png:blue_skies:block/wood/starlit_planks
[00:07:44] [Worker-ResourceReload-13/WARN]: Missing textures in model exdeorum:skyroot_barrel#inventory:
    minecraft:textures/atlas/blocks.png:aether:block/construction/skyroot_planks
[00:07:44] [Worker-ResourceReload-13/WARN]: Missing textures in model exdeorum:magic_compressed_sieve#:
    minecraft:textures/atlas/blocks.png:biomesoplenty:block/magic_log
[00:07:44] [Worker-ResourceReload-13/WARN]: Missing textures in model exdeorum:golden_oak_compressed_sieve#inventory:
    minecraft:textures/atlas/blocks.png:aether:block/natural/golden_oak_log
[00:07:44] [Worker-ResourceReload-13/WARN]: Missing textures in model exdeorum:crystallized_compressed_sieve#inventory:
    minecraft:textures/atlas/blocks.png:blue_skies:block/wood/crystallized_log_side
[00:07:44] [Worker-ResourceReload-13/WARN]: Missing textures in model exdeorum:umbran_barrel#inventory:
    minecraft:textures/atlas/blocks.png:biomesoplenty:block/umbran_planks
[00:07:44] [Worker-ResourceReload-13/WARN]: Missing textures in model exdeorum:maple_crucible#:
    minecraft:textures/atlas/blocks.png:blue_skies:block/wood/maple_log_side
[00:07:44] [Worker-ResourceReload-13/WARN]: Missing textures in model bloodmagic:alchemicalreactionchamber#facing=east,lit=true,type=steadfast:
    minecraft:textures/atlas/blocks.png:bloodmagic:block/arc_top_s
[00:07:44] [Worker-ResourceReload-13/WARN]: Missing textures in model exdeorum:lunar_barrel#inventory:
    minecraft:textures/atlas/blocks.png:blue_skies:block/wood/lunar_planks
[00:07:44] [Worker-ResourceReload-13/WARN]: Missing textures in model integrateddynamics:variable#inventory:
    minecraft:textures/atlas/blocks.png:integrateddynamics:aspect/read/boolean/refinedstorage/network/applicable
    minecraft:textures/atlas/blocks.png:integrateddynamics:aspect/read/list/refinedstorage/fluid/fluidstacks
    minecraft:textures/atlas/blocks.png:integrateddynamics:aspect/read/list/refinedstorage/inventory/craftableitems
    minecraft:textures/atlas/blocks.png:integrateddynamics:aspect/read/list/refinedstorage/inventory/craftingitems
    minecraft:textures/atlas/blocks.png:integrateddynamics:aspect/read/list/refinedstorage/inventory/itemstacks
    minecraft:textures/atlas/blocks.png:integrateddynamics:aspect/write/boolean/refinedstorage/cancelcraft
    minecraft:textures/atlas/blocks.png:integrateddynamics:aspect/write/itemstack/refinedstorage/cancelcraft
    minecraft:textures/atlas/blocks.png:integrateddynamics:aspect/write/itemstack/refinedstorage/craft
    minecraft:textures/atlas/blocks.png:integrateddynamics:aspect/write/list/refinedstorage/cancelcraft
    minecraft:textures/atlas/blocks.png:integrateddynamics:aspect/write/list/refinedstorage/craft
[00:07:44] [Worker-ResourceReload-13/WARN]: Missing textures in model exdeorum:bluebright_compressed_sieve#inventory:
    minecraft:textures/atlas/blocks.png:blue_skies:block/wood/bluebright_log_side
[00:07:44] [Worker-ResourceReload-13/WARN]: Missing textures in model exdeorum:dusk_compressed_sieve#inventory:
    minecraft:textures/atlas/blocks.png:blue_skies:block/wood/dusk_log_side
[00:07:44] [Worker-ResourceReload-13/WARN]: Missing textures in model exdeorum:palm_compressed_sieve#inventory:
    minecraft:textures/atlas/blocks.png:biomesoplenty:block/palm_log
[00:07:44] [Worker-ResourceReload-13/WARN]: Missing textures in model exdeorum:starlit_crucible#inventory:
    minecraft:textures/atlas/blocks.png:blue_skies:block/wood/starlit_log_side
[00:07:44] [Worker-ResourceReload-13/WARN]: Missing textures in model forcecraft:force_fluid#level=10:
    minecraft:textures/atlas/blocks.png:forcecraft:fluid/force_fluid_source
[00:07:44] [Worker-ResourceReload-13/WARN]: Missing textures in model exdeorum:jacaranda_sieve#inventory:
    minecraft:textures/atlas/blocks.png:biomesoplenty:block/jacaranda_planks
[00:07:44] [Worker-ResourceReload-13/WARN]: Missing textures in model exdeorum:umbran_crucible#inventory:
    minecraft:textures/atlas/blocks.png:biomesoplenty:block/umbran_log
[00:07:44] [Worker-ResourceReload-13/WARN]: Missing textures in model enderio:dense_me_conduit#inventory:
    minecraft:textures/atlas/blocks.png:enderio:block/conduit/power1
[00:07:44] [Worker-ResourceReload-13/WARN]: Missing textures in model exdeorum:palm_crucible#:
    minecraft:textures/atlas/blocks.png:biomesoplenty:block/palm_log
[00:07:44] [Worker-ResourceReload-13/WARN]: Missing textures in model exdeorum:hellbark_barrel#:
    minecraft:textures/atlas/blocks.png:biomesoplenty:block/hellbark_planks
[00:07:44] [Worker-ResourceReload-13/WARN]: Missing textures in model translocators:crafting_grid#:
    minecraft:textures/atlas/blocks.png:translocators:blocks/crafting_grid
[00:07:44] [Worker-ResourceReload-13/WARN]: Missing textures in model exdeorum:starlit_barrel#:
    minecraft:textures/atlas/blocks.png:blue_skies:block/wood/starlit_planks
[00:07:44] [Worker-ResourceReload-13/WARN]: Missing textures in model exdeorum:willow_crucible#:
    minecraft:textures/atlas/blocks.png:biomesoplenty:block/willow_log
[00:07:44] [Worker-ResourceReload-13/WARN]: Missing textures in model exdeorum:jacaranda_compressed_sieve#:
    minecraft:textures/atlas/blocks.png:biomesoplenty:block/jacaranda_log
[00:07:44] [Worker-ResourceReload-13/WARN]: Missing textures in model bloodmagic:alchemicalreactionchamber#facing=south,lit=false,type=steadfast:
    minecraft:textures/atlas/blocks.png:bloodmagic:block/arc_front_s
    minecraft:textures/atlas/blocks.png:bloodmagic:block/arc_side_s
    minecraft:textures/atlas/blocks.png:bloodmagic:block/arc_top_s
[00:07:44] [Worker-ResourceReload-13/WARN]: Missing textures in model exdeorum:frostbright_crucible#:
    minecraft:textures/atlas/blocks.png:blue_skies:block/wood/frostbright_log_side
[00:07:44] [Worker-ResourceReload-13/WARN]: Missing textures in model exdeorum:comet_barrel#:
    minecraft:textures/atlas/blocks.png:blue_skies:block/wood/comet_planks
[00:07:44] [Worker-ResourceReload-13/WARN]: Missing textures in model exdeorum:skyroot_sieve#inventory:
    minecraft:textures/atlas/blocks.png:aether:block/construction/skyroot_planks
[00:07:44] [Worker-ResourceReload-13/WARN]: Missing textures in model exdeorum:mahogany_crucible#inventory:
    minecraft:textures/atlas/blocks.png:biomesoplenty:block/mahogany_log
[00:07:44] [Worker-ResourceReload-13/WARN]: Missing textures in model exdeorum:dusk_barrel#inventory:
    minecraft:textures/atlas/blocks.png:blue_skies:block/wood/dusk_planks
[00:07:44] [Worker-ResourceReload-13/WARN]: Missing textures in model exdeorum:jacaranda_crucible#inventory:
    minecraft:textures/atlas/blocks.png:biomesoplenty:block/jacaranda_log
[00:07:44] [Worker-ResourceReload-13/WARN]: Missing textures in model exdeorum:crystallized_sieve#:
    minecraft:textures/atlas/blocks.png:blue_skies:block/wood/crystallized_planks
[00:07:44] [Worker-ResourceReload-13/WARN]: Missing textures in model enderio:chemical_conduit#inventory:
    minecraft:textures/atlas/blocks.png:enderio:block/conduit/power1
[00:07:44] [Worker-ResourceReload-13/WARN]: Missing textures in model exdeorum:comet_crucible#:
    minecraft:textures/atlas/blocks.png:blue_skies:block/wood/comet_log_side
[00:07:44] [Worker-ResourceReload-13/WARN]: Missing textures in model exdeorum:mahogany_barrel#inventory:
    minecraft:textures/atlas/blocks.png:biomesoplenty:block/mahogany_planks
[00:07:44] [Worker-ResourceReload-13/WARN]: Missing textures in model exdeorum:dusk_crucible#inventory:
    minecraft:textures/atlas/blocks.png:blue_skies:block/wood/dusk_log_side
[00:07:44] [Worker-ResourceReload-13/WARN]: Missing textures in model exdeorum:starlit_compressed_sieve#:
    minecraft:textures/atlas/blocks.png:blue_skies:block/wood/starlit_log_side
[00:07:44] [Worker-ResourceReload-13/WARN]: Missing textures in model exdeorum:fir_crucible#:
    minecraft:textures/atlas/blocks.png:biomesoplenty:block/fir_log
[00:07:44] [Worker-ResourceReload-13/WARN]: Missing textures in model exdeorum:fir_compressed_sieve#inventory:
    minecraft:textures/atlas/blocks.png:biomesoplenty:block/fir_log
[00:07:44] [Worker-ResourceReload-13/WARN]: Missing textures in model integrateddynamics:aspect/read/boolean/refinedstorage/network/applicable:
    minecraft:textures/atlas/blocks.png:integrateddynamics:aspect/read/boolean/refinedstorage/network/applicable
[00:07:44] [Worker-ResourceReload-13/WARN]: Missing textures in model exdeorum:crystallized_crucible#:
    minecraft:textures/atlas/blocks.png:blue_skies:block/wood/crystallized_log_side
[00:07:44] [Worker-ResourceReload-13/WARN]: Missing textures in model exdeorum:willow_barrel#:
    minecraft:textures/atlas/blocks.png:biomesoplenty:block/willow_planks
[00:07:44] [Worker-ResourceReload-13/WARN]: Missing textures in model exdeorum:redwood_barrel#inventory:
    minecraft:textures/atlas/blocks.png:biomesoplenty:block/redwood_planks
[00:07:44] [Worker-ResourceReload-13/WARN]: Missing textures in model exdeorum:dusk_sieve#:
    minecraft:textures/atlas/blocks.png:blue_skies:block/wood/dusk_planks
[00:07:44] [Worker-ResourceReload-13/WARN]: Missing textures in model exdeorum:comet_sieve#inventory:
    minecraft:textures/atlas/blocks.png:blue_skies:block/wood/comet_planks
[00:07:44] [Worker-ResourceReload-13/WARN]: Missing textures in model integrateddynamics:aspect/write/list/refinedstorage/cancelcraft:
    minecraft:textures/atlas/blocks.png:integrateddynamics:aspect/write/list/refinedstorage/cancelcraft
[00:07:44] [Worker-ResourceReload-13/WARN]: Missing textures in model exdeorum:magic_barrel#inventory:
    minecraft:textures/atlas/blocks.png:biomesoplenty:block/magic_planks
[00:07:44] [Worker-ResourceReload-13/WARN]: Missing textures in model exdeorum:lunar_compressed_sieve#:
    minecraft:textures/atlas/blocks.png:blue_skies:block/wood/lunar_log_side
[00:07:44] [Worker-ResourceReload-13/WARN]: Missing textures in model exdeorum:umbran_compressed_sieve#inventory:
    minecraft:textures/atlas/blocks.png:biomesoplenty:block/umbran_log
[00:07:44] [Worker-ResourceReload-13/WARN]: Missing textures in model createaddition:small_light_connector#facing=west,mode=push,powered=true,rotation=x_clockwise_180,variant=default:
    minecraft:textures/atlas/blocks.png:create:block/chute_block
[00:07:44] [Worker-ResourceReload-13/WARN]: Missing textures in model exdeorum:dead_crucible#:
    minecraft:textures/atlas/blocks.png:biomesoplenty:block/dead_log
[00:07:44] [Worker-ResourceReload-13/WARN]: Missing textures in model exdeorum:mahogany_sieve#inventory:
    minecraft:textures/atlas/blocks.png:biomesoplenty:block/mahogany_planks
[00:07:44] [Worker-ResourceReload-13/WARN]: Missing textures in model ars_nouveau:redstone_relay#facing=east,power=10:
    minecraft:textures/atlas/blocks.png:ars_nouveau:blocks/agronomic_sourcelink
[00:07:44] [Worker-ResourceReload-13/WARN]: Missing textures in model exdeorum:hellbark_compressed_sieve#inventory:
    minecraft:textures/atlas/blocks.png:biomesoplenty:block/hellbark_log
[00:07:44] [Worker-ResourceReload-13/WARN]: Missing textures in model exdeorum:redwood_crucible#:
    minecraft:textures/atlas/blocks.png:biomesoplenty:block/redwood_log
[00:07:44] [Worker-ResourceReload-13/WARN]: Missing textures in model exdeorum:redwood_sieve#inventory:
    minecraft:textures/atlas/blocks.png:biomesoplenty:block/redwood_planks
[00:07:44] [Worker-ResourceReload-13/WARN]: Missing textures in model exdeorum:willow_sieve#inventory:
    minecraft:textures/atlas/blocks.png:biomesoplenty:block/willow_planks
[00:07:44] [Worker-ResourceReload-13/WARN]: Missing textures in model exdeorum:frostbright_sieve#:
    minecraft:textures/atlas/blocks.png:blue_skies:block/wood/frostbright_planks
[00:07:44] [Worker-ResourceReload-13/WARN]: Missing textures in model exdeorum:comet_compressed_sieve#:
    minecraft:textures/atlas/blocks.png:blue_skies:block/wood/comet_log_side
[00:07:44] [Worker-ResourceReload-13/WARN]: Missing textures in model supplementaries:confetti_popper#inventory:
    minecraft:textures/atlas/blocks.png:supplementaries:party_hat/party_hat
[00:07:44] [Worker-ResourceReload-13/WARN]: Missing textures in model apotheosis:ancient_material#inventory:
    minecraft:textures/atlas/blocks.png:apotheosis:items/ancient_material
[00:07:44] [Worker-ResourceReload-13/WARN]: Missing textures in model exdeorum:fir_barrel#inventory:
    minecraft:textures/atlas/blocks.png:biomesoplenty:block/fir_planks
[00:07:44] [Worker-ResourceReload-13/WARN]: Missing textures in model enderio:pressurized_chemical_conduit#inventory:
    minecraft:textures/atlas/blocks.png:enderio:block/conduit/power1
[00:07:44] [Worker-ResourceReload-13/WARN]: Missing textures in model exdeorum:frostbright_compressed_sieve#:
    minecraft:textures/atlas/blocks.png:blue_skies:block/wood/frostbright_log_side
[00:07:44] [Worker-ResourceReload-13/WARN]: Missing textures in model exdeorum:bluebright_crucible#inventory:
    minecraft:textures/atlas/blocks.png:blue_skies:block/wood/bluebright_log_side
[00:07:44] [Worker-ResourceReload-13/WARN]: Missing textures in model exdeorum:bluebright_sieve#:
    minecraft:textures/atlas/blocks.png:blue_skies:block/wood/bluebright_planks
[00:07:44] [Worker-ResourceReload-13/WARN]: Missing textures in model enderio:redstone_conduit#inventory:
    minecraft:textures/atlas/blocks.png:enderio:block/conduit/power1
[00:07:44] [Worker-ResourceReload-13/WARN]: Missing textures in model exdeorum:frostbright_sieve#inventory:
    minecraft:textures/atlas/blocks.png:blue_skies:block/wood/frostbright_planks
[00:07:44] [Worker-ResourceReload-13/WARN]: Missing textures in model exdeorum:lunar_sieve#inventory:
    minecraft:textures/atlas/blocks.png:blue_skies:block/wood/lunar_planks
[00:07:44] [Worker-ResourceReload-13/WARN]: Missing textures in model exdeorum:palm_sieve#:
    minecraft:textures/atlas/blocks.png:biomesoplenty:block/palm_planks
[00:07:44] [Worker-ResourceReload-13/WARN]: Missing textures in model exdeorum:dead_compressed_sieve#inventory:
    minecraft:textures/atlas/blocks.png:biomesoplenty:block/dead_log
[00:07:44] [Worker-ResourceReload-13/WARN]: Missing textures in model exdeorum:magic_sieve#:
    minecraft:textures/atlas/blocks.png:biomesoplenty:block/magic_planks
[00:07:44] [Worker-ResourceReload-13/WARN]: Missing textures in model exdeorum:golden_oak_crucible#inventory:
    minecraft:textures/atlas/blocks.png:aether:block/natural/golden_oak_log
[00:07:44] [Worker-ResourceReload-13/WARN]: Missing textures in model exdeorum:mahogany_barrel#:
    minecraft:textures/atlas/blocks.png:biomesoplenty:block/mahogany_planks
[00:07:44] [Worker-ResourceReload-13/WARN]: Missing textures in model exdeorum:comet_sieve#:
    minecraft:textures/atlas/blocks.png:blue_skies:block/wood/comet_planks
[00:07:44] [Worker-ResourceReload-13/WARN]: Missing textures in model exdeorum:dead_sieve#inventory:
    minecraft:textures/atlas/blocks.png:biomesoplenty:block/dead_planks
[00:07:44] [Worker-ResourceReload-13/WARN]: Missing textures in model exdeorum:bluebright_barrel#:
    minecraft:textures/atlas/blocks.png:blue_skies:block/wood/bluebright_planks
[00:07:44] [Worker-ResourceReload-13/WARN]: Missing textures in model exdeorum:fir_crucible#inventory:
    minecraft:textures/atlas/blocks.png:biomesoplenty:block/fir_log
[00:07:44] [Worker-ResourceReload-13/WARN]: Missing textures in model exdeorum:dead_sieve#:
    minecraft:textures/atlas/blocks.png:biomesoplenty:block/dead_planks
[00:07:44] [Worker-ResourceReload-13/WARN]: Missing textures in model exdeorum:maple_compressed_sieve#:
    minecraft:textures/atlas/blocks.png:blue_skies:block/wood/maple_log_side
[00:07:44] [Worker-ResourceReload-13/WARN]: Missing textures in model exdeorum:golden_oak_crucible#:
    minecraft:textures/atlas/blocks.png:aether:block/natural/golden_oak_log
[00:07:44] [Worker-ResourceReload-13/WARN]: Missing textures in model exdeorum:lunar_barrel#:
    minecraft:textures/atlas/blocks.png:blue_skies:block/wood/lunar_planks
[00:07:44] [Worker-ResourceReload-13/WARN]: Missing textures in model exdeorum:frostbright_compressed_sieve#inventory:
    minecraft:textures/atlas/blocks.png:blue_skies:block/wood/frostbright_log_side
[00:07:44] [Worker-ResourceReload-13/WARN]: Missing textures in model exdeorum:jacaranda_sieve#:
    minecraft:textures/atlas/blocks.png:biomesoplenty:block/jacaranda_planks
[00:07:44] [Worker-ResourceReload-13/WARN]: Missing textures in model bloodmagic:alchemicalreactionchamber#facing=west,lit=true,type=steadfast:
    minecraft:textures/atlas/blocks.png:bloodmagic:block/arc_top_s
[00:07:44] [Worker-ResourceReload-13/WARN]: Missing textures in model exdeorum:skyroot_crucible#inventory:
    minecraft:textures/atlas/blocks.png:aether:block/natural/skyroot_log
[00:07:44] [Worker-ResourceReload-13/WARN]: Missing textures in model exdeorum:lunar_sieve#:
    minecraft:textures/atlas/blocks.png:blue_skies:block/wood/lunar_planks
[00:07:44] [Worker-ResourceReload-13/WARN]: Missing textures in model exdeorum:willow_compressed_sieve#:
    minecraft:textures/atlas/blocks.png:biomesoplenty:block/willow_log
[00:07:44] [Worker-ResourceReload-13/WARN]: Missing textures in model exdeorum:comet_compressed_sieve#inventory:
    minecraft:textures/atlas/blocks.png:blue_skies:block/wood/comet_log_side
[00:07:44] [Worker-ResourceReload-13/WARN]: Missing textures in model exdeorum:umbran_crucible#:
    minecraft:textures/atlas/blocks.png:biomesoplenty:block/umbran_log
[00:07:44] [Worker-ResourceReload-13/WARN]: Missing textures in model exdeorum:dead_compressed_sieve#:
    minecraft:textures/atlas/blocks.png:biomesoplenty:block/dead_log
[00:07:44] [Worker-ResourceReload-13/WARN]: Missing textures in model exdeorum:bluebright_sieve#inventory:
    minecraft:textures/atlas/blocks.png:blue_skies:block/wood/bluebright_planks
[00:07:44] [Worker-ResourceReload-13/WARN]: Missing textures in model exdeorum:redwood_compressed_sieve#inventory:
    minecraft:textures/atlas/blocks.png:biomesoplenty:block/redwood_log
[00:07:44] [Worker-ResourceReload-13/WARN]: Missing textures in model exdeorum:hellbark_crucible#inventory:
    minecraft:textures/atlas/blocks.png:biomesoplenty:block/hellbark_log
[00:07:44] [Worker-ResourceReload-13/WARN]: Missing textures in model integrateddynamics:aspect/read/list/refinedstorage/fluid/fluidstacks:
    minecraft:textures/atlas/blocks.png:integrateddynamics:aspect/read/list/refinedstorage/fluid/fluidstacks
[00:07:44] [Worker-ResourceReload-13/WARN]: Missing textures in model exdeorum:mahogany_compressed_sieve#inventory:
    minecraft:textures/atlas/blocks.png:biomesoplenty:block/mahogany_log
[00:07:44] [Worker-ResourceReload-13/WARN]: Missing textures in model exdeorum:mahogany_compressed_sieve#:
    minecraft:textures/atlas/blocks.png:biomesoplenty:block/mahogany_log
[00:07:44] [Worker-ResourceReload-13/WARN]: Missing textures in model exdeorum:starlit_crucible#:
    minecraft:textures/atlas/blocks.png:blue_skies:block/wood/starlit_log_side
[00:07:44] [Worker-ResourceReload-13/WARN]: Missing textures in model exdeorum:magic_sieve#inventory:
    minecraft:textures/atlas/blocks.png:biomesoplenty:block/magic_planks
[00:07:44] [Worker-ResourceReload-13/WARN]: Missing textures in model exdeorum:magic_crucible#inventory:
    minecraft:textures/atlas/blocks.png:biomesoplenty:block/magic_log
[00:07:44] [Worker-ResourceReload-13/WARN]: Missing textures in model exdeorum:redwood_compressed_sieve#:
    minecraft:textures/atlas/blocks.png:biomesoplenty:block/redwood_log
[00:07:44] [Worker-ResourceReload-13/WARN]: Missing textures in model exdeorum:fir_sieve#inventory:
    minecraft:textures/atlas/blocks.png:biomesoplenty:block/fir_planks
[00:07:44] [Worker-ResourceReload-13/WARN]: Missing textures in model exdeorum:fir_barrel#:
    minecraft:textures/atlas/blocks.png:biomesoplenty:block/fir_planks
[00:07:44] [Worker-ResourceReload-13/WARN]: Missing textures in model enderio:me_conduit#inventory:
    minecraft:textures/atlas/blocks.png:enderio:block/conduit/power1
[00:07:44] [Worker-ResourceReload-13/WARN]: Missing textures in model exdeorum:magic_crucible#:
    minecraft:textures/atlas/blocks.png:biomesoplenty:block/magic_log
[00:07:44] [Worker-ResourceReload-13/WARN]: Missing textures in model exdeorum:willow_compressed_sieve#inventory:
    minecraft:textures/atlas/blocks.png:biomesoplenty:block/willow_log
[00:07:44] [Worker-ResourceReload-13/WARN]: Missing textures in model enderio:fluid_conduit#inventory:
    minecraft:textures/atlas/blocks.png:enderio:block/conduit/power1
[00:07:44] [Worker-ResourceReload-13/WARN]: Missing textures in model exdeorum:frostbright_crucible#inventory:
    minecraft:textures/atlas/blocks.png:blue_skies:block/wood/frostbright_log_side
[00:07:44] [Worker-ResourceReload-13/WARN]: Missing textures in model exdeorum:fir_compressed_sieve#:
    minecraft:textures/atlas/blocks.png:biomesoplenty:block/fir_log
[00:07:44] [Worker-ResourceReload-13/WARN]: Missing textures in model exdeorum:comet_barrel#inventory:
    minecraft:textures/atlas/blocks.png:blue_skies:block/wood/comet_planks
[00:07:44] [Worker-ResourceReload-13/WARN]: Missing textures in model exdeorum:maple_barrel#:
    minecraft:textures/atlas/blocks.png:blue_skies:block/wood/maple_planks
[00:07:44] [Worker-ResourceReload-13/WARN]: Missing textures in model exdeorum:hellbark_crucible#:
    minecraft:textures/atlas/blocks.png:biomesoplenty:block/hellbark_log
[00:07:44] [Worker-ResourceReload-13/WARN]: Missing textures in model exdeorum:skyroot_sieve#:
    minecraft:textures/atlas/blocks.png:aether:block/construction/skyroot_planks
[00:07:44] [Worker-ResourceReload-13/WARN]: Missing textures in model exdeorum:palm_barrel#:
    minecraft:textures/atlas/blocks.png:biomesoplenty:block/palm_planks
[00:07:44] [Worker-ResourceReload-13/WARN]: Missing textures in model exdeorum:crystallized_crucible#inventory:
    minecraft:textures/atlas/blocks.png:blue_skies:block/wood/crystallized_log_side
[00:07:44] [Worker-ResourceReload-13/WARN]: Missing textures in model exdeorum:dusk_sieve#inventory:
    minecraft:textures/atlas/blocks.png:blue_skies:block/wood/dusk_planks
[00:07:44] [Worker-ResourceReload-13/WARN]: Missing textures in model exdeorum:jacaranda_crucible#:
    minecraft:textures/atlas/blocks.png:biomesoplenty:block/jacaranda_log
[00:07:44] [Worker-ResourceReload-13/WARN]: Missing textures in model exdeorum:skyroot_crucible#:
    minecraft:textures/atlas/blocks.png:aether:block/natural/skyroot_log
[00:07:44] [Worker-ResourceReload-13/WARN]: Missing textures in model exdeorum:mahogany_sieve#:
    minecraft:textures/atlas/blocks.png:biomesoplenty:block/mahogany_planks
[00:07:44] [Worker-ResourceReload-13/WARN]: Missing textures in model exdeorum:maple_sieve#:
    minecraft:textures/atlas/blocks.png:blue_skies:block/wood/maple_planks
[00:07:44] [Worker-ResourceReload-13/WARN]: Missing textures in model bloodmagic:alchemicalreactionchamber#facing=west,lit=false,type=steadfast:
    minecraft:textures/atlas/blocks.png:bloodmagic:block/arc_front_s
    minecraft:textures/atlas/blocks.png:bloodmagic:block/arc_side_s
    minecraft:textures/atlas/blocks.png:bloodmagic:block/arc_top_s
[00:07:44] [Worker-ResourceReload-13/WARN]: Missing textures in model exdeorum:palm_crucible#inventory:
    minecraft:textures/atlas/blocks.png:biomesoplenty:block/palm_log
[00:07:44] [Worker-ResourceReload-13/WARN]: Missing textures in model integrateddynamics:aspect/read/list/refinedstorage/inventory/itemstacks:
    minecraft:textures/atlas/blocks.png:integrateddynamics:aspect/read/list/refinedstorage/inventory/itemstacks
[00:07:44] [Worker-ResourceReload-13/WARN]: Missing textures in model enderio:pressurized_fluid_conduit#inventory:
    minecraft:textures/atlas/blocks.png:enderio:block/conduit/power1
[00:07:44] [Worker-ResourceReload-13/WARN]: Missing textures in model exdeorum:maple_compressed_sieve#inventory:
    minecraft:textures/atlas/blocks.png:blue_skies:block/wood/maple_log_side
[00:07:44] [Worker-ResourceReload-13/WARN]: Missing textures in model integrateddynamics:aspect/read/list/refinedstorage/inventory/craftingitems:
    minecraft:textures/atlas/blocks.png:integrateddynamics:aspect/read/list/refinedstorage/inventory/craftingitems
[00:07:44] [Worker-ResourceReload-13/WARN]: Missing textures in model enderio:item_conduit#inventory:
    minecraft:textures/atlas/blocks.png:enderio:block/conduit/power1
[00:07:44] [Worker-ResourceReload-13/WARN]: Missing textures in model exdeorum:willow_crucible#inventory:
    minecraft:textures/atlas/blocks.png:biomesoplenty:block/willow_log
[00:07:44] [Worker-ResourceReload-13/WARN]: Missing textures in model exdeorum:crystallized_sieve#inventory:
    minecraft:textures/atlas/blocks.png:blue_skies:block/wood/crystallized_planks
[00:07:44] [Worker-ResourceReload-13/WARN]: Missing textures in model exdeorum:hellbark_barrel#inventory:
    minecraft:textures/atlas/blocks.png:biomesoplenty:block/hellbark_planks
[00:07:44] [Worker-ResourceReload-13/WARN]: Missing textures in model exdeorum:dusk_compressed_sieve#:
    minecraft:textures/atlas/blocks.png:blue_skies:block/wood/dusk_log_side
[00:07:44] [Worker-ResourceReload-13/WARN]: Missing textures in model exdeorum:bluebright_barrel#inventory:
    minecraft:textures/atlas/blocks.png:blue_skies:block/wood/bluebright_planks
[00:07:44] [Worker-ResourceReload-13/WARN]: Missing textures in model exdeorum:hellbark_compressed_sieve#:
    minecraft:textures/atlas/blocks.png:biomesoplenty:block/hellbark_log
[00:07:44] [Worker-ResourceReload-13/WARN]: Missing textures in model exdeorum:redwood_crucible#inventory:
    minecraft:textures/atlas/blocks.png:biomesoplenty:block/redwood_log
[00:07:44] [Worker-ResourceReload-13/WARN]: Missing textures in model exdeorum:jacaranda_barrel#inventory:
    minecraft:textures/atlas/blocks.png:biomesoplenty:block/jacaranda_planks
[00:07:44] [Worker-ResourceReload-13/WARN]: Missing textures in model exdeorum:magic_barrel#:
    minecraft:textures/atlas/blocks.png:biomesoplenty:block/magic_planks
[00:07:44] [Worker-ResourceReload-13/WARN]: Missing textures in model exdeorum:lunar_compressed_sieve#inventory:
    minecraft:textures/atlas/blocks.png:blue_skies:block/wood/lunar_log_side
[00:07:44] [Worker-ResourceReload-13/WARN]: Missing textures in model exdeorum:maple_crucible#inventory:
    minecraft:textures/atlas/blocks.png:blue_skies:block/wood/maple_log_side
[00:07:44] [Worker-ResourceReload-13/WARN]: Missing textures in model exdeorum:starlit_barrel#inventory:
    minecraft:textures/atlas/blocks.png:blue_skies:block/wood/starlit_planks
[00:07:44] [Worker-ResourceReload-13/WARN]: Missing textures in model exdeorum:dead_crucible#inventory:
    minecraft:textures/atlas/blocks.png:biomesoplenty:block/dead_log
[00:07:44] [Worker-ResourceReload-13/WARN]: Missing textures in model exdeorum:starlit_compressed_sieve#inventory:
    minecraft:textures/atlas/blocks.png:blue_skies:block/wood/starlit_log_side
[00:07:44] [Worker-ResourceReload-13/WARN]: Missing textures in model enderio:refined_storage_conduit#inventory:
    minecraft:textures/atlas/blocks.png:enderio:block/conduit/power1
[00:07:44] [Worker-ResourceReload-13/WARN]: Missing textures in model exdeorum:frostbright_barrel#:
    minecraft:textures/atlas/blocks.png:blue_skies:block/wood/frostbright_planks
[00:07:44] [Worker-ResourceReload-13/WARN]: Missing textures in model exdeorum:willow_sieve#:
    minecraft:textures/atlas/blocks.png:biomesoplenty:block/willow_planks
[00:07:44] [Worker-ResourceReload-13/WARN]: Missing textures in model exdeorum:bluebright_compressed_sieve#:
    minecraft:textures/atlas/blocks.png:blue_skies:block/wood/bluebright_log_side
[00:07:44] [Worker-ResourceReload-13/WARN]: Missing textures in model exdeorum:dusk_crucible#:
    minecraft:textures/atlas/blocks.png:blue_skies:block/wood/dusk_log_side
[00:07:44] [Worker-ResourceReload-13/WARN]: Missing textures in model exdeorum:palm_sieve#inventory:
    minecraft:textures/atlas/blocks.png:biomesoplenty:block/palm_planks
[00:07:44] [Worker-ResourceReload-13/WARN]: Missing textures in model bloodmagic:alchemicalreactionchamber#facing=south,lit=true,type=steadfast:
    minecraft:textures/atlas/blocks.png:bloodmagic:block/arc_top_s
[00:07:44] [Worker-ResourceReload-13/WARN]: Missing textures in model exdeorum:umbran_compressed_sieve#:
    minecraft:textures/atlas/blocks.png:biomesoplenty:block/umbran_log
[00:07:44] [Worker-ResourceReload-13/WARN]: Missing textures in model enderio:heat_conduit#inventory:
    minecraft:textures/atlas/blocks.png:enderio:block/conduit/power1
[00:07:44] [Worker-ResourceReload-13/WARN]: Missing textures in model exdeorum:umbran_barrel#:
    minecraft:textures/atlas/blocks.png:biomesoplenty:block/umbran_planks
[00:07:44] [Worker-ResourceReload-13/WARN]: Missing textures in model exdeorum:comet_crucible#inventory:
    minecraft:textures/atlas/blocks.png:blue_skies:block/wood/comet_log_side
[00:07:44] [Worker-ResourceReload-13/WARN]: Missing textures in model exdeorum:bluebright_crucible#:
    minecraft:textures/atlas/blocks.png:blue_skies:block/wood/bluebright_log_side
[00:07:45] [Worker-ResourceReload-13/INFO]: Model replacement took 1 ms
[00:07:46] [Render thread/INFO]: Loaded 10 buttons from resources.
[00:07:46] [Render thread/INFO]: Resource manager reload: clearing GUI cache...
[00:07:46] [Worker-ResourceReload-4/INFO]: Sending IMC messages.
[00:07:46] [Worker-ResourceReload-11/INFO]: Mod mythicbotany has overriden the loot category of mythicbotany:mjoellnir to sword.
[00:07:46] [Worker-ResourceReload-4/INFO]: refinedstorage has registered com.refinedmods.refinedstorage.container.GridContainerMenu for CraftingTweaks via IMC
[00:07:46] [Worker-ResourceReload-4/INFO]: craftingstation has registered tfar.craftingstation.CraftingStationMenu for CraftingTweaks via IMC
[00:07:46] [Worker-ResourceReload-0/INFO]: Loaded values for 48 compatible attributes.
[00:07:46] [Worker-ResourceReload-9/INFO]: Applying mega torch entity block list overrides...
[00:07:46] [Worker-ResourceReload-9/INFO]: Applying dread lamp entity block list overrides...
[00:07:46] [Worker-ResourceReload-0/INFO]: Loaded 48 values from config.
[00:07:46] [Worker-ResourceReload-10/INFO]: [com.mrh0.createaddition.CreateAddition:postInit:136]: Create Crafts & Additions Initialized!
[00:07:46] [Worker-ResourceReload-0/INFO]: Saving config file. 48 entries.
[00:07:46] [Worker-ResourceReload-0/INFO]: Applying changes for 48 attributes.
[00:07:46] [Worker-ResourceReload-7/INFO]: Start loading plugin at thedarkcolour.exdeorum.compat.jade.ExDeorumJadePlugin
[00:07:46] [Worker-ResourceReload-7/INFO]: Start loading plugin at moze_intel.projecte.integration.jade.PEJadePlugin
[00:07:46] [Worker-ResourceReload-7/INFO]: Start loading plugin at dev.shadowsoffire.gateways.compat.GatewayJadePlugin
[00:07:46] [Worker-ResourceReload-7/INFO]: Start loading plugin at dev.shadowsoffire.apotheosis.spawn.compat.SpawnerHwylaPlugin
[00:07:46] [Worker-ResourceReload-7/INFO]: Start loading plugin at dev.shadowsoffire.apotheosis.ench.compat.EnchHwylaPlugin
[00:07:46] [Worker-ResourceReload-7/INFO]: Start loading plugin at dev.shadowsoffire.apotheosis.adventure.compat.AdventureHwylaPlugin
[00:07:46] [Worker-ResourceReload-7/INFO]: Start loading plugin at net.blay09.mods.balm.forge.compat.hudinfo.ForgeJadeModCompat
[00:07:46] [Worker-ResourceReload-7/INFO]: Start loading plugin at shetiphian.core.internal.modintegration.jade.JadePlugin
[00:07:46] [Worker-ResourceReload-7/INFO]: Start loading plugin at ovh.corail.tombstone.compatibility.IntegrationJade
[00:07:46] [Worker-ResourceReload-7/INFO]: Start loading plugin at edivad.extrastorage.compat.jade.JadeCompatibility
[00:07:46] [Worker-ResourceReload-8/ERROR]: MysticalAgriculture integration cancelled: unable to find a class: com.blakebr0.mysticalagriculture.api.crop.ICrop
[00:07:46] [Worker-ResourceReload-7/INFO]: Start loading plugin at snownee.jade.addon.JadeAddonsBase
[00:07:46] [Worker-ResourceReload-7/INFO]: Start loading plugin at me.desht.pneumaticcraft.common.thirdparty.waila.WailaRegistration
[00:07:46] [Worker-ResourceReload-7/INFO]: Start loading plugin at com.satherov.crystalix.compat.jade.CrystalixJadePlugin
[00:07:46] [Worker-ResourceReload-7/INFO]: Start loading plugin at blusunrize.immersiveengineering.common.util.compat.jade.IEWailaPlugin
[00:07:46] [Worker-ResourceReload-7/INFO]: Start loading plugin at org.cyclops.integrateddynamicscompat.modcompat.jade.JadeIntegratedDynamicsConfig
[00:07:46] [Worker-ResourceReload-7/INFO]: Start loading plugin at com.hollingsworth.arsnouveau.client.waila.WailaArsNouveauPlugin
[00:07:46] [Worker-ResourceReload-7/INFO]: Start loading plugin at de.melanx.utilitix.compat.jade.UtilJade
[00:07:46] [Worker-ResourceReload-7/INFO]: Start loading plugin at mekanism.common.integration.lookingat.jade.MekanismJadePlugin
[00:07:46] [Worker-ResourceReload-7/INFO]: Start loading plugin at de.maxhenkel.pipez.integration.waila.PluginPipes
[00:07:46] [Worker-ResourceReload-7/INFO]: Start loading plugin at net.blay09.mods.cookingforblockheads.compat.ForgeJadeCookingForBlockheadsPlugin
[00:07:46] [Worker-ResourceReload-7/INFO]: Start loading plugin at com.supermartijn642.entangled.integration.EntangledWailaPlugin
[00:07:46] [Worker-ResourceReload-12/INFO]: Registering Ponder Scenes took 197.0 ms
[00:07:46] [Worker-ResourceReload-7/INFO]: Start loading plugin at shetiphian.endertanks.modintegration.jade.JadePlugin
[00:07:46] [Worker-ResourceReload-7/INFO]: Start loading plugin at cy.jdkdigital.productivebees.compat.hwyla.ProductiveBeesWailaPlugin
[00:07:46] [Worker-ResourceReload-7/INFO]: Start loading plugin at net.p3pp3rf1y.sophisticatedstorage.compat.jade.StorageJadePlugin
[00:07:46] [Worker-ResourceReload-7/INFO]: Start loading plugin at net.mehvahdjukaar.supplementaries.integration.JadeCompat
[00:07:46] [Worker-ResourceReload-12/INFO]: Registering Ponder Tags took 5.898 ms
[00:07:46] [Worker-ResourceReload-7/INFO]: Start loading plugin at xfacthd.framedblocks.common.compat.jade.FramedJadePlugin
[00:07:46] [Worker-ResourceReload-7/INFO]: Start loading plugin at net.blay09.mods.waystones.compat.JadeIntegration
[00:07:46] [Worker-ResourceReload-7/INFO]: Start loading plugin at com.blakebr0.mysticalagriculture.compat.JadeCompat
[00:07:46] [Worker-ResourceReload-7/INFO]: Start loading plugin at com.blakebr0.mysticalagradditions.compat.JadeCompat
[00:07:46] [Worker-ResourceReload-7/INFO]: Start loading plugin at snownee.jade.addon.vanilla.VanillaPlugin
[00:07:46] [Worker-ResourceReload-12/INFO]: Collecting Shared Ponder Text took 445.8 ?s
[00:07:46] [Worker-ResourceReload-7/INFO]: Start loading plugin at snownee.jade.addon.universal.UniversalPlugin
[00:07:46] [Worker-ResourceReload-7/INFO]: Start loading plugin at snownee.jade.addon.core.CorePlugin
[00:07:46] [Worker-ResourceReload-7/INFO]: Start loading plugin at appeng.integration.modules.jade.JadeModule
[00:07:46] [Worker-ResourceReload-7/INFO]: Start loading plugin at com.glodblock.github.appflux.xmod.jade.JadePlugin
[00:07:46] [Worker-ResourceReload-7/INFO]: Start loading plugin at com.glodblock.github.extendedae.xmod.jade.JadePlugin
[00:07:46] [Worker-ResourceReload-7/INFO]: Start loading plugin at de.maxhenkel.easyvillagers.integration.waila.PluginEasyVillagers
[00:07:46] [Worker-ResourceReload-7/INFO]: Start loading plugin at reliquary.compat.jade.JadeCompat
[00:07:46] [Worker-ResourceReload-7/INFO]: Start loading plugin at shetiphian.enderchests.modintegration.jade.JadePlugin
[00:07:46] [Worker-ResourceReload-7/INFO]: Start loading plugin at me.desht.modularrouters.integration.waila.WailaIntegration
[00:07:46] [Worker-ResourceReload-7/INFO]: Start loading plugin at me.ramidzkh.mekae2.integration.jade.AMJadePlugin
[00:07:46] [Worker-ResourceReload-12/ERROR]: dev.latvian.mods.rhino.WrappedException: Wrapped java.lang.UnsupportedOperationException: Disabled due ponder is now without create (client_scripts:ponder/corail.js#108) [dev.latvian.mods.rhino.WrappedException]
[00:07:46] [Worker-ResourceReload-12/ERROR]: Wrapped java.lang.UnsupportedOperationException: Disabled due ponder is now without create (client_scripts:ponder/corail.js#108)
dev.latvian.mods.rhino.WrappedException: Wrapped java.lang.UnsupportedOperationException: Disabled due ponder is now without create (client_scripts:ponder/corail.js#108)
	at dev.latvian.mods.rhino.Context.throwAsScriptRuntimeEx(Context.java:269) ~[rhino-forge-2001.2.3-build.10.jar%23718!/:2001.2.3-build.10]
	at dev.latvian.mods.rhino.MemberBox.invoke(MemberBox.java:180) ~[rhino-forge-2001.2.3-build.10.jar%23718!/:2001.2.3-build.10]
	at dev.latvian.mods.rhino.NativeJavaMethod.call(NativeJavaMethod.java:463) ~[rhino-forge-2001.2.3-build.10.jar%23718!/:2001.2.3-build.10]
	at dev.latvian.mods.rhino.Interpreter.interpretLoop(Interpreter.java:986) ~[rhino-forge-2001.2.3-build.10.jar%23718!/:2001.2.3-build.10]
	at dev.latvian.mods.rhino.Interpreter.interpret(Interpreter.java:370) ~[rhino-forge-2001.2.3-build.10.jar%23718!/:2001.2.3-build.10]
	at dev.latvian.mods.rhino.InterpretedFunction.call(InterpretedFunction.java:72) ~[rhino-forge-2001.2.3-build.10.jar%23718!/:2001.2.3-build.10]
	at dev.latvian.mods.rhino.Context.callSync(Context.java:1357) ~[rhino-forge-2001.2.3-build.10.jar%23718!/:2001.2.3-build.10]
	at dev.latvian.mods.rhino.Context.doTopCall(Context.java:1374) ~[rhino-forge-2001.2.3-build.10.jar%23718!/:2001.2.3-build.10]
	at dev.latvian.mods.rhino.InterpretedFunction.call(InterpretedFunction.java:70) ~[rhino-forge-2001.2.3-build.10.jar%23718!/:2001.2.3-build.10]
	at dev.latvian.mods.rhino.Context.callSync(Context.java:1357) ~[rhino-forge-2001.2.3-build.10.jar%23718!/:2001.2.3-build.10]
	at dev.latvian.mods.rhino.ArrowFunction.call(ArrowFunction.java:42) ~[rhino-forge-2001.2.3-build.10.jar%23718!/:2001.2.3-build.10]
	at dev.latvian.mods.rhino.Context.callSync(Context.java:1357) ~[rhino-forge-2001.2.3-build.10.jar%23718!/:2001.2.3-build.10]
	at dev.latvian.mods.rhino.InterfaceAdapter.invoke(InterfaceAdapter.java:125) ~[rhino-forge-2001.2.3-build.10.jar%23718!/:2001.2.3-build.10]
	at dev.latvian.mods.rhino.VMBridge.lambda$newInterfaceProxy$0(VMBridge.java:74) ~[rhino-forge-2001.2.3-build.10.jar%23718!/:2001.2.3-build.10]
	at jdk.proxy3.$Proxy149.program(Unknown Source) ~[?:?]
	at com.almostreliable.ponderjs.PonderBuilderJS.lambda$scene$0(PonderBuilderJS.java:33) ~[ponderjs-1.20.1-2.0.5.jar%23697!/:1.20.1-2.0.5]
	at net.createmod.ponder.foundation.registration.PonderSceneRegistry.compileScene(PonderSceneRegistry.java:120) ~[Ponder-Forge-1.20.1-1.0.52.jar%23896!/:1.0.52]
	at net.createmod.ponder.foundation.registration.PonderLocalization.lambda$generateSceneLang$1(PonderLocalization.java:136) ~[Ponder-Forge-1.20.1-1.0.52.jar%23896!/:1.0.52]
	at java.lang.Iterable.forEach(Iterable.java:75) ~[?:?]
	at net.createmod.ponder.foundation.registration.PonderLocalization.generateSceneLang(PonderLocalization.java:136) ~[Ponder-Forge-1.20.1-1.0.52.jar%23896!/:1.0.52]
	at net.createmod.ponder.foundation.registration.PonderLocalization.provideLang(PonderLocalization.java:144) ~[Ponder-Forge-1.20.1-1.0.52.jar%23896!/:1.0.52]
	at com.almostreliable.ponderjs.PonderLang.createFromLocalization(PonderLang.java:101) ~[ponderjs-1.20.1-2.0.5.jar%23697!/:1.20.1-2.0.5]
	at com.almostreliable.ponderjs.PonderLang.generate(PonderLang.java:59) ~[ponderjs-1.20.1-2.0.5.jar%23697!/:1.20.1-2.0.5]
	at com.almostreliable.ponderjs.PonderLang.initLanguage(PonderLang.java:34) ~[ponderjs-1.20.1-2.0.5.jar%23697!/:1.20.1-2.0.5]
	at net.createmod.ponder.PonderClient.handler$dii000$ponderjs$injectLanguage(PonderClient.java:515) ~[Ponder-Forge-1.20.1-1.0.52.jar%23896!/:1.0.52]
	at net.createmod.ponder.PonderClient.modLoadCompleted(PonderClient.java:52) ~[Ponder-Forge-1.20.1-1.0.52.jar%23896!/:1.0.52]
	at net.createmod.ponder.ForgePonderClient$ModBusClientEvents.loadCompleted(ForgePonderClient.java:102) ~[Ponder-Forge-1.20.1-1.0.52.jar%23896!/:1.0.52]
	at net.createmod.ponder.__ModBusClientEvents_loadCompleted_FMLLoadCompleteEvent.invoke(.dynamic) ~[Ponder-Forge-1.20.1-1.0.52.jar%23896!/:1.0.52]
	at net.minecraftforge.eventbus.ASMEventHandler.invoke(ASMEventHandler.java:73) ~[eventbus-6.0.5.jar%2387!/:?]
	at net.minecraftforge.eventbus.EventBus.post(EventBus.java:315) ~[eventbus-6.0.5.jar%2387!/:?]
	at net.minecraftforge.eventbus.EventBus.post(EventBus.java:296) ~[eventbus-6.0.5.jar%2387!/:?]
	at net.minecraftforge.fml.javafmlmod.FMLModContainer.acceptEvent(FMLModContainer.java:121) ~[javafmllanguage-1.20.1-47.4.0.jar%23785!/:?]
	at net.minecraftforge.fml.ModContainer.lambda$buildTransitionHandler$5(ModContainer.java:127) ~[fmlcore-1.20.1-47.4.0.jar%23784!/:?]
	at java.util.concurrent.CompletableFuture$AsyncRun.run(CompletableFuture.java:1804) ~[?:?]
	at java.util.concurrent.CompletableFuture$AsyncRun.exec(CompletableFuture.java:1796) ~[?:?]
	at java.util.concurrent.ForkJoinTask.doExec(ForkJoinTask.java:373) ~[?:?]
	at java.util.concurrent.ForkJoinPool$WorkQueue.topLevelExec(ForkJoinPool.java:1182) ~[?:?]
	at java.util.concurrent.ForkJoinPool.scan(ForkJoinPool.java:1655) ~[?:?]
	at java.util.concurrent.ForkJoinPool.runWorker(ForkJoinPool.java:1622) ~[?:?]
	at java.util.concurrent.ForkJoinWorkerThread.run(ForkJoinWorkerThread.java:165) ~[?:?]
Caused by: java.lang.UnsupportedOperationException: Disabled due ponder is now without create
	at com.almostreliable.ponderjs.particles.ParticleInstructions.rotationIndicator(ParticleInstructions.java:77) ~[ponderjs-1.20.1-2.0.5.jar%23697!/:1.20.1-2.0.5]
	at jdk.internal.reflect.NativeMethodAccessorImpl.invoke0(Native Method) ~[?:?]
	at jdk.internal.reflect.NativeMethodAccessorImpl.invoke(NativeMethodAccessorImpl.java:77) ~[?:?]
	at jdk.internal.reflect.DelegatingMethodAccessorImpl.invoke(DelegatingMethodAccessorImpl.java:43) ~[?:?]
	at java.lang.reflect.Method.invoke(Method.java:569) ~[?:?]
	at dev.latvian.mods.rhino.MemberBox.invoke(MemberBox.java:160) ~[rhino-forge-2001.2.3-build.10.jar%23718!/:2001.2.3-build.10]
	... 38 more
[00:07:46] [Worker-ResourceReload-12/ERROR]: dev.latvian.mods.rhino.WrappedException: Wrapped java.lang.UnsupportedOperationException: Disabled due ponder is now without create (client_scripts:ponder/corail.js#108) [dev.latvian.mods.rhino.WrappedException]
[00:07:46] [Worker-ResourceReload-12/ERROR]: Wrapped java.lang.UnsupportedOperationException: Disabled due ponder is now without create (client_scripts:ponder/corail.js#108)
dev.latvian.mods.rhino.WrappedException: Wrapped java.lang.UnsupportedOperationException: Disabled due ponder is now without create (client_scripts:ponder/corail.js#108)
	at dev.latvian.mods.rhino.Context.throwAsScriptRuntimeEx(Context.java:269) ~[rhino-forge-2001.2.3-build.10.jar%23718!/:2001.2.3-build.10]
	at dev.latvian.mods.rhino.MemberBox.invoke(MemberBox.java:180) ~[rhino-forge-2001.2.3-build.10.jar%23718!/:2001.2.3-build.10]
	at dev.latvian.mods.rhino.NativeJavaMethod.call(NativeJavaMethod.java:463) ~[rhino-forge-2001.2.3-build.10.jar%23718!/:2001.2.3-build.10]
	at dev.latvian.mods.rhino.Interpreter.interpretLoop(Interpreter.java:986) ~[rhino-forge-2001.2.3-build.10.jar%23718!/:2001.2.3-build.10]
	at dev.latvian.mods.rhino.Interpreter.interpret(Interpreter.java:370) ~[rhino-forge-2001.2.3-build.10.jar%23718!/:2001.2.3-build.10]
	at dev.latvian.mods.rhino.InterpretedFunction.call(InterpretedFunction.java:72) ~[rhino-forge-2001.2.3-build.10.jar%23718!/:2001.2.3-build.10]
	at dev.latvian.mods.rhino.Context.callSync(Context.java:1357) ~[rhino-forge-2001.2.3-build.10.jar%23718!/:2001.2.3-build.10]
	at dev.latvian.mods.rhino.Context.doTopCall(Context.java:1374) ~[rhino-forge-2001.2.3-build.10.jar%23718!/:2001.2.3-build.10]
	at dev.latvian.mods.rhino.InterpretedFunction.call(InterpretedFunction.java:70) ~[rhino-forge-2001.2.3-build.10.jar%23718!/:2001.2.3-build.10]
	at dev.latvian.mods.rhino.Context.callSync(Context.java:1357) ~[rhino-forge-2001.2.3-build.10.jar%23718!/:2001.2.3-build.10]
	at dev.latvian.mods.rhino.ArrowFunction.call(ArrowFunction.java:42) ~[rhino-forge-2001.2.3-build.10.jar%23718!/:2001.2.3-build.10]
	at dev.latvian.mods.rhino.Context.callSync(Context.java:1357) ~[rhino-forge-2001.2.3-build.10.jar%23718!/:2001.2.3-build.10]
	at dev.latvian.mods.rhino.InterfaceAdapter.invoke(InterfaceAdapter.java:125) ~[rhino-forge-2001.2.3-build.10.jar%23718!/:2001.2.3-build.10]
	at dev.latvian.mods.rhino.VMBridge.lambda$newInterfaceProxy$0(VMBridge.java:74) ~[rhino-forge-2001.2.3-build.10.jar%23718!/:2001.2.3-build.10]
	at jdk.proxy3.$Proxy149.program(Unknown Source) ~[?:?]
	at com.almostreliable.ponderjs.PonderBuilderJS.lambda$scene$0(PonderBuilderJS.java:33) ~[ponderjs-1.20.1-2.0.5.jar%23697!/:1.20.1-2.0.5]
	at net.createmod.ponder.foundation.registration.PonderSceneRegistry.compileScene(PonderSceneRegistry.java:120) ~[Ponder-Forge-1.20.1-1.0.52.jar%23896!/:1.0.52]
	at net.createmod.ponder.foundation.registration.PonderLocalization.lambda$generateSceneLang$1(PonderLocalization.java:136) ~[Ponder-Forge-1.20.1-1.0.52.jar%23896!/:1.0.52]
	at java.lang.Iterable.forEach(Iterable.java:75) ~[?:?]
	at net.createmod.ponder.foundation.registration.PonderLocalization.generateSceneLang(PonderLocalization.java:136) ~[Ponder-Forge-1.20.1-1.0.52.jar%23896!/:1.0.52]
	at net.createmod.ponder.foundation.registration.PonderLocalization.provideLang(PonderLocalization.java:144) ~[Ponder-Forge-1.20.1-1.0.52.jar%23896!/:1.0.52]
	at com.almostreliable.ponderjs.PonderLang.createFromLocalization(PonderLang.java:101) ~[ponderjs-1.20.1-2.0.5.jar%23697!/:1.20.1-2.0.5]
	at com.almostreliable.ponderjs.PonderLang.generate(PonderLang.java:59) ~[ponderjs-1.20.1-2.0.5.jar%23697!/:1.20.1-2.0.5]
	at com.almostreliable.ponderjs.PonderLang.initLanguage(PonderLang.java:34) ~[ponderjs-1.20.1-2.0.5.jar%23697!/:1.20.1-2.0.5]
	at net.createmod.ponder.PonderClient.handler$dii000$ponderjs$injectLanguage(PonderClient.java:515) ~[Ponder-Forge-1.20.1-1.0.52.jar%23896!/:1.0.52]
	at net.createmod.ponder.PonderClient.modLoadCompleted(PonderClient.java:52) ~[Ponder-Forge-1.20.1-1.0.52.jar%23896!/:1.0.52]
	at net.createmod.ponder.ForgePonderClient$ModBusClientEvents.loadCompleted(ForgePonderClient.java:102) ~[Ponder-Forge-1.20.1-1.0.52.jar%23896!/:1.0.52]
	at net.createmod.ponder.__ModBusClientEvents_loadCompleted_FMLLoadCompleteEvent.invoke(.dynamic) ~[Ponder-Forge-1.20.1-1.0.52.jar%23896!/:1.0.52]
	at net.minecraftforge.eventbus.ASMEventHandler.invoke(ASMEventHandler.java:73) ~[eventbus-6.0.5.jar%2387!/:?]
	at net.minecraftforge.eventbus.EventBus.post(EventBus.java:315) ~[eventbus-6.0.5.jar%2387!/:?]
	at net.minecraftforge.eventbus.EventBus.post(EventBus.java:296) ~[eventbus-6.0.5.jar%2387!/:?]
	at net.minecraftforge.fml.javafmlmod.FMLModContainer.acceptEvent(FMLModContainer.java:121) ~[javafmllanguage-1.20.1-47.4.0.jar%23785!/:?]
	at net.minecraftforge.fml.ModContainer.lambda$buildTransitionHandler$5(ModContainer.java:127) ~[fmlcore-1.20.1-47.4.0.jar%23784!/:?]
	at java.util.concurrent.CompletableFuture$AsyncRun.run(CompletableFuture.java:1804) ~[?:?]
	at java.util.concurrent.CompletableFuture$AsyncRun.exec(CompletableFuture.java:1796) ~[?:?]
	at java.util.concurrent.ForkJoinTask.doExec(ForkJoinTask.java:373) ~[?:?]
	at java.util.concurrent.ForkJoinPool$WorkQueue.topLevelExec(ForkJoinPool.java:1182) ~[?:?]
	at java.util.concurrent.ForkJoinPool.scan(ForkJoinPool.java:1655) ~[?:?]
	at java.util.concurrent.ForkJoinPool.runWorker(ForkJoinPool.java:1622) ~[?:?]
	at java.util.concurrent.ForkJoinWorkerThread.run(ForkJoinWorkerThread.java:165) ~[?:?]
Caused by: java.lang.UnsupportedOperationException: Disabled due ponder is now without create
	at com.almostreliable.ponderjs.particles.ParticleInstructions.rotationIndicator(ParticleInstructions.java:77) ~[ponderjs-1.20.1-2.0.5.jar%23697!/:1.20.1-2.0.5]
	at jdk.internal.reflect.NativeMethodAccessorImpl.invoke0(Native Method) ~[?:?]
	at jdk.internal.reflect.NativeMethodAccessorImpl.invoke(NativeMethodAccessorImpl.java:77) ~[?:?]
	at jdk.internal.reflect.DelegatingMethodAccessorImpl.invoke(DelegatingMethodAccessorImpl.java:43) ~[?:?]
	at java.lang.reflect.Method.invoke(Method.java:569) ~[?:?]
	at dev.latvian.mods.rhino.MemberBox.invoke(MemberBox.java:160) ~[rhino-forge-2001.2.3-build.10.jar%23718!/:2001.2.3-build.10]
	... 38 more
[00:07:46] [Worker-ResourceReload-12/ERROR]: dev.latvian.mods.rhino.WrappedException: Wrapped java.lang.UnsupportedOperationException: Disabled due ponder is now without create (client_scripts:ponder/corail.js#108) [dev.latvian.mods.rhino.WrappedException]
[00:07:46] [Worker-ResourceReload-12/ERROR]: Wrapped java.lang.UnsupportedOperationException: Disabled due ponder is now without create (client_scripts:ponder/corail.js#108)
dev.latvian.mods.rhino.WrappedException: Wrapped java.lang.UnsupportedOperationException: Disabled due ponder is now without create (client_scripts:ponder/corail.js#108)
	at dev.latvian.mods.rhino.Context.throwAsScriptRuntimeEx(Context.java:269) ~[rhino-forge-2001.2.3-build.10.jar%23718!/:2001.2.3-build.10]
	at dev.latvian.mods.rhino.MemberBox.invoke(MemberBox.java:180) ~[rhino-forge-2001.2.3-build.10.jar%23718!/:2001.2.3-build.10]
	at dev.latvian.mods.rhino.NativeJavaMethod.call(NativeJavaMethod.java:463) ~[rhino-forge-2001.2.3-build.10.jar%23718!/:2001.2.3-build.10]
	at dev.latvian.mods.rhino.Interpreter.interpretLoop(Interpreter.java:986) ~[rhino-forge-2001.2.3-build.10.jar%23718!/:2001.2.3-build.10]
	at dev.latvian.mods.rhino.Interpreter.interpret(Interpreter.java:370) ~[rhino-forge-2001.2.3-build.10.jar%23718!/:2001.2.3-build.10]
	at dev.latvian.mods.rhino.InterpretedFunction.call(InterpretedFunction.java:72) ~[rhino-forge-2001.2.3-build.10.jar%23718!/:2001.2.3-build.10]
	at dev.latvian.mods.rhino.Context.callSync(Context.java:1357) ~[rhino-forge-2001.2.3-build.10.jar%23718!/:2001.2.3-build.10]
	at dev.latvian.mods.rhino.Context.doTopCall(Context.java:1374) ~[rhino-forge-2001.2.3-build.10.jar%23718!/:2001.2.3-build.10]
	at dev.latvian.mods.rhino.InterpretedFunction.call(InterpretedFunction.java:70) ~[rhino-forge-2001.2.3-build.10.jar%23718!/:2001.2.3-build.10]
	at dev.latvian.mods.rhino.Context.callSync(Context.java:1357) ~[rhino-forge-2001.2.3-build.10.jar%23718!/:2001.2.3-build.10]
	at dev.latvian.mods.rhino.ArrowFunction.call(ArrowFunction.java:42) ~[rhino-forge-2001.2.3-build.10.jar%23718!/:2001.2.3-build.10]
	at dev.latvian.mods.rhino.Context.callSync(Context.java:1357) ~[rhino-forge-2001.2.3-build.10.jar%23718!/:2001.2.3-build.10]
	at dev.latvian.mods.rhino.InterfaceAdapter.invoke(InterfaceAdapter.java:125) ~[rhino-forge-2001.2.3-build.10.jar%23718!/:2001.2.3-build.10]
	at dev.latvian.mods.rhino.VMBridge.lambda$newInterfaceProxy$0(VMBridge.java:74) ~[rhino-forge-2001.2.3-build.10.jar%23718!/:2001.2.3-build.10]
	at jdk.proxy3.$Proxy149.program(Unknown Source) ~[?:?]
	at com.almostreliable.ponderjs.PonderBuilderJS.lambda$scene$0(PonderBuilderJS.java:33) ~[ponderjs-1.20.1-2.0.5.jar%23697!/:1.20.1-2.0.5]
	at net.createmod.ponder.foundation.registration.PonderSceneRegistry.compileScene(PonderSceneRegistry.java:120) ~[Ponder-Forge-1.20.1-1.0.52.jar%23896!/:1.0.52]
	at net.createmod.ponder.foundation.registration.PonderLocalization.lambda$generateSceneLang$1(PonderLocalization.java:136) ~[Ponder-Forge-1.20.1-1.0.52.jar%23896!/:1.0.52]
	at java.lang.Iterable.forEach(Iterable.java:75) ~[?:?]
	at net.createmod.ponder.foundation.registration.PonderLocalization.generateSceneLang(PonderLocalization.java:136) ~[Ponder-Forge-1.20.1-1.0.52.jar%23896!/:1.0.52]
	at net.createmod.ponder.foundation.registration.PonderLocalization.provideLang(PonderLocalization.java:144) ~[Ponder-Forge-1.20.1-1.0.52.jar%23896!/:1.0.52]
	at com.almostreliable.ponderjs.PonderLang.createFromLocalization(PonderLang.java:101) ~[ponderjs-1.20.1-2.0.5.jar%23697!/:1.20.1-2.0.5]
	at com.almostreliable.ponderjs.PonderLang.generate(PonderLang.java:59) ~[ponderjs-1.20.1-2.0.5.jar%23697!/:1.20.1-2.0.5]
	at com.almostreliable.ponderjs.PonderLang.initLanguage(PonderLang.java:34) ~[ponderjs-1.20.1-2.0.5.jar%23697!/:1.20.1-2.0.5]
	at net.createmod.ponder.PonderClient.handler$dii000$ponderjs$injectLanguage(PonderClient.java:515) ~[Ponder-Forge-1.20.1-1.0.52.jar%23896!/:1.0.52]
	at net.createmod.ponder.PonderClient.modLoadCompleted(PonderClient.java:52) ~[Ponder-Forge-1.20.1-1.0.52.jar%23896!/:1.0.52]
	at net.createmod.ponder.ForgePonderClient$ModBusClientEvents.loadCompleted(ForgePonderClient.java:102) ~[Ponder-Forge-1.20.1-1.0.52.jar%23896!/:1.0.52]
	at net.createmod.ponder.__ModBusClientEvents_loadCompleted_FMLLoadCompleteEvent.invoke(.dynamic) ~[Ponder-Forge-1.20.1-1.0.52.jar%23896!/:1.0.52]
	at net.minecraftforge.eventbus.ASMEventHandler.invoke(ASMEventHandler.java:73) ~[eventbus-6.0.5.jar%2387!/:?]
	at net.minecraftforge.eventbus.EventBus.post(EventBus.java:315) ~[eventbus-6.0.5.jar%2387!/:?]
	at net.minecraftforge.eventbus.EventBus.post(EventBus.java:296) ~[eventbus-6.0.5.jar%2387!/:?]
	at net.minecraftforge.fml.javafmlmod.FMLModContainer.acceptEvent(FMLModContainer.java:121) ~[javafmllanguage-1.20.1-47.4.0.jar%23785!/:?]
	at net.minecraftforge.fml.ModContainer.lambda$buildTransitionHandler$5(ModContainer.java:127) ~[fmlcore-1.20.1-47.4.0.jar%23784!/:?]
	at java.util.concurrent.CompletableFuture$AsyncRun.run(CompletableFuture.java:1804) ~[?:?]
	at java.util.concurrent.CompletableFuture$AsyncRun.exec(CompletableFuture.java:1796) ~[?:?]
	at java.util.concurrent.ForkJoinTask.doExec(ForkJoinTask.java:373) ~[?:?]
	at java.util.concurrent.ForkJoinPool$WorkQueue.topLevelExec(ForkJoinPool.java:1182) ~[?:?]
	at java.util.concurrent.ForkJoinPool.scan(ForkJoinPool.java:1655) ~[?:?]
	at java.util.concurrent.ForkJoinPool.runWorker(ForkJoinPool.java:1622) ~[?:?]
	at java.util.concurrent.ForkJoinWorkerThread.run(ForkJoinWorkerThread.java:165) ~[?:?]
Caused by: java.lang.UnsupportedOperationException: Disabled due ponder is now without create
	at com.almostreliable.ponderjs.particles.ParticleInstructions.rotationIndicator(ParticleInstructions.java:77) ~[ponderjs-1.20.1-2.0.5.jar%23697!/:1.20.1-2.0.5]
	at jdk.internal.reflect.NativeMethodAccessorImpl.invoke0(Native Method) ~[?:?]
	at jdk.internal.reflect.NativeMethodAccessorImpl.invoke(NativeMethodAccessorImpl.java:77) ~[?:?]
	at jdk.internal.reflect.DelegatingMethodAccessorImpl.invoke(DelegatingMethodAccessorImpl.java:43) ~[?:?]
	at java.lang.reflect.Method.invoke(Method.java:569) ~[?:?]
	at dev.latvian.mods.rhino.MemberBox.invoke(MemberBox.java:160) ~[rhino-forge-2001.2.3-build.10.jar%23718!/:2001.2.3-build.10]
	... 38 more
[00:07:46] [Worker-ResourceReload-12/ERROR]: dev.latvian.mods.rhino.WrappedException: Wrapped java.lang.UnsupportedOperationException: Disabled due ponder is now without create (client_scripts:ponder/corail.js#108) [dev.latvian.mods.rhino.WrappedException]
[00:07:46] [Worker-ResourceReload-12/ERROR]: Wrapped java.lang.UnsupportedOperationException: Disabled due ponder is now without create (client_scripts:ponder/corail.js#108)
dev.latvian.mods.rhino.WrappedException: Wrapped java.lang.UnsupportedOperationException: Disabled due ponder is now without create (client_scripts:ponder/corail.js#108)
	at dev.latvian.mods.rhino.Context.throwAsScriptRuntimeEx(Context.java:269) ~[rhino-forge-2001.2.3-build.10.jar%23718!/:2001.2.3-build.10]
	at dev.latvian.mods.rhino.MemberBox.invoke(MemberBox.java:180) ~[rhino-forge-2001.2.3-build.10.jar%23718!/:2001.2.3-build.10]
	at dev.latvian.mods.rhino.NativeJavaMethod.call(NativeJavaMethod.java:463) ~[rhino-forge-2001.2.3-build.10.jar%23718!/:2001.2.3-build.10]
	at dev.latvian.mods.rhino.Interpreter.interpretLoop(Interpreter.java:986) ~[rhino-forge-2001.2.3-build.10.jar%23718!/:2001.2.3-build.10]
	at dev.latvian.mods.rhino.Interpreter.interpret(Interpreter.java:370) ~[rhino-forge-2001.2.3-build.10.jar%23718!/:2001.2.3-build.10]
	at dev.latvian.mods.rhino.InterpretedFunction.call(InterpretedFunction.java:72) ~[rhino-forge-2001.2.3-build.10.jar%23718!/:2001.2.3-build.10]
	at dev.latvian.mods.rhino.Context.callSync(Context.java:1357) ~[rhino-forge-2001.2.3-build.10.jar%23718!/:2001.2.3-build.10]
	at dev.latvian.mods.rhino.Context.doTopCall(Context.java:1374) ~[rhino-forge-2001.2.3-build.10.jar%23718!/:2001.2.3-build.10]
	at dev.latvian.mods.rhino.InterpretedFunction.call(InterpretedFunction.java:70) ~[rhino-forge-2001.2.3-build.10.jar%23718!/:2001.2.3-build.10]
	at dev.latvian.mods.rhino.Context.callSync(Context.java:1357) ~[rhino-forge-2001.2.3-build.10.jar%23718!/:2001.2.3-build.10]
	at dev.latvian.mods.rhino.ArrowFunction.call(ArrowFunction.java:42) ~[rhino-forge-2001.2.3-build.10.jar%23718!/:2001.2.3-build.10]
	at dev.latvian.mods.rhino.Context.callSync(Context.java:1357) ~[rhino-forge-2001.2.3-build.10.jar%23718!/:2001.2.3-build.10]
	at dev.latvian.mods.rhino.InterfaceAdapter.invoke(InterfaceAdapter.java:125) ~[rhino-forge-2001.2.3-build.10.jar%23718!/:2001.2.3-build.10]
	at dev.latvian.mods.rhino.VMBridge.lambda$newInterfaceProxy$0(VMBridge.java:74) ~[rhino-forge-2001.2.3-build.10.jar%23718!/:2001.2.3-build.10]
	at jdk.proxy3.$Proxy149.program(Unknown Source) ~[?:?]
	at com.almostreliable.ponderjs.PonderBuilderJS.lambda$scene$0(PonderBuilderJS.java:33) ~[ponderjs-1.20.1-2.0.5.jar%23697!/:1.20.1-2.0.5]
	at net.createmod.ponder.foundation.registration.PonderSceneRegistry.compileScene(PonderSceneRegistry.java:120) ~[Ponder-Forge-1.20.1-1.0.52.jar%23896!/:1.0.52]
	at net.createmod.ponder.foundation.registration.PonderLocalization.lambda$generateSceneLang$1(PonderLocalization.java:136) ~[Ponder-Forge-1.20.1-1.0.52.jar%23896!/:1.0.52]
	at java.lang.Iterable.forEach(Iterable.java:75) ~[?:?]
	at net.createmod.ponder.foundation.registration.PonderLocalization.generateSceneLang(PonderLocalization.java:136) ~[Ponder-Forge-1.20.1-1.0.52.jar%23896!/:1.0.52]
	at net.createmod.ponder.foundation.registration.PonderLocalization.provideLang(PonderLocalization.java:144) ~[Ponder-Forge-1.20.1-1.0.52.jar%23896!/:1.0.52]
	at com.almostreliable.ponderjs.PonderLang.createFromLocalization(PonderLang.java:101) ~[ponderjs-1.20.1-2.0.5.jar%23697!/:1.20.1-2.0.5]
	at com.almostreliable.ponderjs.PonderLang.generate(PonderLang.java:59) ~[ponderjs-1.20.1-2.0.5.jar%23697!/:1.20.1-2.0.5]
	at com.almostreliable.ponderjs.PonderLang.initLanguage(PonderLang.java:34) ~[ponderjs-1.20.1-2.0.5.jar%23697!/:1.20.1-2.0.5]
	at net.createmod.ponder.PonderClient.handler$dii000$ponderjs$injectLanguage(PonderClient.java:515) ~[Ponder-Forge-1.20.1-1.0.52.jar%23896!/:1.0.52]
	at net.createmod.ponder.PonderClient.modLoadCompleted(PonderClient.java:52) ~[Ponder-Forge-1.20.1-1.0.52.jar%23896!/:1.0.52]
	at net.createmod.ponder.ForgePonderClient$ModBusClientEvents.loadCompleted(ForgePonderClient.java:102) ~[Ponder-Forge-1.20.1-1.0.52.jar%23896!/:1.0.52]
	at net.createmod.ponder.__ModBusClientEvents_loadCompleted_FMLLoadCompleteEvent.invoke(.dynamic) ~[Ponder-Forge-1.20.1-1.0.52.jar%23896!/:1.0.52]
	at net.minecraftforge.eventbus.ASMEventHandler.invoke(ASMEventHandler.java:73) ~[eventbus-6.0.5.jar%2387!/:?]
	at net.minecraftforge.eventbus.EventBus.post(EventBus.java:315) ~[eventbus-6.0.5.jar%2387!/:?]
	at net.minecraftforge.eventbus.EventBus.post(EventBus.java:296) ~[eventbus-6.0.5.jar%2387!/:?]
	at net.minecraftforge.fml.javafmlmod.FMLModContainer.acceptEvent(FMLModContainer.java:121) ~[javafmllanguage-1.20.1-47.4.0.jar%23785!/:?]
	at net.minecraftforge.fml.ModContainer.lambda$buildTransitionHandler$5(ModContainer.java:127) ~[fmlcore-1.20.1-47.4.0.jar%23784!/:?]
	at java.util.concurrent.CompletableFuture$AsyncRun.run(CompletableFuture.java:1804) ~[?:?]
	at java.util.concurrent.CompletableFuture$AsyncRun.exec(CompletableFuture.java:1796) ~[?:?]
	at java.util.concurrent.ForkJoinTask.doExec(ForkJoinTask.java:373) ~[?:?]
	at java.util.concurrent.ForkJoinPool$WorkQueue.topLevelExec(ForkJoinPool.java:1182) ~[?:?]
	at java.util.concurrent.ForkJoinPool.scan(ForkJoinPool.java:1655) ~[?:?]
	at java.util.concurrent.ForkJoinPool.runWorker(ForkJoinPool.java:1622) ~[?:?]
	at java.util.concurrent.ForkJoinWorkerThread.run(ForkJoinWorkerThread.java:165) ~[?:?]
Caused by: java.lang.UnsupportedOperationException: Disabled due ponder is now without create
	at com.almostreliable.ponderjs.particles.ParticleInstructions.rotationIndicator(ParticleInstructions.java:77) ~[ponderjs-1.20.1-2.0.5.jar%23697!/:1.20.1-2.0.5]
	at jdk.internal.reflect.NativeMethodAccessorImpl.invoke0(Native Method) ~[?:?]
	at jdk.internal.reflect.NativeMethodAccessorImpl.invoke(NativeMethodAccessorImpl.java:77) ~[?:?]
	at jdk.internal.reflect.DelegatingMethodAccessorImpl.invoke(DelegatingMethodAccessorImpl.java:43) ~[?:?]
	at java.lang.reflect.Method.invoke(Method.java:569) ~[?:?]
	at dev.latvian.mods.rhino.MemberBox.invoke(MemberBox.java:160) ~[rhino-forge-2001.2.3-build.10.jar%23718!/:2001.2.3-build.10]
	... 38 more
[00:07:46] [Worker-ResourceReload-12/ERROR]: dev.latvian.mods.rhino.WrappedException: Wrapped java.lang.UnsupportedOperationException: Disabled due ponder is now without create (client_scripts:ponder/corail.js#108) [dev.latvian.mods.rhino.WrappedException]
[00:07:46] [Worker-ResourceReload-12/ERROR]: Wrapped java.lang.UnsupportedOperationException: Disabled due ponder is now without create (client_scripts:ponder/corail.js#108)
dev.latvian.mods.rhino.WrappedException: Wrapped java.lang.UnsupportedOperationException: Disabled due ponder is now without create (client_scripts:ponder/corail.js#108)
	at dev.latvian.mods.rhino.Context.throwAsScriptRuntimeEx(Context.java:269) ~[rhino-forge-2001.2.3-build.10.jar%23718!/:2001.2.3-build.10]
	at dev.latvian.mods.rhino.MemberBox.invoke(MemberBox.java:180) ~[rhino-forge-2001.2.3-build.10.jar%23718!/:2001.2.3-build.10]
	at dev.latvian.mods.rhino.NativeJavaMethod.call(NativeJavaMethod.java:463) ~[rhino-forge-2001.2.3-build.10.jar%23718!/:2001.2.3-build.10]
	at dev.latvian.mods.rhino.Interpreter.interpretLoop(Interpreter.java:986) ~[rhino-forge-2001.2.3-build.10.jar%23718!/:2001.2.3-build.10]
	at dev.latvian.mods.rhino.Interpreter.interpret(Interpreter.java:370) ~[rhino-forge-2001.2.3-build.10.jar%23718!/:2001.2.3-build.10]
	at dev.latvian.mods.rhino.InterpretedFunction.call(InterpretedFunction.java:72) ~[rhino-forge-2001.2.3-build.10.jar%23718!/:2001.2.3-build.10]
	at dev.latvian.mods.rhino.Context.callSync(Context.java:1357) ~[rhino-forge-2001.2.3-build.10.jar%23718!/:2001.2.3-build.10]
	at dev.latvian.mods.rhino.Context.doTopCall(Context.java:1374) ~[rhino-forge-2001.2.3-build.10.jar%23718!/:2001.2.3-build.10]
	at dev.latvian.mods.rhino.InterpretedFunction.call(InterpretedFunction.java:70) ~[rhino-forge-2001.2.3-build.10.jar%23718!/:2001.2.3-build.10]
	at dev.latvian.mods.rhino.Context.callSync(Context.java:1357) ~[rhino-forge-2001.2.3-build.10.jar%23718!/:2001.2.3-build.10]
	at dev.latvian.mods.rhino.ArrowFunction.call(ArrowFunction.java:42) ~[rhino-forge-2001.2.3-build.10.jar%23718!/:2001.2.3-build.10]
	at dev.latvian.mods.rhino.Context.callSync(Context.java:1357) ~[rhino-forge-2001.2.3-build.10.jar%23718!/:2001.2.3-build.10]
	at dev.latvian.mods.rhino.InterfaceAdapter.invoke(InterfaceAdapter.java:125) ~[rhino-forge-2001.2.3-build.10.jar%23718!/:2001.2.3-build.10]
	at dev.latvian.mods.rhino.VMBridge.lambda$newInterfaceProxy$0(VMBridge.java:74) ~[rhino-forge-2001.2.3-build.10.jar%23718!/:2001.2.3-build.10]
	at jdk.proxy3.$Proxy149.program(Unknown Source) ~[?:?]
	at com.almostreliable.ponderjs.PonderBuilderJS.lambda$scene$0(PonderBuilderJS.java:33) ~[ponderjs-1.20.1-2.0.5.jar%23697!/:1.20.1-2.0.5]
	at net.createmod.ponder.foundation.registration.PonderSceneRegistry.compileScene(PonderSceneRegistry.java:120) ~[Ponder-Forge-1.20.1-1.0.52.jar%23896!/:1.0.52]
	at net.createmod.ponder.foundation.registration.PonderLocalization.lambda$generateSceneLang$1(PonderLocalization.java:136) ~[Ponder-Forge-1.20.1-1.0.52.jar%23896!/:1.0.52]
	at java.lang.Iterable.forEach(Iterable.java:75) ~[?:?]
	at net.createmod.ponder.foundation.registration.PonderLocalization.generateSceneLang(PonderLocalization.java:136) ~[Ponder-Forge-1.20.1-1.0.52.jar%23896!/:1.0.52]
	at net.createmod.ponder.foundation.registration.PonderLocalization.provideLang(PonderLocalization.java:144) ~[Ponder-Forge-1.20.1-1.0.52.jar%23896!/:1.0.52]
	at com.almostreliable.ponderjs.PonderLang.createFromLocalization(PonderLang.java:101) ~[ponderjs-1.20.1-2.0.5.jar%23697!/:1.20.1-2.0.5]
	at com.almostreliable.ponderjs.PonderLang.generate(PonderLang.java:59) ~[ponderjs-1.20.1-2.0.5.jar%23697!/:1.20.1-2.0.5]
	at com.almostreliable.ponderjs.PonderLang.initLanguage(PonderLang.java:34) ~[ponderjs-1.20.1-2.0.5.jar%23697!/:1.20.1-2.0.5]
	at net.createmod.ponder.PonderClient.handler$dii000$ponderjs$injectLanguage(PonderClient.java:515) ~[Ponder-Forge-1.20.1-1.0.52.jar%23896!/:1.0.52]
	at net.createmod.ponder.PonderClient.modLoadCompleted(PonderClient.java:52) ~[Ponder-Forge-1.20.1-1.0.52.jar%23896!/:1.0.52]
	at net.createmod.ponder.ForgePonderClient$ModBusClientEvents.loadCompleted(ForgePonderClient.java:102) ~[Ponder-Forge-1.20.1-1.0.52.jar%23896!/:1.0.52]
	at net.createmod.ponder.__ModBusClientEvents_loadCompleted_FMLLoadCompleteEvent.invoke(.dynamic) ~[Ponder-Forge-1.20.1-1.0.52.jar%23896!/:1.0.52]
	at net.minecraftforge.eventbus.ASMEventHandler.invoke(ASMEventHandler.java:73) ~[eventbus-6.0.5.jar%2387!/:?]
	at net.minecraftforge.eventbus.EventBus.post(EventBus.java:315) ~[eventbus-6.0.5.jar%2387!/:?]
	at net.minecraftforge.eventbus.EventBus.post(EventBus.java:296) ~[eventbus-6.0.5.jar%2387!/:?]
	at net.minecraftforge.fml.javafmlmod.FMLModContainer.acceptEvent(FMLModContainer.java:121) ~[javafmllanguage-1.20.1-47.4.0.jar%23785!/:?]
	at net.minecraftforge.fml.ModContainer.lambda$buildTransitionHandler$5(ModContainer.java:127) ~[fmlcore-1.20.1-47.4.0.jar%23784!/:?]
	at java.util.concurrent.CompletableFuture$AsyncRun.run(CompletableFuture.java:1804) ~[?:?]
	at java.util.concurrent.CompletableFuture$AsyncRun.exec(CompletableFuture.java:1796) ~[?:?]
	at java.util.concurrent.ForkJoinTask.doExec(ForkJoinTask.java:373) ~[?:?]
	at java.util.concurrent.ForkJoinPool$WorkQueue.topLevelExec(ForkJoinPool.java:1182) ~[?:?]
	at java.util.concurrent.ForkJoinPool.scan(ForkJoinPool.java:1655) ~[?:?]
	at java.util.concurrent.ForkJoinPool.runWorker(ForkJoinPool.java:1622) ~[?:?]
	at java.util.concurrent.ForkJoinWorkerThread.run(ForkJoinWorkerThread.java:165) ~[?:?]
Caused by: java.lang.UnsupportedOperationException: Disabled due ponder is now without create
	at com.almostreliable.ponderjs.particles.ParticleInstructions.rotationIndicator(ParticleInstructions.java:77) ~[ponderjs-1.20.1-2.0.5.jar%23697!/:1.20.1-2.0.5]
	at jdk.internal.reflect.NativeMethodAccessorImpl.invoke0(Native Method) ~[?:?]
	at jdk.internal.reflect.NativeMethodAccessorImpl.invoke(NativeMethodAccessorImpl.java:77) ~[?:?]
	at jdk.internal.reflect.DelegatingMethodAccessorImpl.invoke(DelegatingMethodAccessorImpl.java:43) ~[?:?]
	at java.lang.reflect.Method.invoke(Method.java:569) ~[?:?]
	at dev.latvian.mods.rhino.MemberBox.invoke(MemberBox.java:160) ~[rhino-forge-2001.2.3-build.10.jar%23718!/:2001.2.3-build.10]
	... 38 more
[00:07:46] [Worker-ResourceReload-12/ERROR]: dev.latvian.mods.rhino.WrappedException: Wrapped java.lang.UnsupportedOperationException: Disabled due ponder is now without create (client_scripts:ponder/corail.js#108) [dev.latvian.mods.rhino.WrappedException]
[00:07:46] [Worker-ResourceReload-12/ERROR]: Wrapped java.lang.UnsupportedOperationException: Disabled due ponder is now without create (client_scripts:ponder/corail.js#108)
dev.latvian.mods.rhino.WrappedException: Wrapped java.lang.UnsupportedOperationException: Disabled due ponder is now without create (client_scripts:ponder/corail.js#108)
	at dev.latvian.mods.rhino.Context.throwAsScriptRuntimeEx(Context.java:269) ~[rhino-forge-2001.2.3-build.10.jar%23718!/:2001.2.3-build.10]
	at dev.latvian.mods.rhino.MemberBox.invoke(MemberBox.java:180) ~[rhino-forge-2001.2.3-build.10.jar%23718!/:2001.2.3-build.10]
	at dev.latvian.mods.rhino.NativeJavaMethod.call(NativeJavaMethod.java:463) ~[rhino-forge-2001.2.3-build.10.jar%23718!/:2001.2.3-build.10]
	at dev.latvian.mods.rhino.Interpreter.interpretLoop(Interpreter.java:986) ~[rhino-forge-2001.2.3-build.10.jar%23718!/:2001.2.3-build.10]
	at dev.latvian.mods.rhino.Interpreter.interpret(Interpreter.java:370) ~[rhino-forge-2001.2.3-build.10.jar%23718!/:2001.2.3-build.10]
	at dev.latvian.mods.rhino.InterpretedFunction.call(InterpretedFunction.java:72) ~[rhino-forge-2001.2.3-build.10.jar%23718!/:2001.2.3-build.10]
	at dev.latvian.mods.rhino.Context.callSync(Context.java:1357) ~[rhino-forge-2001.2.3-build.10.jar%23718!/:2001.2.3-build.10]
	at dev.latvian.mods.rhino.Context.doTopCall(Context.java:1374) ~[rhino-forge-2001.2.3-build.10.jar%23718!/:2001.2.3-build.10]
	at dev.latvian.mods.rhino.InterpretedFunction.call(InterpretedFunction.java:70) ~[rhino-forge-2001.2.3-build.10.jar%23718!/:2001.2.3-build.10]
	at dev.latvian.mods.rhino.Context.callSync(Context.java:1357) ~[rhino-forge-2001.2.3-build.10.jar%23718!/:2001.2.3-build.10]
	at dev.latvian.mods.rhino.ArrowFunction.call(ArrowFunction.java:42) ~[rhino-forge-2001.2.3-build.10.jar%23718!/:2001.2.3-build.10]
	at dev.latvian.mods.rhino.Context.callSync(Context.java:1357) ~[rhino-forge-2001.2.3-build.10.jar%23718!/:2001.2.3-build.10]
	at dev.latvian.mods.rhino.InterfaceAdapter.invoke(InterfaceAdapter.java:125) ~[rhino-forge-2001.2.3-build.10.jar%23718!/:2001.2.3-build.10]
	at dev.latvian.mods.rhino.VMBridge.lambda$newInterfaceProxy$0(VMBridge.java:74) ~[rhino-forge-2001.2.3-build.10.jar%23718!/:2001.2.3-build.10]
	at jdk.proxy3.$Proxy149.program(Unknown Source) ~[?:?]
	at com.almostreliable.ponderjs.PonderBuilderJS.lambda$scene$0(PonderBuilderJS.java:33) ~[ponderjs-1.20.1-2.0.5.jar%23697!/:1.20.1-2.0.5]
	at net.createmod.ponder.foundation.registration.PonderSceneRegistry.compileScene(PonderSceneRegistry.java:120) ~[Ponder-Forge-1.20.1-1.0.52.jar%23896!/:1.0.52]
	at net.createmod.ponder.foundation.registration.PonderLocalization.lambda$generateSceneLang$1(PonderLocalization.java:136) ~[Ponder-Forge-1.20.1-1.0.52.jar%23896!/:1.0.52]
	at java.lang.Iterable.forEach(Iterable.java:75) ~[?:?]
	at net.createmod.ponder.foundation.registration.PonderLocalization.generateSceneLang(PonderLocalization.java:136) ~[Ponder-Forge-1.20.1-1.0.52.jar%23896!/:1.0.52]
	at net.createmod.ponder.foundation.registration.PonderLocalization.provideLang(PonderLocalization.java:144) ~[Ponder-Forge-1.20.1-1.0.52.jar%23896!/:1.0.52]
	at com.almostreliable.ponderjs.PonderLang.createFromLocalization(PonderLang.java:101) ~[ponderjs-1.20.1-2.0.5.jar%23697!/:1.20.1-2.0.5]
	at com.almostreliable.ponderjs.PonderLang.generate(PonderLang.java:59) ~[ponderjs-1.20.1-2.0.5.jar%23697!/:1.20.1-2.0.5]
	at com.almostreliable.ponderjs.PonderLang.initLanguage(PonderLang.java:34) ~[ponderjs-1.20.1-2.0.5.jar%23697!/:1.20.1-2.0.5]
	at net.createmod.ponder.PonderClient.handler$dii000$ponderjs$injectLanguage(PonderClient.java:515) ~[Ponder-Forge-1.20.1-1.0.52.jar%23896!/:1.0.52]
	at net.createmod.ponder.PonderClient.modLoadCompleted(PonderClient.java:52) ~[Ponder-Forge-1.20.1-1.0.52.jar%23896!/:1.0.52]
	at net.createmod.ponder.ForgePonderClient$ModBusClientEvents.loadCompleted(ForgePonderClient.java:102) ~[Ponder-Forge-1.20.1-1.0.52.jar%23896!/:1.0.52]
	at net.createmod.ponder.__ModBusClientEvents_loadCompleted_FMLLoadCompleteEvent.invoke(.dynamic) ~[Ponder-Forge-1.20.1-1.0.52.jar%23896!/:1.0.52]
	at net.minecraftforge.eventbus.ASMEventHandler.invoke(ASMEventHandler.java:73) ~[eventbus-6.0.5.jar%2387!/:?]
	at net.minecraftforge.eventbus.EventBus.post(EventBus.java:315) ~[eventbus-6.0.5.jar%2387!/:?]
	at net.minecraftforge.eventbus.EventBus.post(EventBus.java:296) ~[eventbus-6.0.5.jar%2387!/:?]
	at net.minecraftforge.fml.javafmlmod.FMLModContainer.acceptEvent(FMLModContainer.java:121) ~[javafmllanguage-1.20.1-47.4.0.jar%23785!/:?]
	at net.minecraftforge.fml.ModContainer.lambda$buildTransitionHandler$5(ModContainer.java:127) ~[fmlcore-1.20.1-47.4.0.jar%23784!/:?]
	at java.util.concurrent.CompletableFuture$AsyncRun.run(CompletableFuture.java:1804) ~[?:?]
	at java.util.concurrent.CompletableFuture$AsyncRun.exec(CompletableFuture.java:1796) ~[?:?]
	at java.util.concurrent.ForkJoinTask.doExec(ForkJoinTask.java:373) ~[?:?]
	at java.util.concurrent.ForkJoinPool$WorkQueue.topLevelExec(ForkJoinPool.java:1182) ~[?:?]
	at java.util.concurrent.ForkJoinPool.scan(ForkJoinPool.java:1655) ~[?:?]
	at java.util.concurrent.ForkJoinPool.runWorker(ForkJoinPool.java:1622) ~[?:?]
	at java.util.concurrent.ForkJoinWorkerThread.run(ForkJoinWorkerThread.java:165) ~[?:?]
Caused by: java.lang.UnsupportedOperationException: Disabled due ponder is now without create
	at com.almostreliable.ponderjs.particles.ParticleInstructions.rotationIndicator(ParticleInstructions.java:77) ~[ponderjs-1.20.1-2.0.5.jar%23697!/:1.20.1-2.0.5]
	at jdk.internal.reflect.NativeMethodAccessorImpl.invoke0(Native Method) ~[?:?]
	at jdk.internal.reflect.NativeMethodAccessorImpl.invoke(NativeMethodAccessorImpl.java:77) ~[?:?]
	at jdk.internal.reflect.DelegatingMethodAccessorImpl.invoke(DelegatingMethodAccessorImpl.java:43) ~[?:?]
	at java.lang.reflect.Method.invoke(Method.java:569) ~[?:?]
	at dev.latvian.mods.rhino.MemberBox.invoke(MemberBox.java:160) ~[rhino-forge-2001.2.3-build.10.jar%23718!/:2001.2.3-build.10]
	... 38 more
[00:07:46] [Worker-ResourceReload-12/ERROR]: dev.latvian.mods.rhino.WrappedException: Wrapped java.lang.UnsupportedOperationException: Disabled due ponder is now without create (client_scripts:ponder/corail.js#108) [dev.latvian.mods.rhino.WrappedException]
[00:07:46] [Worker-ResourceReload-12/ERROR]: Wrapped java.lang.UnsupportedOperationException: Disabled due ponder is now without create (client_scripts:ponder/corail.js#108)
dev.latvian.mods.rhino.WrappedException: Wrapped java.lang.UnsupportedOperationException: Disabled due ponder is now without create (client_scripts:ponder/corail.js#108)
	at dev.latvian.mods.rhino.Context.throwAsScriptRuntimeEx(Context.java:269) ~[rhino-forge-2001.2.3-build.10.jar%23718!/:2001.2.3-build.10]
	at dev.latvian.mods.rhino.MemberBox.invoke(MemberBox.java:180) ~[rhino-forge-2001.2.3-build.10.jar%23718!/:2001.2.3-build.10]
	at dev.latvian.mods.rhino.NativeJavaMethod.call(NativeJavaMethod.java:463) ~[rhino-forge-2001.2.3-build.10.jar%23718!/:2001.2.3-build.10]
	at dev.latvian.mods.rhino.Interpreter.interpretLoop(Interpreter.java:986) ~[rhino-forge-2001.2.3-build.10.jar%23718!/:2001.2.3-build.10]
	at dev.latvian.mods.rhino.Interpreter.interpret(Interpreter.java:370) ~[rhino-forge-2001.2.3-build.10.jar%23718!/:2001.2.3-build.10]
	at dev.latvian.mods.rhino.InterpretedFunction.call(InterpretedFunction.java:72) ~[rhino-forge-2001.2.3-build.10.jar%23718!/:2001.2.3-build.10]
	at dev.latvian.mods.rhino.Context.callSync(Context.java:1357) ~[rhino-forge-2001.2.3-build.10.jar%23718!/:2001.2.3-build.10]
	at dev.latvian.mods.rhino.Context.doTopCall(Context.java:1374) ~[rhino-forge-2001.2.3-build.10.jar%23718!/:2001.2.3-build.10]
	at dev.latvian.mods.rhino.InterpretedFunction.call(InterpretedFunction.java:70) ~[rhino-forge-2001.2.3-build.10.jar%23718!/:2001.2.3-build.10]
	at dev.latvian.mods.rhino.Context.callSync(Context.java:1357) ~[rhino-forge-2001.2.3-build.10.jar%23718!/:2001.2.3-build.10]
	at dev.latvian.mods.rhino.ArrowFunction.call(ArrowFunction.java:42) ~[rhino-forge-2001.2.3-build.10.jar%23718!/:2001.2.3-build.10]
	at dev.latvian.mods.rhino.Context.callSync(Context.java:1357) ~[rhino-forge-2001.2.3-build.10.jar%23718!/:2001.2.3-build.10]
	at dev.latvian.mods.rhino.InterfaceAdapter.invoke(InterfaceAdapter.java:125) ~[rhino-forge-2001.2.3-build.10.jar%23718!/:2001.2.3-build.10]
	at dev.latvian.mods.rhino.VMBridge.lambda$newInterfaceProxy$0(VMBridge.java:74) ~[rhino-forge-2001.2.3-build.10.jar%23718!/:2001.2.3-build.10]
	at jdk.proxy3.$Proxy149.program(Unknown Source) ~[?:?]
	at com.almostreliable.ponderjs.PonderBuilderJS.lambda$scene$0(PonderBuilderJS.java:33) ~[ponderjs-1.20.1-2.0.5.jar%23697!/:1.20.1-2.0.5]
	at net.createmod.ponder.foundation.registration.PonderSceneRegistry.compileScene(PonderSceneRegistry.java:120) ~[Ponder-Forge-1.20.1-1.0.52.jar%23896!/:1.0.52]
	at net.createmod.ponder.foundation.registration.PonderLocalization.lambda$generateSceneLang$1(PonderLocalization.java:136) ~[Ponder-Forge-1.20.1-1.0.52.jar%23896!/:1.0.52]
	at java.lang.Iterable.forEach(Iterable.java:75) ~[?:?]
	at net.createmod.ponder.foundation.registration.PonderLocalization.generateSceneLang(PonderLocalization.java:136) ~[Ponder-Forge-1.20.1-1.0.52.jar%23896!/:1.0.52]
	at net.createmod.ponder.foundation.registration.PonderLocalization.provideLang(PonderLocalization.java:144) ~[Ponder-Forge-1.20.1-1.0.52.jar%23896!/:1.0.52]
	at com.almostreliable.ponderjs.PonderLang.createFromLocalization(PonderLang.java:101) ~[ponderjs-1.20.1-2.0.5.jar%23697!/:1.20.1-2.0.5]
	at com.almostreliable.ponderjs.PonderLang.generate(PonderLang.java:59) ~[ponderjs-1.20.1-2.0.5.jar%23697!/:1.20.1-2.0.5]
	at com.almostreliable.ponderjs.PonderLang.initLanguage(PonderLang.java:34) ~[ponderjs-1.20.1-2.0.5.jar%23697!/:1.20.1-2.0.5]
	at net.createmod.ponder.PonderClient.handler$dii000$ponderjs$injectLanguage(PonderClient.java:515) ~[Ponder-Forge-1.20.1-1.0.52.jar%23896!/:1.0.52]
	at net.createmod.ponder.PonderClient.modLoadCompleted(PonderClient.java:52) ~[Ponder-Forge-1.20.1-1.0.52.jar%23896!/:1.0.52]
	at net.createmod.ponder.ForgePonderClient$ModBusClientEvents.loadCompleted(ForgePonderClient.java:102) ~[Ponder-Forge-1.20.1-1.0.52.jar%23896!/:1.0.52]
	at net.createmod.ponder.__ModBusClientEvents_loadCompleted_FMLLoadCompleteEvent.invoke(.dynamic) ~[Ponder-Forge-1.20.1-1.0.52.jar%23896!/:1.0.52]
	at net.minecraftforge.eventbus.ASMEventHandler.invoke(ASMEventHandler.java:73) ~[eventbus-6.0.5.jar%2387!/:?]
	at net.minecraftforge.eventbus.EventBus.post(EventBus.java:315) ~[eventbus-6.0.5.jar%2387!/:?]
	at net.minecraftforge.eventbus.EventBus.post(EventBus.java:296) ~[eventbus-6.0.5.jar%2387!/:?]
	at net.minecraftforge.fml.javafmlmod.FMLModContainer.acceptEvent(FMLModContainer.java:121) ~[javafmllanguage-1.20.1-47.4.0.jar%23785!/:?]
	at net.minecraftforge.fml.ModContainer.lambda$buildTransitionHandler$5(ModContainer.java:127) ~[fmlcore-1.20.1-47.4.0.jar%23784!/:?]
	at java.util.concurrent.CompletableFuture$AsyncRun.run(CompletableFuture.java:1804) ~[?:?]
	at java.util.concurrent.CompletableFuture$AsyncRun.exec(CompletableFuture.java:1796) ~[?:?]
	at java.util.concurrent.ForkJoinTask.doExec(ForkJoinTask.java:373) ~[?:?]
	at java.util.concurrent.ForkJoinPool$WorkQueue.topLevelExec(ForkJoinPool.java:1182) ~[?:?]
	at java.util.concurrent.ForkJoinPool.scan(ForkJoinPool.java:1655) ~[?:?]
	at java.util.concurrent.ForkJoinPool.runWorker(ForkJoinPool.java:1622) ~[?:?]
	at java.util.concurrent.ForkJoinWorkerThread.run(ForkJoinWorkerThread.java:165) ~[?:?]
Caused by: java.lang.UnsupportedOperationException: Disabled due ponder is now without create
	at com.almostreliable.ponderjs.particles.ParticleInstructions.rotationIndicator(ParticleInstructions.java:77) ~[ponderjs-1.20.1-2.0.5.jar%23697!/:1.20.1-2.0.5]
	at jdk.internal.reflect.NativeMethodAccessorImpl.invoke0(Native Method) ~[?:?]
	at jdk.internal.reflect.NativeMethodAccessorImpl.invoke(NativeMethodAccessorImpl.java:77) ~[?:?]
	at jdk.internal.reflect.DelegatingMethodAccessorImpl.invoke(DelegatingMethodAccessorImpl.java:43) ~[?:?]
	at java.lang.reflect.Method.invoke(Method.java:569) ~[?:?]
	at dev.latvian.mods.rhino.MemberBox.invoke(MemberBox.java:160) ~[rhino-forge-2001.2.3-build.10.jar%23718!/:2001.2.3-build.10]
	... 38 more
[00:07:46] [Worker-ResourceReload-12/ERROR]: dev.latvian.mods.rhino.WrappedException: Wrapped java.lang.UnsupportedOperationException: Disabled due ponder is now without create (client_scripts:ponder/corail.js#108) [dev.latvian.mods.rhino.WrappedException]
[00:07:46] [Worker-ResourceReload-12/ERROR]: Wrapped java.lang.UnsupportedOperationException: Disabled due ponder is now without create (client_scripts:ponder/corail.js#108)
dev.latvian.mods.rhino.WrappedException: Wrapped java.lang.UnsupportedOperationException: Disabled due ponder is now without create (client_scripts:ponder/corail.js#108)
	at dev.latvian.mods.rhino.Context.throwAsScriptRuntimeEx(Context.java:269) ~[rhino-forge-2001.2.3-build.10.jar%23718!/:2001.2.3-build.10]
	at dev.latvian.mods.rhino.MemberBox.invoke(MemberBox.java:180) ~[rhino-forge-2001.2.3-build.10.jar%23718!/:2001.2.3-build.10]
	at dev.latvian.mods.rhino.NativeJavaMethod.call(NativeJavaMethod.java:463) ~[rhino-forge-2001.2.3-build.10.jar%23718!/:2001.2.3-build.10]
	at dev.latvian.mods.rhino.Interpreter.interpretLoop(Interpreter.java:986) ~[rhino-forge-2001.2.3-build.10.jar%23718!/:2001.2.3-build.10]
	at dev.latvian.mods.rhino.Interpreter.interpret(Interpreter.java:370) ~[rhino-forge-2001.2.3-build.10.jar%23718!/:2001.2.3-build.10]
	at dev.latvian.mods.rhino.InterpretedFunction.call(InterpretedFunction.java:72) ~[rhino-forge-2001.2.3-build.10.jar%23718!/:2001.2.3-build.10]
	at dev.latvian.mods.rhino.Context.callSync(Context.java:1357) ~[rhino-forge-2001.2.3-build.10.jar%23718!/:2001.2.3-build.10]
	at dev.latvian.mods.rhino.Context.doTopCall(Context.java:1374) ~[rhino-forge-2001.2.3-build.10.jar%23718!/:2001.2.3-build.10]
	at dev.latvian.mods.rhino.InterpretedFunction.call(InterpretedFunction.java:70) ~[rhino-forge-2001.2.3-build.10.jar%23718!/:2001.2.3-build.10]
	at dev.latvian.mods.rhino.Context.callSync(Context.java:1357) ~[rhino-forge-2001.2.3-build.10.jar%23718!/:2001.2.3-build.10]
	at dev.latvian.mods.rhino.ArrowFunction.call(ArrowFunction.java:42) ~[rhino-forge-2001.2.3-build.10.jar%23718!/:2001.2.3-build.10]
	at dev.latvian.mods.rhino.Context.callSync(Context.java:1357) ~[rhino-forge-2001.2.3-build.10.jar%23718!/:2001.2.3-build.10]
	at dev.latvian.mods.rhino.InterfaceAdapter.invoke(InterfaceAdapter.java:125) ~[rhino-forge-2001.2.3-build.10.jar%23718!/:2001.2.3-build.10]
	at dev.latvian.mods.rhino.VMBridge.lambda$newInterfaceProxy$0(VMBridge.java:74) ~[rhino-forge-2001.2.3-build.10.jar%23718!/:2001.2.3-build.10]
	at jdk.proxy3.$Proxy149.program(Unknown Source) ~[?:?]
	at com.almostreliable.ponderjs.PonderBuilderJS.lambda$scene$0(PonderBuilderJS.java:33) ~[ponderjs-1.20.1-2.0.5.jar%23697!/:1.20.1-2.0.5]
	at net.createmod.ponder.foundation.registration.PonderSceneRegistry.compileScene(PonderSceneRegistry.java:120) ~[Ponder-Forge-1.20.1-1.0.52.jar%23896!/:1.0.52]
	at net.createmod.ponder.foundation.registration.PonderLocalization.lambda$generateSceneLang$1(PonderLocalization.java:136) ~[Ponder-Forge-1.20.1-1.0.52.jar%23896!/:1.0.52]
	at java.lang.Iterable.forEach(Iterable.java:75) ~[?:?]
	at net.createmod.ponder.foundation.registration.PonderLocalization.generateSceneLang(PonderLocalization.java:136) ~[Ponder-Forge-1.20.1-1.0.52.jar%23896!/:1.0.52]
	at net.createmod.ponder.foundation.registration.PonderLocalization.provideLang(PonderLocalization.java:144) ~[Ponder-Forge-1.20.1-1.0.52.jar%23896!/:1.0.52]
	at com.almostreliable.ponderjs.PonderLang.createFromLocalization(PonderLang.java:101) ~[ponderjs-1.20.1-2.0.5.jar%23697!/:1.20.1-2.0.5]
	at com.almostreliable.ponderjs.PonderLang.generate(PonderLang.java:59) ~[ponderjs-1.20.1-2.0.5.jar%23697!/:1.20.1-2.0.5]
	at com.almostreliable.ponderjs.PonderLang.initLanguage(PonderLang.java:34) ~[ponderjs-1.20.1-2.0.5.jar%23697!/:1.20.1-2.0.5]
	at net.createmod.ponder.PonderClient.handler$dii000$ponderjs$injectLanguage(PonderClient.java:515) ~[Ponder-Forge-1.20.1-1.0.52.jar%23896!/:1.0.52]
	at net.createmod.ponder.PonderClient.modLoadCompleted(PonderClient.java:52) ~[Ponder-Forge-1.20.1-1.0.52.jar%23896!/:1.0.52]
	at net.createmod.ponder.ForgePonderClient$ModBusClientEvents.loadCompleted(ForgePonderClient.java:102) ~[Ponder-Forge-1.20.1-1.0.52.jar%23896!/:1.0.52]
	at net.createmod.ponder.__ModBusClientEvents_loadCompleted_FMLLoadCompleteEvent.invoke(.dynamic) ~[Ponder-Forge-1.20.1-1.0.52.jar%23896!/:1.0.52]
	at net.minecraftforge.eventbus.ASMEventHandler.invoke(ASMEventHandler.java:73) ~[eventbus-6.0.5.jar%2387!/:?]
	at net.minecraftforge.eventbus.EventBus.post(EventBus.java:315) ~[eventbus-6.0.5.jar%2387!/:?]
	at net.minecraftforge.eventbus.EventBus.post(EventBus.java:296) ~[eventbus-6.0.5.jar%2387!/:?]
	at net.minecraftforge.fml.javafmlmod.FMLModContainer.acceptEvent(FMLModContainer.java:121) ~[javafmllanguage-1.20.1-47.4.0.jar%23785!/:?]
	at net.minecraftforge.fml.ModContainer.lambda$buildTransitionHandler$5(ModContainer.java:127) ~[fmlcore-1.20.1-47.4.0.jar%23784!/:?]
	at java.util.concurrent.CompletableFuture$AsyncRun.run(CompletableFuture.java:1804) ~[?:?]
	at java.util.concurrent.CompletableFuture$AsyncRun.exec(CompletableFuture.java:1796) ~[?:?]
	at java.util.concurrent.ForkJoinTask.doExec(ForkJoinTask.java:373) ~[?:?]
	at java.util.concurrent.ForkJoinPool$WorkQueue.topLevelExec(ForkJoinPool.java:1182) ~[?:?]
	at java.util.concurrent.ForkJoinPool.scan(ForkJoinPool.java:1655) ~[?:?]
	at java.util.concurrent.ForkJoinPool.runWorker(ForkJoinPool.java:1622) ~[?:?]
	at java.util.concurrent.ForkJoinWorkerThread.run(ForkJoinWorkerThread.java:165) ~[?:?]
Caused by: java.lang.UnsupportedOperationException: Disabled due ponder is now without create
	at com.almostreliable.ponderjs.particles.ParticleInstructions.rotationIndicator(ParticleInstructions.java:77) ~[ponderjs-1.20.1-2.0.5.jar%23697!/:1.20.1-2.0.5]
	at jdk.internal.reflect.NativeMethodAccessorImpl.invoke0(Native Method) ~[?:?]
	at jdk.internal.reflect.NativeMethodAccessorImpl.invoke(NativeMethodAccessorImpl.java:77) ~[?:?]
	at jdk.internal.reflect.DelegatingMethodAccessorImpl.invoke(DelegatingMethodAccessorImpl.java:43) ~[?:?]
	at java.lang.reflect.Method.invoke(Method.java:569) ~[?:?]
	at dev.latvian.mods.rhino.MemberBox.invoke(MemberBox.java:160) ~[rhino-forge-2001.2.3-build.10.jar%23718!/:2001.2.3-build.10]
	... 38 more
[00:07:46] [Worker-ResourceReload-12/INFO]: PonderJS - New lang file differ from existing lang file, generating new lang file.
 Old Lang size: 0 

 New lang size: 107
[00:07:47] [Render thread/INFO]: Successfully loaded config provider: com.mrcrayfish.configured.impl.forge.ForgeConfigProvider
[00:07:47] [Render thread/INFO]: Successfully loaded config provider: com.mrcrayfish.configured.impl.framework.FrameworkConfigProvider
[00:07:47] [Render thread/INFO]: Successfully loaded config provider: com.mrcrayfish.configured.impl.jei.JeiConfigProvider
[00:07:47] [Render thread/INFO]: Successfully loaded config provider: com.anthonyhilyard.iceberg.compat.configured.IcebergConfigProvider
[00:07:47] [Render thread/INFO]: Creating config GUI factories...
[00:07:47] [Render thread/INFO]: Registering config factory for mod exdeorum. Found 3 config(s)
[00:07:47] [Render thread/INFO]: Registering config factory for mod integratedterminals. Found 1 config(s)
[00:07:47] [Render thread/INFO]: Registering config factory for mod projecte. Found 4 config(s)
[00:07:47] [Render thread/INFO]: Registering config factory for mod thermal. Found 3 config(s)
[00:07:47] [Render thread/INFO]: Registering config factory for mod ironjetpacks. Found 2 config(s)
[00:07:47] [Render thread/INFO]: Registering config factory for mod rftoolsbase. Found 1 config(s)
[00:07:47] [Render thread/INFO]: Registering config factory for mod xnet. Found 2 config(s)
[00:07:47] [Render thread/INFO]: Registering config factory for mod jumbofurnace. Found 1 config(s)
[00:07:47] [Render thread/INFO]: Registering config factory for mod forgivingvoid. Found 1 config(s)
[00:07:47] [Render thread/INFO]: Registering config factory for mod forcecraft. Found 1 config(s)
[00:07:47] [Render thread/INFO]: Registering config factory for mod balm. Found 2 config(s)
[00:07:47] [Render thread/INFO]: Registering config factory for mod jeresources. Found 1 config(s)
[00:07:47] [Render thread/INFO]: Registering config factory for mod shetiphiancore. Found 2 config(s)
[00:07:47] [Render thread/INFO]: Registering config factory for mod mysticalagradditions. Found 1 config(s)
[00:07:47] [Render thread/INFO]: Registering config factory for mod redstone_arsenal. Found 1 config(s)
[00:07:47] [Render thread/INFO]: Registering config factory for mod emojiful. Found 1 config(s)
[00:07:47] [Render thread/INFO]: Registering config factory for mod refinedstorage. Found 2 config(s)
[00:07:47] [Render thread/INFO]: Registering config factory for mod industrialforegoing. Found 5 config(s)
[00:07:47] [Render thread/INFO]: Registering config factory for mod torchmaster. Found 1 config(s)
[00:07:47] [Render thread/INFO]: Registering config factory for mod bcc. Found 1 config(s)
[00:07:47] [Render thread/INFO]: Registering config factory for mod ironfurnaces. Found 1 config(s)
[00:07:47] [Render thread/INFO]: Registering config factory for mod structurecompass. Found 1 config(s)
[00:07:47] [Render thread/INFO]: Registering config factory for mod silentgear. Found 2 config(s)
[00:07:47] [Render thread/INFO]: Registering config factory for mod botania. Found 2 config(s)
[00:07:47] [Render thread/INFO]: Registering config factory for mod curios. Found 3 config(s)
[00:07:47] [Render thread/INFO]: Registering config factory for mod advgenerators. Found 1 config(s)
[00:07:47] [Render thread/INFO]: Registering config factory for mod measurements. Found 1 config(s)
[00:07:47] [Render thread/INFO]: Registering config factory for mod angelring. Found 1 config(s)
[00:07:47] [Render thread/INFO]: Registering config factory for mod framedblocks. Found 3 config(s)
[00:07:47] [Render thread/INFO]: Registering config factory for mod extrastorage. Found 1 config(s)
[00:07:47] [Render thread/INFO]: Registering config factory for mod constructionwand. Found 2 config(s)
[00:07:47] [Render thread/INFO]: Registering config factory for mod cobblefordays. Found 1 config(s)
[00:07:47] [Render thread/INFO]: Registering config factory for mod fastleafdecay. Found 1 config(s)
[00:07:47] [Render thread/INFO]: Registering config factory for mod sfm. Found 3 config(s)
[00:07:47] [Render thread/INFO]: Registering config factory for mod jei. Found 5 config(s)
[00:07:47] [Render thread/INFO]: Registering config factory for mod everlastingabilities. Found 1 config(s)
[00:07:47] [Render thread/INFO]: Registering config factory for mod mekanism. Found 8 config(s)
[00:07:47] [Render thread/INFO]: Registering config factory for mod invtweaks. Found 1 config(s)
[00:07:47] [Render thread/INFO]: Registering config factory for mod naturescompass. Found 2 config(s)
[00:07:47] [Render thread/INFO]: Registering config factory for mod farmingforblockheads. Found 1 config(s)
[00:07:47] [Render thread/INFO]: Registering config factory for mod pneumaticcraft. Found 2 config(s)
[00:07:47] [Render thread/INFO]: Registering config factory for mod cofh_core. Found 3 config(s)
[00:07:47] [Render thread/INFO]: Registering config factory for mod plonk. Found 1 config(s)
[00:07:47] [Render thread/INFO]: Registering config factory for mod oreberriesreplanted. Found 1 config(s)
[00:07:47] [Render thread/INFO]: Registering config factory for mod ars_nouveau. Found 84 config(s)
[00:07:47] [Render thread/INFO]: Registering config factory for mod rftoolspower. Found 1 config(s)
[00:07:47] [Render thread/INFO]: Registering config factory for mod forge. Found 2 config(s)
[00:07:47] [Render thread/INFO]: Registering config factory for mod crystalix. Found 1 config(s)
[00:07:47] [Render thread/INFO]: Registering config factory for mod integratedcrafting. Found 1 config(s)
[00:07:47] [Render thread/INFO]: Registering config factory for mod alchemistry. Found 1 config(s)
[00:07:47] [Render thread/INFO]: Registering config factory for mod simplebackups. Found 2 config(s)
[00:07:47] [Render thread/INFO]: Registering config factory for mod immersiveengineering. Found 3 config(s)
[00:07:47] [Render thread/INFO]: Registering config factory for mod xycraft_machines. Found 1 config(s)
[00:07:47] [Render thread/INFO]: Registering config factory for mod jeiintegration. Found 1 config(s)
[00:07:47] [Render thread/INFO]: Registering config factory for mod rftoolsbuilder. Found 2 config(s)
[00:07:47] [Render thread/INFO]: Registering config factory for mod pipez. Found 1 config(s)
[00:07:47] [Render thread/INFO]: Registering config factory for mod flywheel. Found 1 config(s)
[00:07:47] [Render thread/INFO]: Registering config factory for mod integrateddynamics. Found 1 config(s)
[00:07:47] [Render thread/INFO]: Registering config factory for mod pickletweaks. Found 2 config(s)
[00:07:47] [Render thread/INFO]: Registering config factory for mod appleskin. Found 1 config(s)
[00:07:47] [Render thread/INFO]: Registering config factory for mod showcaseitem. Found 1 config(s)
[00:07:47] [Render thread/INFO]: Registering config factory for mod lootr. Found 2 config(s)
[00:07:47] [Render thread/INFO]: Registering config factory for mod occultism. Found 2 config(s)
[00:07:47] [Render thread/INFO]: Registering config factory for mod hyperbox. Found 2 config(s)
[00:07:47] [Render thread/INFO]: Registering config factory for mod allthetweaks. Found 1 config(s)
[00:07:47] [Render thread/INFO]: Registering config factory for mod extremesoundmuffler. Found 1 config(s)
[00:07:47] [Render thread/INFO]: Registering config factory for mod cosmeticarmorreworked. Found 2 config(s)
[00:07:47] [Render thread/INFO]: Registering config factory for mod morered. Found 2 config(s)
[00:07:47] [Render thread/INFO]: Registering config factory for mod keybindbundles. Found 1 config(s)
[00:07:47] [Render thread/INFO]: Registering config factory for mod rsrequestify. Found 1 config(s)
[00:07:47] [Render thread/INFO]: Registering config factory for mod ars_caelum. Found 1 config(s)
[00:07:47] [Render thread/INFO]: Registering config factory for mod cyclopscore. Found 1 config(s)
[00:07:47] [Render thread/INFO]: Registering config factory for mod sophisticatedcore. Found 2 config(s)
[00:07:47] [Render thread/INFO]: Registering config factory for mod cookingforblockheads. Found 1 config(s)
[00:07:47] [Render thread/INFO]: Registering config factory for mod dankstorage. Found 2 config(s)
[00:07:47] [Render thread/INFO]: Registering config factory for mod sophisticatedbackpacks. Found 2 config(s)
[00:07:47] [Render thread/INFO]: Registering config factory for mod generatorgalore. Found 1 config(s)
[00:07:47] [Render thread/INFO]: Registering config factory for mod mekanismgenerators. Found 3 config(s)
[00:07:47] [Render thread/INFO]: Registering config factory for mod matc. Found 2 config(s)
[00:07:47] [Render thread/INFO]: Registering config factory for mod utilitarian. Found 2 config(s)
[00:07:47] [Render thread/INFO]: Registering config factory for mod xnetgases. Found 1 config(s)
[00:07:47] [Render thread/INFO]: Registering config factory for mod mob_grinding_utils. Found 1 config(s)
[00:07:47] [Render thread/INFO]: Registering config factory for mod webdisplays. Found 2 config(s)
[00:07:47] [Render thread/INFO]: Registering config factory for mod rsinfinitybooster. Found 1 config(s)
[00:07:47] [Render thread/INFO]: Registering config factory for mod arseng. Found 1 config(s)
[00:07:47] [Render thread/INFO]: Registering config factory for mod exmachinis. Found 1 config(s)
[00:07:47] [Render thread/INFO]: Registering config factory for mod appflux. Found 1 config(s)
[00:07:47] [Render thread/INFO]: Registering config factory for mod farmersdelight. Found 2 config(s)
[00:07:47] [Render thread/INFO]: Registering config factory for mod endertanks. Found 2 config(s)
[00:07:47] [Render thread/INFO]: Registering config factory for mod commoncapabilities. Found 1 config(s)
[00:07:47] [Render thread/INFO]: Registering config factory for mod crashutilities. Found 1 config(s)
[00:07:47] [Render thread/INFO]: Registering config factory for mod merequester. Found 1 config(s)
[00:07:47] [Render thread/INFO]: Registering config factory for mod patchouli. Found 1 config(s)
[00:07:47] [Render thread/INFO]: Registering config factory for mod rftoolsstorage. Found 2 config(s)
[00:07:47] [Render thread/INFO]: Registering config factory for mod tiab. Found 1 config(s)
[00:07:47] [Render thread/INFO]: Registering config factory for mod integratedtunnels. Found 1 config(s)
[00:07:47] [Render thread/INFO]: Registering config factory for mod elevatorid. Found 1 config(s)
[00:07:47] [Render thread/INFO]: Registering config factory for mod mekanismtools. Found 2 config(s)
[00:07:47] [Render thread/INFO]: Registering config factory for mod computercraft. Found 2 config(s)
[00:07:47] [Render thread/INFO]: Registering config factory for mod ars_ocultas. Found 1 config(s)
[00:07:47] [Render thread/INFO]: Registering config factory for mod productivebees. Found 2 config(s)
[00:07:47] [Render thread/INFO]: Registering config factory for mod inventoryessentials. Found 1 config(s)
[00:07:47] [Render thread/INFO]: Registering config factory for mod bwncr. Found 1 config(s)
[00:07:47] [Render thread/INFO]: Registering config factory for mod cucumber. Found 2 config(s)
[00:07:47] [Render thread/INFO]: Registering config factory for mod trashslot. Found 1 config(s)
[00:07:47] [Render thread/INFO]: Registering config factory for mod craftingstation. Found 2 config(s)
[00:07:47] [Render thread/INFO]: Registering config factory for mod sophisticatedstorage. Found 3 config(s)
[00:07:47] [Render thread/INFO]: Registering config factory for mod reap. Found 1 config(s)
[00:07:47] [Render thread/INFO]: Registering config factory for mod ensorcellation. Found 1 config(s)
[00:07:47] [Render thread/INFO]: Registering config factory for mod waystones. Found 1 config(s)
[00:07:47] [Render thread/INFO]: Registering config factory for mod thermal_extra. Found 1 config(s)
[00:07:47] [Render thread/INFO]: Registering config factory for mod mcjtylib. Found 2 config(s)
[00:07:47] [Render thread/INFO]: Registering config factory for mod expatternprovider. Found 1 config(s)
[00:07:47] [Render thread/INFO]: Registering config factory for mod guideme. Found 1 config(s)
[00:07:47] [Render thread/INFO]: Registering config factory for mod integrateddynamicscompat. Found 1 config(s)
[00:07:47] [Render thread/INFO]: Registering config factory for mod advanced_ae. Found 1 config(s)
[00:07:47] [Render thread/INFO]: Registering config factory for mod bloodmagic. Found 2 config(s)
[00:07:47] [Render thread/INFO]: Registering config factory for mod xycraft_core. Found 1 config(s)
[00:07:47] [Render thread/INFO]: Registering config factory for mod mysticalagriculture. Found 2 config(s)
[00:07:47] [Render thread/INFO]: Registering config factory for mod craftingtweaks. Found 1 config(s)
[00:07:47] [Render thread/INFO]: Registering config factory for mod rftoolsutility. Found 2 config(s)
[00:07:47] [Render thread/INFO]: Registering config factory for mod moonlight. Found 1 config(s)
[00:07:47] [Render thread/INFO]: Registering config factory for mod appliede. Found 2 config(s)
[00:07:47] [Render thread/INFO]: Registering config factory for mod titanium. Found 2 config(s)
[00:07:47] [Render thread/INFO]: Registering config factory for mod exchangers. Found 1 config(s)
[00:07:47] [Render thread/INFO]: Registering config factory for mod forbidden_arcanus. Found 2 config(s)
[00:07:47] [Render thread/INFO]: Registering config factory for mod enderio. Found 5 config(s)
[00:07:47] [Render thread/INFO]: Registering config factory for mod defaultworldtype. Found 1 config(s)
[00:07:47] [Render thread/INFO]: Registering config factory for mod easy_villagers. Found 2 config(s)
[00:07:47] [Render thread/INFO]: Registering config factory for mod reliquary. Found 2 config(s)
[00:07:47] [Render thread/INFO]: Registering config factory for mod chemlib. Found 1 config(s)
[00:07:47] [Render thread/INFO]: Registering config factory for mod creativewirelesstransmitter. Found 1 config(s)
[00:07:47] [Render thread/INFO]: Registering config factory for mod fluxnetworks. Found 3 config(s)
[00:07:47] [Render thread/INFO]: Registering config factory for mod ars_elemental. Found 29 config(s)
[00:07:47] [Render thread/INFO]: Registering config factory for mod enderchests. Found 2 config(s)
[00:07:47] [Render thread/INFO]: Registering config factory for mod buildinggadgets2. Found 1 config(s)
[00:07:47] [Render thread/INFO]: Registering config factory for mod flowerpatch. Found 1 config(s)
[00:07:47] [Render thread/INFO]: Registering config factory for mod modonomicon. Found 1 config(s)
[00:07:47] [Render thread/INFO]: Registering config factory for mod pylons. Found 1 config(s)
[00:07:47] [Render thread/INFO]: Registering config factory for mod functionalstorage. Found 2 config(s)
[00:07:47] [Render thread/INFO]: Registering config factory for mod moredragoneggs. Found 1 config(s)
[00:07:47] [Render thread/INFO]: Registering config factory for mod modularrouters. Found 2 config(s)
[00:07:47] [Render thread/INFO]: Registering config factory for mod refinedstorageaddons. Found 1 config(s)
[00:07:47] [Render thread/INFO]: Registering config factory for mod productivetrees. Found 1 config(s)
[00:07:47] [Render thread/INFO]: Registering config factory for mod createaddition. Found 1 config(s)
[00:07:48] [Render thread/INFO]: Initializing CEF on windows_amd64...
[00:07:48] [Render thread/INFO]: [org.cef.CefApp:initialize:361]: initialize on Thread[Render thread,10,main] with library path C:\Users\Nuril\curseforge\minecraft\Instances\All the Mods 9 - To the Sky - atm9sky\mods\mcef-libraries\windows_amd64
[00:07:49] [Render thread/INFO]: Chromium Embedded Framework initialized
[00:07:49] [Render thread/INFO]: Mixing client.MixinRowHelper from mixins/common/nochatreports.mixins.json into net.minecraft.client.gui.layouts.GridLayout$RowHelper
[00:07:49] [Render thread/INFO]: Mixing client.MixinChatOptionsScreen from mixins/common/nochatreports.mixins.json into net.minecraft.client.gui.screens.ChatOptionsScreen
[00:07:49] [Render thread/INFO]: Renaming synthetic method lambda$init$0(Lnet/minecraft/client/gui/components/AbstractWidget;)V to mdc9f5fb$lambda$init$0$0 in mixins/common/nochatreports.mixins.json:client.MixinChatOptionsScreen
[00:07:49] [Render thread/WARN]: Missing sound for event: minecraft:item.goat_horn.play
[00:07:49] [Render thread/WARN]: Missing sound for event: minecraft:entity.goat.screaming.horn_break
[00:07:49] [Render thread/INFO]: OpenAL initialized on device OpenAL Soft on Headset Earphone (Samsung USB C Earphones)
[00:07:49] [Render thread/INFO]: Initializing Sound Physics
[00:07:49] [Render thread/INFO]: EFX Extension recognized
[00:07:49] [Render thread/INFO]: Max auxiliary sends: 4
[00:07:49] [Render thread/INFO]: Aux slot 1 created
[00:07:49] [Render thread/INFO]: Aux slot 2 created
[00:07:49] [Render thread/INFO]: Aux slot 3 created
[00:07:49] [Render thread/INFO]: Aux slot 4 created
[00:07:49] [Render thread/INFO]: EFX ready
[00:07:49] [Render thread/INFO]: Sound engine started
[00:07:49] [Render thread/INFO]: Created: 8192x8192x0 minecraft:textures/atlas/blocks.png-atlas
[00:07:50] [Render thread/INFO]: Created: 1024x1024x0 minecraft:textures/atlas/signs.png-atlas
[00:07:50] [Render thread/INFO]: Created: 1024x512x0 minecraft:textures/atlas/shield_patterns.png-atlas
[00:07:50] [Render thread/INFO]: Created: 1024x1024x0 minecraft:textures/atlas/banner_patterns.png-atlas
[00:07:50] [Render thread/INFO]: Created: 2048x1024x0 minecraft:textures/atlas/armor_trims.png-atlas
[00:07:50] [Render thread/INFO]: Created: 128x64x0 minecraft:textures/atlas/decorated_pot.png-atlas
[00:07:50] [Render thread/INFO]: Created: 1024x512x0 minecraft:textures/atlas/chest.png-atlas
[00:07:50] [Render thread/INFO]: Created: 512x256x0 minecraft:textures/atlas/beds.png-atlas
[00:07:50] [Render thread/INFO]: Created: 512x256x0 minecraft:textures/atlas/shulker_boxes.png-atlas
[00:07:50] [Render thread/WARN]: Failed to add slimed layer to entity: entity.allthemodium.piglich. This bug was caused by forge! Use neo
[00:07:50] [Render thread/WARN]: Failed to add slimed layer to entity: entity.occultism.foliot. This bug was caused by forge! Use neo
[00:07:50] [Render thread/WARN]: Failed to add slimed layer to entity: entity.occultism.djinni. This bug was caused by forge! Use neo
[00:07:50] [Render thread/WARN]: Failed to add slimed layer to entity: entity.occultism.afrit. This bug was caused by forge! Use neo
[00:07:50] [Render thread/WARN]: Failed to add slimed layer to entity: entity.occultism.afrit_wild. This bug was caused by forge! Use neo
[00:07:50] [Render thread/WARN]: Failed to add slimed layer to entity: entity.occultism.marid. This bug was caused by forge! Use neo
[00:07:50] [Render thread/WARN]: Failed to add slimed layer to entity: entity.occultism.devil_familiar. This bug was caused by forge! Use neo
[00:07:50] [Render thread/WARN]: Failed to add slimed layer to entity: entity.occultism.demonic_wife. This bug was caused by forge! Use neo
[00:07:50] [Render thread/WARN]: Failed to add slimed layer to entity: entity.occultism.demonic_husband. This bug was caused by forge! Use neo
[00:07:50] [Render thread/WARN]: Failed to add slimed layer to entity: entity.ars_nouveau.bookwyrm. This bug was caused by forge! Use neo
[00:07:50] [Render thread/WARN]: Failed to add slimed layer to entity: entity.ars_nouveau.starbuncle. This bug was caused by forge! Use neo
[00:07:50] [Render thread/WARN]: Failed to add slimed layer to entity: entity.ars_nouveau.whirlisprig. This bug was caused by forge! Use neo
[00:07:50] [Render thread/WARN]: Failed to add slimed layer to entity: entity.ars_nouveau.wixie. This bug was caused by forge! Use neo
[00:07:50] [Render thread/WARN]: Failed to add slimed layer to entity: entity.ars_nouveau.wilden_hunter. This bug was caused by forge! Use neo
[00:07:50] [Render thread/WARN]: Failed to add slimed layer to entity: entity.ars_nouveau.wilden_stalker. This bug was caused by forge! Use neo
[00:07:50] [Render thread/WARN]: Failed to add slimed layer to entity: entity.ars_nouveau.wilden_guardian. This bug was caused by forge! Use neo
[00:07:50] [Render thread/WARN]: Failed to add slimed layer to entity: entity.ars_nouveau.wilden_boss. This bug was caused by forge! Use neo
[00:07:50] [Render thread/WARN]: Failed to add slimed layer to entity: entity.ars_nouveau.drygmy. This bug was caused by forge! Use neo
[00:07:50] [Render thread/WARN]: Failed to add slimed layer to entity: entity.ars_nouveau.familiar_starbuncle. This bug was caused by forge! Use neo
[00:07:50] [Render thread/WARN]: Failed to add slimed layer to entity: entity.ars_nouveau.familiar_wixie. This bug was caused by forge! Use neo
[00:07:50] [Render thread/WARN]: Failed to add slimed layer to entity: entity.ars_nouveau.familiar_bookwyrm. This bug was caused by forge! Use neo
[00:07:50] [Render thread/WARN]: Failed to add slimed layer to entity: entity.ars_nouveau.familiar_drygmy. This bug was caused by forge! Use neo
[00:07:50] [Render thread/WARN]: Failed to add slimed layer to entity: entity.ars_nouveau.familiar_whirlisprig. This bug was caused by forge! Use neo
[00:07:50] [Render thread/WARN]: Failed to add slimed layer to entity: entity.ars_nouveau.familiar_amethyst_golem. This bug was caused by forge! Use neo
[00:07:50] [Render thread/WARN]: Failed to add slimed layer to entity: entity.ars_nouveau.cascading_weald_walker. This bug was caused by forge! Use neo
[00:07:50] [Render thread/WARN]: Failed to add slimed layer to entity: entity.ars_nouveau.flourishing_weald_walker. This bug was caused by forge! Use neo
[00:07:50] [Render thread/WARN]: Failed to add slimed layer to entity: entity.ars_nouveau.blazing_weald_walker. This bug was caused by forge! Use neo
[00:07:50] [Render thread/WARN]: Failed to add slimed layer to entity: entity.ars_nouveau.vexing_weald_walker. This bug was caused by forge! Use neo
[00:07:50] [Render thread/WARN]: Failed to add slimed layer to entity: entity.ars_nouveau.amethyst_golem. This bug was caused by forge! Use neo
[00:07:50] [Render thread/WARN]: Failed to add slimed layer to entity: entity.ars_nouveau.gift_starby. This bug was caused by forge! Use neo
[00:07:50] [Render thread/WARN]: Failed to add slimed layer to entity: entity.ars_nouveau.animated_block. This bug was caused by forge! Use neo
[00:07:50] [Render thread/WARN]: Failed to add slimed layer to entity: entity.ars_nouveau.animated_head. This bug was caused by forge! Use neo
[00:07:50] [Render thread/WARN]: Failed to add slimed layer to entity: entity.ars_nouveau.lily. This bug was caused by forge! Use neo
[00:07:50] [Render thread/WARN]: Failed to add slimed layer to entity: entity.create.package. This bug was caused by forge! Use neo
[00:07:50] [Render thread/WARN]: Failed to add slimed layer to entity: entity.draconicevolution.draconic_guardian. This bug was caused by forge! Use neo
[00:07:50] [Render thread/WARN]: Failed to add slimed layer to entity: entity.ars_elemental.siren_entity. This bug was caused by forge! Use neo
[00:07:50] [Render thread/WARN]: Failed to add slimed layer to entity: entity.ars_elemental.siren_familiar. This bug was caused by forge! Use neo
[00:07:50] [Render thread/WARN]: Failed to add slimed layer to entity: entity.ars_elemental.firenando_entity. This bug was caused by forge! Use neo
[00:07:50] [Render thread/WARN]: Failed to add slimed layer to entity: entity.ars_elemental.firenando_familiar. This bug was caused by forge! Use neo
[00:07:50] [Render thread/WARN]: Failed to add slimed layer to entity: entity.ars_elemental.flashing_weald_walker. This bug was caused by forge! Use neo
[00:07:51] [Render thread/WARN]: Shader rendertype_entity_translucent_emissive could not find sampler named Sampler2 in the specified shader program.
[00:07:51] [Render thread/WARN]: Shader cofh_core:particle_over could not find sampler named Sampler2 in the specified shader program.
[00:07:51] [Render thread/WARN]: Shader cofh_core:particle_add could not find sampler named Sampler2 in the specified shader program.
[00:07:51] [Render thread/WARN]: Shader cofh_core:particle_screen could not find sampler named Sampler2 in the specified shader program.
[00:07:53] [Render thread/WARN]: Shader brandonscore:contributor/patreon_core could not find uniform named Transition in the specified shader program.
[00:07:54] [Render thread/WARN]: Shader forbidden_arcanus:rendertype_entity_fullbright_cutout could not find sampler named Sampler1 in the specified shader program.
[00:07:54] [Render thread/WARN]: Shader forbidden_arcanus:rendertype_entity_fullbright_cutout could not find sampler named Sampler2 in the specified shader program.
[00:07:54] [Render thread/WARN]: Shader forbidden_arcanus:rendertype_entity_fullbright_cutout could not find uniform named FogColor in the specified shader program.
[00:07:54] [Render thread/WARN]: Shader forbidden_arcanus:rendertype_entity_fullbright_translucent could not find sampler named Sampler1 in the specified shader program.
[00:07:54] [Render thread/WARN]: Shader forbidden_arcanus:rendertype_entity_fullbright_translucent could not find sampler named Sampler2 in the specified shader program.
[00:07:54] [Render thread/WARN]: Shader forbidden_arcanus:rendertype_entity_fullbright_translucent could not find uniform named FogColor in the specified shader program.
[00:07:54] [Render thread/INFO]: Created: 1024x512x0 minecraft:textures/atlas/particles.png-atlas
[00:07:54] [Render thread/INFO]: Created: 2048x1024x0 minecraft:textures/atlas/paintings.png-atlas
[00:07:54] [Render thread/INFO]: Created: 512x256x0 minecraft:textures/atlas/mob_effects.png-atlas
[00:07:54] [Render thread/INFO]: Created: 512x256x0 codechickenlib:textures/atlas/gui.png-atlas
[00:07:54] [Render thread/INFO]: Loaded 77 shader sources in 27.085 ms
[00:07:54] [Render thread/INFO]: Created: 256x256x0 jei:textures/atlas/gui.png-atlas
[00:07:54] [Render thread/INFO]: Created: 512x256x0 mekanism:textures/atlas/robit.png-atlas
[00:07:54] [Render thread/INFO]: BookContentResourceListenerLoader preloaded 4283 jsons
[00:07:54] [Render thread/INFO]: Created: 128x128x0 computercraft:textures/atlas/gui.png-atlas
[00:07:54] [Render thread/INFO]: Loaded 51 train hat configurations.
[00:07:54] [Render thread/INFO]: Data driven guides: []
[00:07:54] [Render thread/INFO]: Created: 128x64x0 guideme:textures/atlas/gui.png-atlas
[00:07:54] [Render thread/INFO]: Created: 512x512x0 brandonscore:textures/atlas/gui.png-atlas
[00:07:54] [Render thread/INFO]: Created: 256x256x0 draconicevolution:textures/atlas/module.png-atlas
[00:07:54] [Render thread/INFO]: Created: 2048x1024x0 draconicevolution:textures/atlas/gui.png-atlas
[00:07:54] [Render thread/INFO]: Created: 256x256x0 moonlight:textures/atlas/map_markers.png-atlas
[00:07:54] [Render thread/INFO]: Created: 128x128x0 enderio:textures/atlas/conduit_icons.png-atlas
[00:07:54] [Render thread/INFO]: Successfully loaded image 'supplementaries:textures/block/gottem.gif'
[00:07:54] [Render thread/INFO]: Successfully loaded image 'bridgingmod:textures/gui/config/bridging.webp'
[00:07:54] [Render thread/INFO]: Successfully loaded image 'ars_nouveau:textures/item/conjure_terrain.gif'
[00:07:54] [Render thread/INFO]: Successfully loaded image 'ars_nouveau:textures/item/spike.gif'
[00:07:54] [Render thread/INFO]: Successfully loaded image 'ars_nouveau:textures/item/watery_grave.gif'
[00:07:54] [Render thread/WARN]: Backend with ID 'minecraft:INSTANCING' is not registered
[00:07:54] [Render thread/INFO]: Loaded config for: connectivity.json
[00:07:54] [Render thread/INFO]: Loaded config for: smoothchunk.json
[00:07:54] [Render thread/INFO]: Mixing client.MixinConnectScreen from mixins/common/nochatreports.mixins.json into net.minecraft.client.gui.screens.ConnectScreen
[00:07:54] [Render thread/INFO]: Creating pipeline for dimension NamespacedId{namespace='minecraft', name='overworld'}
[00:07:54] [Render thread/WARN]: Mod(s) [oculus] are modifying Embeddium class me.jellysquid.mods.sodium.client.gl.device.GLRenderDevice$ImmediateDrawCommandList, which may cause instability.
[00:07:56] [Render thread/INFO]: Sorting datapack list to load data correctly.
[00:07:56] [Render thread/INFO]: Reloading ResourceManager: vanilla, mod_resources, Moonlight Mods Dynamic Assets, builtin/add_xycraft_overrides_glass, builtin/add_xycraft_overrides_metal, builtin/add_xycraft_overrides_stone, KubeJS Resource Pack [assets], file/ForceCraft_Retextured.zip, file/SmoothFont_1.20.zip, packmenu
[00:07:56] [Render thread/INFO]: Generated runtime resources for 4 packs in a total of: 221 ms
[00:07:56] [Worker-ResourceReload-1/INFO]: Found unifont_all_no_pua-15.0.06.hex, loading
[00:07:56] [Worker-ResourceReload-9/WARN]: File supplementaries:sounds/item/awning_bounce_1.ogg does not exist, cannot add it to event supplementaries:block.awning.bounce
[00:07:56] [Worker-ResourceReload-9/WARN]: File supplementaries:sounds/item/awning_bounce_2.ogg does not exist, cannot add it to event supplementaries:block.awning.bounce
[00:07:56] [Worker-ResourceReload-9/WARN]: File supplementaries:sounds/item/awning_bounce_3.ogg does not exist, cannot add it to event supplementaries:block.awning.bounce
[00:07:57] [Render thread/INFO]: Client resource reload complete!
[00:07:57] [Worker-ResourceReload-10/INFO]: Loaded 4 essence vessel colors in 25 ms
[00:07:57] [Worker-ResourceReload-13/WARN]: Unused frames in sprite refinedstorage:block/destructor/cutouts/connected: [20, 21, 22, 23]
[00:07:57] [Worker-ResourceReload-8/WARN]: Unused frames in sprite enderio:block/primitive_alloy_smelter_front_active: [4, 5]
[00:07:57] [Worker-ResourceReload-0/WARN]: Invalid frame index on sprite allthetweaks:item/nexium_emitter frame 1: 1
[00:07:57] [Worker-ResourceReload-0/WARN]: Invalid frame index on sprite allthetweaks:item/nexium_emitter frame 2: 2
[00:07:57] [Worker-ResourceReload-0/WARN]: Invalid frame index on sprite allthetweaks:item/nexium_emitter frame 3: 1
[00:07:58] [Worker-ResourceReload-11/WARN]: Unused frames in sprite apotheosis:items/gems/blood_lord: [9]
[00:07:58] [Worker-ResourceReload-0/WARN]: Unused frames in sprite webdisplays:item/upgrade: [9, 10, 11, 12, 13, 14, 15, 16, 17, 18, 19, 20, 21, 22, 23, 24, 25, 26, 27, 28, 29, 30, 31, 32, 33, 34, 35, 36, 37, 38, 39, 40, 41, 42, 43, 44, 45, 46, 47, 48, 49, 50, 51, 52, 53, 54, 55, 56, 57, 58, 59, 60, 61, 62, 63, 64, 65, 66, 67, 68, 69, 70, 71, 72, 73, 74, 75, 76, 77, 78, 79, 80, 81, 82, 83, 84, 85, 86, 87, 88, 89, 90, 91, 92, 93, 94, 95, 96, 97, 98, 99, 100, 101, 102, 103, 104, 105, 106, 107, 108, 109, 110, 111, 112, 113, 114, 115, 116, 117, 118, 119, 120, 121, 122, 123, 124, 125, 126, 127, 128, 129, 130, 131, 132, 133, 134, 135, 136, 137, 138, 139, 140, 141, 142, 143, 144, 145, 146, 147, 148, 149, 150, 151, 152, 153, 154, 155, 156, 157, 158, 159, 160, 161, 162, 163, 164, 165, 166, 167, 168, 169, 170, 171, 172, 173, 174, 175, 176, 177, 178, 179, 180, 181, 182, 183, 184, 185, 186, 187, 188, 189, 190, 191, 192, 193, 194, 195, 196, 197, 198, 199, 200, 201, 202, 203, 204, 205, 206, 207, 208, 209, 210, 211, 212, 213, 214, 215, 216, 217, 218, 219, 220, 221, 222, 223, 224, 225, 226, 227, 228, 229, 230, 231, 232, 233, 234, 235, 236, 237, 238, 239, 240, 241, 242, 243, 244, 245, 246, 247, 248, 249, 250, 251, 252, 253, 254, 255]
[00:07:58] [Worker-ResourceReload-0/WARN]: Invalid frame index on sprite allthetweaks:item/improbable_probability_device frame 0: 1
[00:07:58] [Worker-ResourceReload-0/WARN]: Invalid frame index on sprite allthetweaks:item/improbable_probability_device frame 1: 2
[00:07:58] [Worker-ResourceReload-0/WARN]: Invalid frame index on sprite allthetweaks:item/improbable_probability_device frame 2: 1
[00:07:58] [Worker-ResourceReload-0/WARN]: Invalid frame index on sprite allthetweaks:item/improbable_probability_device frame 3: 3
[00:07:58] [Worker-ResourceReload-0/WARN]: Invalid frame index on sprite allthetweaks:item/improbable_probability_device frame 5: 3
[00:07:58] [Worker-ResourceReload-0/WARN]: Invalid frame index on sprite allthetweaks:item/improbable_probability_device frame 6: 1
[00:07:58] [Worker-ResourceReload-0/WARN]: Invalid frame index on sprite allthetweaks:item/improbable_probability_device frame 8: 4
[00:07:58] [Worker-ResourceReload-0/WARN]: Invalid frame index on sprite allthetweaks:item/improbable_probability_device frame 9: 1
[00:07:58] [Worker-ResourceReload-0/WARN]: Invalid frame index on sprite allthetweaks:item/improbable_probability_device frame 11: 4
[00:07:58] [Worker-ResourceReload-0/WARN]: Invalid frame index on sprite allthetweaks:item/improbable_probability_device frame 12: 2
[00:07:58] [Worker-ResourceReload-0/WARN]: Invalid frame index on sprite allthetweaks:item/improbable_probability_device frame 13: 4
[00:07:58] [Worker-ResourceReload-0/WARN]: Invalid frame index on sprite allthetweaks:item/improbable_probability_device frame 15: 1
[00:07:58] [Worker-ResourceReload-0/WARN]: Invalid frame index on sprite allthetweaks:item/improbable_probability_device frame 16: 4
[00:07:58] [Worker-ResourceReload-0/WARN]: Invalid frame index on sprite allthetweaks:item/improbable_probability_device frame 17: 2
[00:07:58] [Worker-ResourceReload-0/WARN]: Invalid frame index on sprite allthetweaks:item/improbable_probability_device frame 18: 3
[00:07:58] [Worker-ResourceReload-0/WARN]: Invalid frame index on sprite allthetweaks:item/improbable_probability_device frame 20: 1
[00:07:58] [Worker-ResourceReload-0/WARN]: Invalid frame index on sprite allthetweaks:item/improbable_probability_device frame 22: 1
[00:07:58] [Worker-ResourceReload-0/WARN]: Invalid frame index on sprite allthetweaks:item/improbable_probability_device frame 23: 4
[00:07:58] [Worker-ResourceReload-0/WARN]: Invalid frame index on sprite allthetweaks:item/improbable_probability_device frame 24: 1
[00:07:58] [Worker-ResourceReload-0/WARN]: Invalid frame index on sprite allthetweaks:item/improbable_probability_device frame 25: 4
[00:07:58] [Worker-ResourceReload-0/WARN]: Invalid frame index on sprite allthetweaks:item/improbable_probability_device frame 26: 2
[00:07:58] [Worker-ResourceReload-0/WARN]: Invalid frame index on sprite allthetweaks:item/improbable_probability_device frame 27: 4
[00:07:58] [Worker-ResourceReload-0/WARN]: Invalid frame index on sprite allthetweaks:item/improbable_probability_device frame 28: 2
[00:07:58] [Worker-ResourceReload-0/WARN]: Unused frames in sprite powah:item/ender_core: [1, 2, 4, 7, 9, 10, 11]
[00:07:59] [Worker-ResourceReload-1/WARN]: Unused frames in sprite enderio:block/alloy_smelter_front_active: [4, 5]
[00:07:59] [Worker-ResourceReload-5/WARN]: Unused frames in sprite powah:item/charged_snowball: [1, 2, 3, 4, 16, 17, 18, 19]
[00:07:59] [Worker-ResourceReload-8/WARN]: Invalid frame index on sprite allthetweaks:item/pulsating_black_hole frame 1: 1
[00:07:59] [Worker-ResourceReload-8/WARN]: Invalid frame index on sprite allthetweaks:item/pulsating_black_hole frame 2: 2
[00:07:59] [Worker-ResourceReload-8/WARN]: Invalid frame index on sprite allthetweaks:item/pulsating_black_hole frame 3: 3
[00:07:59] [Worker-ResourceReload-8/WARN]: Invalid frame index on sprite allthetweaks:item/pulsating_black_hole frame 4: 4
[00:07:59] [Worker-ResourceReload-8/WARN]: Invalid frame index on sprite allthetweaks:item/pulsating_black_hole frame 5: 3
[00:07:59] [Worker-ResourceReload-8/WARN]: Invalid frame index on sprite allthetweaks:item/pulsating_black_hole frame 6: 2
[00:07:59] [Worker-ResourceReload-8/WARN]: Invalid frame index on sprite allthetweaks:item/pulsating_black_hole frame 7: 1
[00:07:59] [Worker-ResourceReload-9/WARN]: Invalid frame index on sprite allthetweaks:item/dimensional_seed frame 1: 1
[00:07:59] [Worker-ResourceReload-9/WARN]: Invalid frame index on sprite allthetweaks:item/dimensional_seed frame 2: 2
[00:07:59] [Worker-ResourceReload-1/WARN]: Invalid frame index on sprite immersiveengineering:item/metal_ingot_uranium frame 2: 1
[00:07:59] [Worker-ResourceReload-1/WARN]: Invalid frame index on sprite immersiveengineering:item/metal_ingot_uranium frame 3: 1
[00:07:59] [Worker-ResourceReload-1/WARN]: Invalid frame index on sprite immersiveengineering:item/metal_ingot_uranium frame 4: 2
[00:07:59] [Worker-ResourceReload-1/WARN]: Invalid frame index on sprite immersiveengineering:item/metal_ingot_uranium frame 5: 2
[00:07:59] [Worker-ResourceReload-1/WARN]: Invalid frame index on sprite immersiveengineering:item/metal_ingot_uranium frame 6: 3
[00:07:59] [Worker-ResourceReload-1/WARN]: Invalid frame index on sprite immersiveengineering:item/metal_ingot_uranium frame 7: 3
[00:08:00] [Worker-ResourceReload-8/ERROR]: Failed to load model advgenerators:models/item/steam_bucket.json
com.google.gson.JsonParseException: Model loader 'forge:bucket' not found. Registered loaders: bloodmagic:mimicloader, expatternprovider:active_formation_plane, sophisticatedbackpacks:backpack, expatternprovider:active_formation_plane_on, codechickenlib:class, enderio:conduit, immersiveengineering:basic_split, forge:elements, forge:obj, thermal:reconfigurable, immersiveengineering:potion_bucket, sophisticatedstorage:limited_barrel, thermal:dynamo, rftoolsutility:tankloader, amendments:hanging_pot, supplementaries:sign_post, supplementaries:rope_knot, supplementaries:book_pile, botania:mana_gun, xnet:cableloader, mekanism:energy_cube, supplementaries:bunting, amendments:tool_hook, supplementaries:goblet, enderio:modloaded, functionalstorage:framedblock, sophisticatedstorage:shulker_box, pneumaticcraft:camouflaged, rechiseled:connecting_model, forge:separate_transforms, codechickenlib:item_composite, enderio:painted_block, thermal:underlay, sophisticatedstorage:simple_composite, mekanism:robit, supplementaries:frame_block, amendments:wall_lantern, refinedstorage:portable_grid, immersiveengineering:models/conveyor, expatternprovider:ex_drive, supplementaries:extra_rotation, immersiveengineering:conf_sides, immersiveengineering:ie_obj, computercraft:turtle, rftoolsbuilder:shieldloader, supplementaries:blackboard, framedblocks:overlay, thermal_innovation:reservoir, morered:wire_parts, amendments:waterlogged_lily, athena:athena, pneumaticcraft:fluid_container_item, morered:rotate_tints, bloodmagic:mimicloader_ethereal, immersiveengineering:models/coresample, refinedstorage:disk_manipulator, sophisticatedstorage:barrel, cofh_core:fluid_container, supplementaries:flower_box, expatternprovider:assembler_matrix_glass, sophisticatedstorage:chest, guideme:guide_item_dispatcher, supplementaries:jar, amendments:carpet_overlay, supplementaries:faucet, forge:empty, thermal_dynamics:duct, mekanism:transmitter, shetiphian:layered, immersiveengineering:feedthrough, amendments:cauldron, thermal:fluid_cell, thermal:item_cell, refinedstorage:disk_drive, bloodmagic:loader_holding, xycraft_core:connected_textures, botania:floating_flower, forge:fluid_container, forge:composite, integrateddynamics:variable, pneumaticcraft:rendered_item, immersiveengineering:mirror, thermal:energy_cell, webdisplays:screen_loader, enderio:io_overlay, advgenerators:multiblock_model, modonomicon:book_model_loader, forge:item_layers, lootr:barrel
	at net.minecraftforge.client.model.ExtendedBlockModelDeserializer.deserializeGeometry(ExtendedBlockModelDeserializer.java:103) ~[forge-1.20.1-47.4.0-universal.jar%23788!/:?]
	at net.minecraftforge.client.model.ExtendedBlockModelDeserializer.deserialize(ExtendedBlockModelDeserializer.java:55) ~[forge-1.20.1-47.4.0-universal.jar%23788!/:?]
	at net.minecraftforge.client.model.ExtendedBlockModelDeserializer.deserialize(ExtendedBlockModelDeserializer.java:38) ~[forge-1.20.1-47.4.0-universal.jar%23788!/:?]
	at com.google.gson.internal.bind.TreeTypeAdapter.read(TreeTypeAdapter.java:76) ~[gson-2.10.jar%23107!/:?]
	at net.minecraft.util.GsonHelper.m_13780_(GsonHelper.java:524) ~[client-1.20.1-20230612.114412-srg.jar%23783!/:?]
	at net.minecraft.util.GsonHelper.m_263475_(GsonHelper.java:531) ~[client-1.20.1-20230612.114412-srg.jar%23783!/:?]
	at net.minecraft.util.GsonHelper.m_13776_(GsonHelper.java:581) ~[client-1.20.1-20230612.114412-srg.jar%23783!/:?]
	at net.minecraft.client.renderer.block.model.BlockModel.m_111461_(BlockModel.java:74) ~[client-1.20.1-20230612.114412-srg.jar%23783!/:?]
	at net.minecraft.client.resources.model.ModelManager.m_246478_(ModelManager.java:110) ~[client-1.20.1-20230612.114412-srg.jar%23783!/:?]
	at java.util.concurrent.CompletableFuture$AsyncSupply.run(CompletableFuture.java:1768) ~[?:?]
	at java.util.concurrent.CompletableFuture$AsyncSupply.exec(CompletableFuture.java:1760) ~[?:?]
	at java.util.concurrent.ForkJoinTask.doExec(ForkJoinTask.java:373) ~[?:?]
	at java.util.concurrent.ForkJoinPool$WorkQueue.topLevelExec(ForkJoinPool.java:1182) ~[?:?]
	at java.util.concurrent.ForkJoinPool.scan(ForkJoinPool.java:1655) ~[?:?]
	at java.util.concurrent.ForkJoinPool.runWorker(ForkJoinPool.java:1622) ~[?:?]
	at java.util.concurrent.ForkJoinWorkerThread.run(ForkJoinWorkerThread.java:165) ~[?:?]
[00:08:00] [Worker-ResourceReload-0/ERROR]: Failed to load model advgenerators:models/item/syngas_bucket.json
com.google.gson.JsonParseException: Model loader 'forge:bucket' not found. Registered loaders: bloodmagic:mimicloader, expatternprovider:active_formation_plane, sophisticatedbackpacks:backpack, expatternprovider:active_formation_plane_on, codechickenlib:class, enderio:conduit, immersiveengineering:basic_split, forge:elements, forge:obj, thermal:reconfigurable, immersiveengineering:potion_bucket, sophisticatedstorage:limited_barrel, thermal:dynamo, rftoolsutility:tankloader, amendments:hanging_pot, supplementaries:sign_post, supplementaries:rope_knot, supplementaries:book_pile, botania:mana_gun, xnet:cableloader, mekanism:energy_cube, supplementaries:bunting, amendments:tool_hook, supplementaries:goblet, enderio:modloaded, functionalstorage:framedblock, sophisticatedstorage:shulker_box, pneumaticcraft:camouflaged, rechiseled:connecting_model, forge:separate_transforms, codechickenlib:item_composite, enderio:painted_block, thermal:underlay, sophisticatedstorage:simple_composite, mekanism:robit, supplementaries:frame_block, amendments:wall_lantern, refinedstorage:portable_grid, immersiveengineering:models/conveyor, expatternprovider:ex_drive, supplementaries:extra_rotation, immersiveengineering:conf_sides, immersiveengineering:ie_obj, computercraft:turtle, rftoolsbuilder:shieldloader, supplementaries:blackboard, framedblocks:overlay, thermal_innovation:reservoir, morered:wire_parts, amendments:waterlogged_lily, athena:athena, pneumaticcraft:fluid_container_item, morered:rotate_tints, bloodmagic:mimicloader_ethereal, immersiveengineering:models/coresample, refinedstorage:disk_manipulator, sophisticatedstorage:barrel, cofh_core:fluid_container, supplementaries:flower_box, expatternprovider:assembler_matrix_glass, sophisticatedstorage:chest, guideme:guide_item_dispatcher, supplementaries:jar, amendments:carpet_overlay, supplementaries:faucet, forge:empty, thermal_dynamics:duct, mekanism:transmitter, shetiphian:layered, immersiveengineering:feedthrough, amendments:cauldron, thermal:fluid_cell, thermal:item_cell, refinedstorage:disk_drive, bloodmagic:loader_holding, xycraft_core:connected_textures, botania:floating_flower, forge:fluid_container, forge:composite, integrateddynamics:variable, pneumaticcraft:rendered_item, immersiveengineering:mirror, thermal:energy_cell, webdisplays:screen_loader, enderio:io_overlay, advgenerators:multiblock_model, modonomicon:book_model_loader, forge:item_layers, lootr:barrel
	at net.minecraftforge.client.model.ExtendedBlockModelDeserializer.deserializeGeometry(ExtendedBlockModelDeserializer.java:103) ~[forge-1.20.1-47.4.0-universal.jar%23788!/:?]
	at net.minecraftforge.client.model.ExtendedBlockModelDeserializer.deserialize(ExtendedBlockModelDeserializer.java:55) ~[forge-1.20.1-47.4.0-universal.jar%23788!/:?]
	at net.minecraftforge.client.model.ExtendedBlockModelDeserializer.deserialize(ExtendedBlockModelDeserializer.java:38) ~[forge-1.20.1-47.4.0-universal.jar%23788!/:?]
	at com.google.gson.internal.bind.TreeTypeAdapter.read(TreeTypeAdapter.java:76) ~[gson-2.10.jar%23107!/:?]
	at net.minecraft.util.GsonHelper.m_13780_(GsonHelper.java:524) ~[client-1.20.1-20230612.114412-srg.jar%23783!/:?]
	at net.minecraft.util.GsonHelper.m_263475_(GsonHelper.java:531) ~[client-1.20.1-20230612.114412-srg.jar%23783!/:?]
	at net.minecraft.util.GsonHelper.m_13776_(GsonHelper.java:581) ~[client-1.20.1-20230612.114412-srg.jar%23783!/:?]
	at net.minecraft.client.renderer.block.model.BlockModel.m_111461_(BlockModel.java:74) ~[client-1.20.1-20230612.114412-srg.jar%23783!/:?]
	at net.minecraft.client.resources.model.ModelManager.m_246478_(ModelManager.java:110) ~[client-1.20.1-20230612.114412-srg.jar%23783!/:?]
	at java.util.concurrent.CompletableFuture$AsyncSupply.run(CompletableFuture.java:1768) ~[?:?]
	at java.util.concurrent.CompletableFuture$AsyncSupply.exec(CompletableFuture.java:1760) ~[?:?]
	at java.util.concurrent.ForkJoinTask.doExec(ForkJoinTask.java:373) ~[?:?]
	at java.util.concurrent.ForkJoinPool$WorkQueue.topLevelExec(ForkJoinPool.java:1182) ~[?:?]
	at java.util.concurrent.ForkJoinPool.scan(ForkJoinPool.java:1655) ~[?:?]
	at java.util.concurrent.ForkJoinPool.runWorker(ForkJoinPool.java:1622) ~[?:?]
	at java.util.concurrent.ForkJoinWorkerThread.run(ForkJoinWorkerThread.java:165) ~[?:?]
[00:08:00] [Worker-ResourceReload-11/WARN]: Unable to load model: 'minecraft:block' referenced from: powah:energy_cell_starter#waterlogged=true: java.io.FileNotFoundException: minecraft:models/block.json
[00:08:00] [Worker-ResourceReload-11/WARN]: Exception loading blockstate definition: 'industrialforegoing:blockstates/machine_frame_pity.json' missing model for variant: 'industrialforegoing:machine_frame_pity#'
[00:08:00] [Worker-ResourceReload-11/WARN]: Exception loading blockstate definition: 'industrialforegoing:blockstates/machine_frame_simple.json' missing model for variant: 'industrialforegoing:machine_frame_simple#'
[00:08:00] [Worker-ResourceReload-11/WARN]: Exception loading blockstate definition: 'industrialforegoing:blockstates/machine_frame_advanced.json' missing model for variant: 'industrialforegoing:machine_frame_advanced#'
[00:08:00] [Worker-ResourceReload-11/WARN]: Exception loading blockstate definition: 'industrialforegoing:blockstates/machine_frame_supreme.json' missing model for variant: 'industrialforegoing:machine_frame_supreme#'
[00:08:00] [Worker-ResourceReload-11/WARN]: Exception loading blockstate definition: 'industrialforegoing:blockstates/latex.json' missing model for variant: 'industrialforegoing:latex#level=12'
[00:08:00] [Worker-ResourceReload-11/WARN]: Exception loading blockstate definition: 'industrialforegoing:blockstates/latex.json' missing model for variant: 'industrialforegoing:latex#level=11'
[00:08:00] [Worker-ResourceReload-11/WARN]: Exception loading blockstate definition: 'industrialforegoing:blockstates/latex.json' missing model for variant: 'industrialforegoing:latex#level=14'
[00:08:00] [Worker-ResourceReload-11/WARN]: Exception loading blockstate definition: 'industrialforegoing:blockstates/latex.json' missing model for variant: 'industrialforegoing:latex#level=13'
[00:08:00] [Worker-ResourceReload-11/WARN]: Exception loading blockstate definition: 'industrialforegoing:blockstates/latex.json' missing model for variant: 'industrialforegoing:latex#level=6'
[00:08:00] [Worker-ResourceReload-11/WARN]: Exception loading blockstate definition: 'industrialforegoing:blockstates/latex.json' missing model for variant: 'industrialforegoing:latex#level=7'
[00:08:00] [Worker-ResourceReload-11/WARN]: Exception loading blockstate definition: 'industrialforegoing:blockstates/latex.json' missing model for variant: 'industrialforegoing:latex#level=8'
[00:08:00] [Worker-ResourceReload-11/WARN]: Exception loading blockstate definition: 'industrialforegoing:blockstates/latex.json' missing model for variant: 'industrialforegoing:latex#level=10'
[00:08:00] [Worker-ResourceReload-11/WARN]: Exception loading blockstate definition: 'industrialforegoing:blockstates/latex.json' missing model for variant: 'industrialforegoing:latex#level=9'
[00:08:00] [Worker-ResourceReload-11/WARN]: Exception loading blockstate definition: 'industrialforegoing:blockstates/latex.json' missing model for variant: 'industrialforegoing:latex#level=2'
[00:08:00] [Worker-ResourceReload-11/WARN]: Exception loading blockstate definition: 'industrialforegoing:blockstates/latex.json' missing model for variant: 'industrialforegoing:latex#level=3'
[00:08:00] [Worker-ResourceReload-11/WARN]: Exception loading blockstate definition: 'industrialforegoing:blockstates/latex.json' missing model for variant: 'industrialforegoing:latex#level=4'
[00:08:00] [Worker-ResourceReload-11/WARN]: Exception loading blockstate definition: 'industrialforegoing:blockstates/latex.json' missing model for variant: 'industrialforegoing:latex#level=5'
[00:08:00] [Worker-ResourceReload-11/WARN]: Exception loading blockstate definition: 'industrialforegoing:blockstates/latex.json' missing model for variant: 'industrialforegoing:latex#level=15'
[00:08:00] [Worker-ResourceReload-11/WARN]: Exception loading blockstate definition: 'industrialforegoing:blockstates/latex.json' missing model for variant: 'industrialforegoing:latex#level=0'
[00:08:00] [Worker-ResourceReload-11/WARN]: Exception loading blockstate definition: 'industrialforegoing:blockstates/latex.json' missing model for variant: 'industrialforegoing:latex#level=1'
[00:08:00] [Worker-ResourceReload-11/WARN]: Exception loading blockstate definition: 'industrialforegoing:blockstates/meat.json' missing model for variant: 'industrialforegoing:meat#level=2'
[00:08:00] [Worker-ResourceReload-11/WARN]: Exception loading blockstate definition: 'industrialforegoing:blockstates/meat.json' missing model for variant: 'industrialforegoing:meat#level=1'
[00:08:00] [Worker-ResourceReload-11/WARN]: Exception loading blockstate definition: 'industrialforegoing:blockstates/meat.json' missing model for variant: 'industrialforegoing:meat#level=0'
[00:08:00] [Worker-ResourceReload-11/WARN]: Exception loading blockstate definition: 'industrialforegoing:blockstates/meat.json' missing model for variant: 'industrialforegoing:meat#level=6'
[00:08:00] [Worker-ResourceReload-11/WARN]: Exception loading blockstate definition: 'industrialforegoing:blockstates/meat.json' missing model for variant: 'industrialforegoing:meat#level=5'
[00:08:00] [Worker-ResourceReload-11/WARN]: Exception loading blockstate definition: 'industrialforegoing:blockstates/meat.json' missing model for variant: 'industrialforegoing:meat#level=4'
[00:08:00] [Worker-ResourceReload-11/WARN]: Exception loading blockstate definition: 'industrialforegoing:blockstates/meat.json' missing model for variant: 'industrialforegoing:meat#level=3'
[00:08:00] [Worker-ResourceReload-11/WARN]: Exception loading blockstate definition: 'industrialforegoing:blockstates/meat.json' missing model for variant: 'industrialforegoing:meat#level=12'
[00:08:00] [Worker-ResourceReload-11/WARN]: Exception loading blockstate definition: 'industrialforegoing:blockstates/meat.json' missing model for variant: 'industrialforegoing:meat#level=9'
[00:08:00] [Worker-ResourceReload-11/WARN]: Exception loading blockstate definition: 'industrialforegoing:blockstates/meat.json' missing model for variant: 'industrialforegoing:meat#level=13'
[00:08:00] [Worker-ResourceReload-11/WARN]: Exception loading blockstate definition: 'industrialforegoing:blockstates/meat.json' missing model for variant: 'industrialforegoing:meat#level=8'
[00:08:00] [Worker-ResourceReload-11/WARN]: Exception loading blockstate definition: 'industrialforegoing:blockstates/meat.json' missing model for variant: 'industrialforegoing:meat#level=14'
[00:08:00] [Worker-ResourceReload-11/WARN]: Exception loading blockstate definition: 'industrialforegoing:blockstates/meat.json' missing model for variant: 'industrialforegoing:meat#level=7'
[00:08:00] [Worker-ResourceReload-11/WARN]: Exception loading blockstate definition: 'industrialforegoing:blockstates/meat.json' missing model for variant: 'industrialforegoing:meat#level=15'
[00:08:00] [Worker-ResourceReload-11/WARN]: Exception loading blockstate definition: 'industrialforegoing:blockstates/meat.json' missing model for variant: 'industrialforegoing:meat#level=10'
[00:08:00] [Worker-ResourceReload-11/WARN]: Exception loading blockstate definition: 'industrialforegoing:blockstates/meat.json' missing model for variant: 'industrialforegoing:meat#level=11'
[00:08:00] [Worker-ResourceReload-11/WARN]: Exception loading blockstate definition: 'industrialforegoing:blockstates/sewage.json' missing model for variant: 'industrialforegoing:sewage#level=2'
[00:08:00] [Worker-ResourceReload-11/WARN]: Exception loading blockstate definition: 'industrialforegoing:blockstates/sewage.json' missing model for variant: 'industrialforegoing:sewage#level=3'
[00:08:00] [Worker-ResourceReload-11/WARN]: Exception loading blockstate definition: 'industrialforegoing:blockstates/sewage.json' missing model for variant: 'industrialforegoing:sewage#level=4'
[00:08:00] [Worker-ResourceReload-11/WARN]: Exception loading blockstate definition: 'industrialforegoing:blockstates/sewage.json' missing model for variant: 'industrialforegoing:sewage#level=5'
[00:08:00] [Worker-ResourceReload-11/WARN]: Exception loading blockstate definition: 'industrialforegoing:blockstates/sewage.json' missing model for variant: 'industrialforegoing:sewage#level=15'
[00:08:00] [Worker-ResourceReload-11/WARN]: Exception loading blockstate definition: 'industrialforegoing:blockstates/sewage.json' missing model for variant: 'industrialforegoing:sewage#level=0'
[00:08:00] [Worker-ResourceReload-11/WARN]: Exception loading blockstate definition: 'industrialforegoing:blockstates/sewage.json' missing model for variant: 'industrialforegoing:sewage#level=1'
[00:08:00] [Worker-ResourceReload-11/WARN]: Exception loading blockstate definition: 'industrialforegoing:blockstates/sewage.json' missing model for variant: 'industrialforegoing:sewage#level=12'
[00:08:00] [Worker-ResourceReload-11/WARN]: Exception loading blockstate definition: 'industrialforegoing:blockstates/sewage.json' missing model for variant: 'industrialforegoing:sewage#level=11'
[00:08:00] [Worker-ResourceReload-11/WARN]: Exception loading blockstate definition: 'industrialforegoing:blockstates/sewage.json' missing model for variant: 'industrialforegoing:sewage#level=14'
[00:08:00] [Worker-ResourceReload-11/WARN]: Exception loading blockstate definition: 'industrialforegoing:blockstates/sewage.json' missing model for variant: 'industrialforegoing:sewage#level=13'
[00:08:00] [Worker-ResourceReload-11/WARN]: Exception loading blockstate definition: 'industrialforegoing:blockstates/sewage.json' missing model for variant: 'industrialforegoing:sewage#level=6'
[00:08:00] [Worker-ResourceReload-11/WARN]: Exception loading blockstate definition: 'industrialforegoing:blockstates/sewage.json' missing model for variant: 'industrialforegoing:sewage#level=7'
[00:08:00] [Worker-ResourceReload-11/WARN]: Exception loading blockstate definition: 'industrialforegoing:blockstates/sewage.json' missing model for variant: 'industrialforegoing:sewage#level=8'
[00:08:00] [Worker-ResourceReload-11/WARN]: Exception loading blockstate definition: 'industrialforegoing:blockstates/sewage.json' missing model for variant: 'industrialforegoing:sewage#level=10'
[00:08:00] [Worker-ResourceReload-11/WARN]: Exception loading blockstate definition: 'industrialforegoing:blockstates/sewage.json' missing model for variant: 'industrialforegoing:sewage#level=9'
[00:08:00] [Worker-ResourceReload-11/WARN]: Exception loading blockstate definition: 'industrialforegoing:blockstates/essence.json' missing model for variant: 'industrialforegoing:essence#level=13'
[00:08:00] [Worker-ResourceReload-11/WARN]: Exception loading blockstate definition: 'industrialforegoing:blockstates/essence.json' missing model for variant: 'industrialforegoing:essence#level=14'
[00:08:00] [Worker-ResourceReload-11/WARN]: Exception loading blockstate definition: 'industrialforegoing:blockstates/essence.json' missing model for variant: 'industrialforegoing:essence#level=15'
[00:08:00] [Worker-ResourceReload-11/WARN]: Exception loading blockstate definition: 'industrialforegoing:blockstates/essence.json' missing model for variant: 'industrialforegoing:essence#level=3'
[00:08:00] [Worker-ResourceReload-11/WARN]: Exception loading blockstate definition: 'industrialforegoing:blockstates/essence.json' missing model for variant: 'industrialforegoing:essence#level=2'
[00:08:00] [Worker-ResourceReload-11/WARN]: Exception loading blockstate definition: 'industrialforegoing:blockstates/essence.json' missing model for variant: 'industrialforegoing:essence#level=1'
[00:08:00] [Worker-ResourceReload-11/WARN]: Exception loading blockstate definition: 'industrialforegoing:blockstates/essence.json' missing model for variant: 'industrialforegoing:essence#level=0'
[00:08:00] [Worker-ResourceReload-11/WARN]: Exception loading blockstate definition: 'industrialforegoing:blockstates/essence.json' missing model for variant: 'industrialforegoing:essence#level=9'
[00:08:00] [Worker-ResourceReload-11/WARN]: Exception loading blockstate definition: 'industrialforegoing:blockstates/essence.json' missing model for variant: 'industrialforegoing:essence#level=8'
[00:08:00] [Worker-ResourceReload-11/WARN]: Exception loading blockstate definition: 'industrialforegoing:blockstates/essence.json' missing model for variant: 'industrialforegoing:essence#level=7'
[00:08:00] [Worker-ResourceReload-11/WARN]: Exception loading blockstate definition: 'industrialforegoing:blockstates/essence.json' missing model for variant: 'industrialforegoing:essence#level=6'
[00:08:00] [Worker-ResourceReload-11/WARN]: Exception loading blockstate definition: 'industrialforegoing:blockstates/essence.json' missing model for variant: 'industrialforegoing:essence#level=5'
[00:08:00] [Worker-ResourceReload-11/WARN]: Exception loading blockstate definition: 'industrialforegoing:blockstates/essence.json' missing model for variant: 'industrialforegoing:essence#level=4'
[00:08:00] [Worker-ResourceReload-11/WARN]: Exception loading blockstate definition: 'industrialforegoing:blockstates/essence.json' missing model for variant: 'industrialforegoing:essence#level=10'
[00:08:00] [Worker-ResourceReload-11/WARN]: Exception loading blockstate definition: 'industrialforegoing:blockstates/essence.json' missing model for variant: 'industrialforegoing:essence#level=11'
[00:08:00] [Worker-ResourceReload-11/WARN]: Exception loading blockstate definition: 'industrialforegoing:blockstates/essence.json' missing model for variant: 'industrialforegoing:essence#level=12'
[00:08:00] [Worker-ResourceReload-11/WARN]: Exception loading blockstate definition: 'industrialforegoing:blockstates/sludge.json' missing model for variant: 'industrialforegoing:sludge#level=5'
[00:08:00] [Worker-ResourceReload-11/WARN]: Exception loading blockstate definition: 'industrialforegoing:blockstates/sludge.json' missing model for variant: 'industrialforegoing:sludge#level=4'
[00:08:00] [Worker-ResourceReload-11/WARN]: Exception loading blockstate definition: 'industrialforegoing:blockstates/sludge.json' missing model for variant: 'industrialforegoing:sludge#level=3'
[00:08:00] [Worker-ResourceReload-11/WARN]: Exception loading blockstate definition: 'industrialforegoing:blockstates/sludge.json' missing model for variant: 'industrialforegoing:sludge#level=2'
[00:08:00] [Worker-ResourceReload-11/WARN]: Exception loading blockstate definition: 'industrialforegoing:blockstates/sludge.json' missing model for variant: 'industrialforegoing:sludge#level=9'
[00:08:00] [Worker-ResourceReload-11/WARN]: Exception loading blockstate definition: 'industrialforegoing:blockstates/sludge.json' missing model for variant: 'industrialforegoing:sludge#level=8'
[00:08:00] [Worker-ResourceReload-11/WARN]: Exception loading blockstate definition: 'industrialforegoing:blockstates/sludge.json' missing model for variant: 'industrialforegoing:sludge#level=7'
[00:08:00] [Worker-ResourceReload-11/WARN]: Exception loading blockstate definition: 'industrialforegoing:blockstates/sludge.json' missing model for variant: 'industrialforegoing:sludge#level=6'
[00:08:00] [Worker-ResourceReload-11/WARN]: Exception loading blockstate definition: 'industrialforegoing:blockstates/sludge.json' missing model for variant: 'industrialforegoing:sludge#level=1'
[00:08:00] [Worker-ResourceReload-11/WARN]: Exception loading blockstate definition: 'industrialforegoing:blockstates/sludge.json' missing model for variant: 'industrialforegoing:sludge#level=0'
[00:08:00] [Worker-ResourceReload-11/WARN]: Exception loading blockstate definition: 'industrialforegoing:blockstates/sludge.json' missing model for variant: 'industrialforegoing:sludge#level=10'
[00:08:00] [Worker-ResourceReload-11/WARN]: Exception loading blockstate definition: 'industrialforegoing:blockstates/sludge.json' missing model for variant: 'industrialforegoing:sludge#level=15'
[00:08:00] [Worker-ResourceReload-11/WARN]: Exception loading blockstate definition: 'industrialforegoing:blockstates/sludge.json' missing model for variant: 'industrialforegoing:sludge#level=11'
[00:08:00] [Worker-ResourceReload-11/WARN]: Exception loading blockstate definition: 'industrialforegoing:blockstates/sludge.json' missing model for variant: 'industrialforegoing:sludge#level=12'
[00:08:00] [Worker-ResourceReload-11/WARN]: Exception loading blockstate definition: 'industrialforegoing:blockstates/sludge.json' missing model for variant: 'industrialforegoing:sludge#level=13'
[00:08:00] [Worker-ResourceReload-11/WARN]: Exception loading blockstate definition: 'industrialforegoing:blockstates/sludge.json' missing model for variant: 'industrialforegoing:sludge#level=14'
[00:08:00] [Worker-ResourceReload-11/WARN]: Exception loading blockstate definition: 'industrialforegoing:blockstates/pink_slime.json' missing model for variant: 'industrialforegoing:pink_slime#level=9'
[00:08:00] [Worker-ResourceReload-11/WARN]: Exception loading blockstate definition: 'industrialforegoing:blockstates/pink_slime.json' missing model for variant: 'industrialforegoing:pink_slime#level=8'
[00:08:00] [Worker-ResourceReload-11/WARN]: Exception loading blockstate definition: 'industrialforegoing:blockstates/pink_slime.json' missing model for variant: 'industrialforegoing:pink_slime#level=7'
[00:08:00] [Worker-ResourceReload-11/WARN]: Exception loading blockstate definition: 'industrialforegoing:blockstates/pink_slime.json' missing model for variant: 'industrialforegoing:pink_slime#level=6'
[00:08:00] [Worker-ResourceReload-11/WARN]: Exception loading blockstate definition: 'industrialforegoing:blockstates/pink_slime.json' missing model for variant: 'industrialforegoing:pink_slime#level=5'
[00:08:00] [Worker-ResourceReload-11/WARN]: Exception loading blockstate definition: 'industrialforegoing:blockstates/pink_slime.json' missing model for variant: 'industrialforegoing:pink_slime#level=4'
[00:08:00] [Worker-ResourceReload-11/WARN]: Exception loading blockstate definition: 'industrialforegoing:blockstates/pink_slime.json' missing model for variant: 'industrialforegoing:pink_slime#level=3'
[00:08:00] [Worker-ResourceReload-11/WARN]: Exception loading blockstate definition: 'industrialforegoing:blockstates/pink_slime.json' missing model for variant: 'industrialforegoing:pink_slime#level=10'
[00:08:00] [Worker-ResourceReload-11/WARN]: Exception loading blockstate definition: 'industrialforegoing:blockstates/pink_slime.json' missing model for variant: 'industrialforegoing:pink_slime#level=11'
[00:08:00] [Worker-ResourceReload-11/WARN]: Exception loading blockstate definition: 'industrialforegoing:blockstates/pink_slime.json' missing model for variant: 'industrialforegoing:pink_slime#level=12'
[00:08:00] [Worker-ResourceReload-11/WARN]: Exception loading blockstate definition: 'industrialforegoing:blockstates/pink_slime.json' missing model for variant: 'industrialforegoing:pink_slime#level=13'
[00:08:00] [Worker-ResourceReload-11/WARN]: Exception loading blockstate definition: 'industrialforegoing:blockstates/pink_slime.json' missing model for variant: 'industrialforegoing:pink_slime#level=14'
[00:08:00] [Worker-ResourceReload-11/WARN]: Exception loading blockstate definition: 'industrialforegoing:blockstates/pink_slime.json' missing model for variant: 'industrialforegoing:pink_slime#level=15'
[00:08:00] [Worker-ResourceReload-11/WARN]: Exception loading blockstate definition: 'industrialforegoing:blockstates/pink_slime.json' missing model for variant: 'industrialforegoing:pink_slime#level=2'
[00:08:00] [Worker-ResourceReload-11/WARN]: Exception loading blockstate definition: 'industrialforegoing:blockstates/pink_slime.json' missing model for variant: 'industrialforegoing:pink_slime#level=1'
[00:08:00] [Worker-ResourceReload-11/WARN]: Exception loading blockstate definition: 'industrialforegoing:blockstates/pink_slime.json' missing model for variant: 'industrialforegoing:pink_slime#level=0'
[00:08:00] [Worker-ResourceReload-11/WARN]: Exception loading blockstate definition: 'industrialforegoing:blockstates/biofuel.json' missing model for variant: 'industrialforegoing:biofuel#level=5'
[00:08:00] [Worker-ResourceReload-11/WARN]: Exception loading blockstate definition: 'industrialforegoing:blockstates/biofuel.json' missing model for variant: 'industrialforegoing:biofuel#level=4'
[00:08:00] [Worker-ResourceReload-11/WARN]: Exception loading blockstate definition: 'industrialforegoing:blockstates/biofuel.json' missing model for variant: 'industrialforegoing:biofuel#level=3'
[00:08:00] [Worker-ResourceReload-11/WARN]: Exception loading blockstate definition: 'industrialforegoing:blockstates/biofuel.json' missing model for variant: 'industrialforegoing:biofuel#level=2'
[00:08:00] [Worker-ResourceReload-11/WARN]: Exception loading blockstate definition: 'industrialforegoing:blockstates/biofuel.json' missing model for variant: 'industrialforegoing:biofuel#level=9'
[00:08:00] [Worker-ResourceReload-11/WARN]: Exception loading blockstate definition: 'industrialforegoing:blockstates/biofuel.json' missing model for variant: 'industrialforegoing:biofuel#level=8'
[00:08:00] [Worker-ResourceReload-11/WARN]: Exception loading blockstate definition: 'industrialforegoing:blockstates/biofuel.json' missing model for variant: 'industrialforegoing:biofuel#level=7'
[00:08:00] [Worker-ResourceReload-11/WARN]: Exception loading blockstate definition: 'industrialforegoing:blockstates/biofuel.json' missing model for variant: 'industrialforegoing:biofuel#level=6'
[00:08:00] [Worker-ResourceReload-11/WARN]: Exception loading blockstate definition: 'industrialforegoing:blockstates/biofuel.json' missing model for variant: 'industrialforegoing:biofuel#level=15'
[00:08:00] [Worker-ResourceReload-11/WARN]: Exception loading blockstate definition: 'industrialforegoing:blockstates/biofuel.json' missing model for variant: 'industrialforegoing:biofuel#level=11'
[00:08:00] [Worker-ResourceReload-11/WARN]: Exception loading blockstate definition: 'industrialforegoing:blockstates/biofuel.json' missing model for variant: 'industrialforegoing:biofuel#level=12'
[00:08:00] [Worker-ResourceReload-11/WARN]: Exception loading blockstate definition: 'industrialforegoing:blockstates/biofuel.json' missing model for variant: 'industrialforegoing:biofuel#level=13'
[00:08:00] [Worker-ResourceReload-11/WARN]: Exception loading blockstate definition: 'industrialforegoing:blockstates/biofuel.json' missing model for variant: 'industrialforegoing:biofuel#level=14'
[00:08:00] [Worker-ResourceReload-11/WARN]: Exception loading blockstate definition: 'industrialforegoing:blockstates/biofuel.json' missing model for variant: 'industrialforegoing:biofuel#level=10'
[00:08:00] [Worker-ResourceReload-11/WARN]: Exception loading blockstate definition: 'industrialforegoing:blockstates/biofuel.json' missing model for variant: 'industrialforegoing:biofuel#level=1'
[00:08:00] [Worker-ResourceReload-11/WARN]: Exception loading blockstate definition: 'industrialforegoing:blockstates/biofuel.json' missing model for variant: 'industrialforegoing:biofuel#level=0'
[00:08:00] [Worker-ResourceReload-11/WARN]: Exception loading blockstate definition: 'industrialforegoing:blockstates/ether_gas.json' missing model for variant: 'industrialforegoing:ether_gas#level=7'
[00:08:00] [Worker-ResourceReload-11/WARN]: Exception loading blockstate definition: 'industrialforegoing:blockstates/ether_gas.json' missing model for variant: 'industrialforegoing:ether_gas#level=6'
[00:08:00] [Worker-ResourceReload-11/WARN]: Exception loading blockstate definition: 'industrialforegoing:blockstates/ether_gas.json' missing model for variant: 'industrialforegoing:ether_gas#level=5'
[00:08:00] [Worker-ResourceReload-11/WARN]: Exception loading blockstate definition: 'industrialforegoing:blockstates/ether_gas.json' missing model for variant: 'industrialforegoing:ether_gas#level=4'
[00:08:00] [Worker-ResourceReload-11/WARN]: Exception loading blockstate definition: 'industrialforegoing:blockstates/ether_gas.json' missing model for variant: 'industrialforegoing:ether_gas#level=9'
[00:08:00] [Worker-ResourceReload-11/WARN]: Exception loading blockstate definition: 'industrialforegoing:blockstates/ether_gas.json' missing model for variant: 'industrialforegoing:ether_gas#level=8'
[00:08:00] [Worker-ResourceReload-11/WARN]: Exception loading blockstate definition: 'industrialforegoing:blockstates/ether_gas.json' missing model for variant: 'industrialforegoing:ether_gas#level=15'
[00:08:00] [Worker-ResourceReload-11/WARN]: Exception loading blockstate definition: 'industrialforegoing:blockstates/ether_gas.json' missing model for variant: 'industrialforegoing:ether_gas#level=14'
[00:08:00] [Worker-ResourceReload-11/WARN]: Exception loading blockstate definition: 'industrialforegoing:blockstates/ether_gas.json' missing model for variant: 'industrialforegoing:ether_gas#level=13'
[00:08:00] [Worker-ResourceReload-11/WARN]: Exception loading blockstate definition: 'industrialforegoing:blockstates/ether_gas.json' missing model for variant: 'industrialforegoing:ether_gas#level=12'
[00:08:00] [Worker-ResourceReload-11/WARN]: Exception loading blockstate definition: 'industrialforegoing:blockstates/ether_gas.json' missing model for variant: 'industrialforegoing:ether_gas#level=11'
[00:08:00] [Worker-ResourceReload-11/WARN]: Exception loading blockstate definition: 'industrialforegoing:blockstates/ether_gas.json' missing model for variant: 'industrialforegoing:ether_gas#level=10'
[00:08:00] [Worker-ResourceReload-11/WARN]: Exception loading blockstate definition: 'industrialforegoing:blockstates/ether_gas.json' missing model for variant: 'industrialforegoing:ether_gas#level=3'
[00:08:00] [Worker-ResourceReload-11/WARN]: Exception loading blockstate definition: 'industrialforegoing:blockstates/ether_gas.json' missing model for variant: 'industrialforegoing:ether_gas#level=2'
[00:08:00] [Worker-ResourceReload-11/WARN]: Exception loading blockstate definition: 'industrialforegoing:blockstates/ether_gas.json' missing model for variant: 'industrialforegoing:ether_gas#level=1'
[00:08:00] [Worker-ResourceReload-11/WARN]: Exception loading blockstate definition: 'industrialforegoing:blockstates/ether_gas.json' missing model for variant: 'industrialforegoing:ether_gas#level=0'
[00:08:00] [Worker-ResourceReload-11/WARN]: Exception loading blockstate definition: 'industrialforegoing:blockstates/raw_ore_meat.json' missing model for variant: 'industrialforegoing:raw_ore_meat#level=10'
[00:08:00] [Worker-ResourceReload-11/WARN]: Exception loading blockstate definition: 'industrialforegoing:blockstates/raw_ore_meat.json' missing model for variant: 'industrialforegoing:raw_ore_meat#level=11'
[00:08:00] [Worker-ResourceReload-11/WARN]: Exception loading blockstate definition: 'industrialforegoing:blockstates/raw_ore_meat.json' missing model for variant: 'industrialforegoing:raw_ore_meat#level=9'
[00:08:00] [Worker-ResourceReload-11/WARN]: Exception loading blockstate definition: 'industrialforegoing:blockstates/raw_ore_meat.json' missing model for variant: 'industrialforegoing:raw_ore_meat#level=8'
[00:08:00] [Worker-ResourceReload-11/WARN]: Exception loading blockstate definition: 'industrialforegoing:blockstates/raw_ore_meat.json' missing model for variant: 'industrialforegoing:raw_ore_meat#level=7'
[00:08:00] [Worker-ResourceReload-11/WARN]: Exception loading blockstate definition: 'industrialforegoing:blockstates/raw_ore_meat.json' missing model for variant: 'industrialforegoing:raw_ore_meat#level=6'
[00:08:00] [Worker-ResourceReload-11/WARN]: Exception loading blockstate definition: 'industrialforegoing:blockstates/raw_ore_meat.json' missing model for variant: 'industrialforegoing:raw_ore_meat#level=5'
[00:08:00] [Worker-ResourceReload-11/WARN]: Exception loading blockstate definition: 'industrialforegoing:blockstates/raw_ore_meat.json' missing model for variant: 'industrialforegoing:raw_ore_meat#level=4'
[00:08:00] [Worker-ResourceReload-11/WARN]: Exception loading blockstate definition: 'industrialforegoing:blockstates/raw_ore_meat.json' missing model for variant: 'industrialforegoing:raw_ore_meat#level=3'
[00:08:00] [Worker-ResourceReload-11/WARN]: Exception loading blockstate definition: 'industrialforegoing:blockstates/raw_ore_meat.json' missing model for variant: 'industrialforegoing:raw_ore_meat#level=2'
[00:08:00] [Worker-ResourceReload-11/WARN]: Exception loading blockstate definition: 'industrialforegoing:blockstates/raw_ore_meat.json' missing model for variant: 'industrialforegoing:raw_ore_meat#level=1'
[00:08:00] [Worker-ResourceReload-11/WARN]: Exception loading blockstate definition: 'industrialforegoing:blockstates/raw_ore_meat.json' missing model for variant: 'industrialforegoing:raw_ore_meat#level=0'
[00:08:00] [Worker-ResourceReload-11/WARN]: Exception loading blockstate definition: 'industrialforegoing:blockstates/raw_ore_meat.json' missing model for variant: 'industrialforegoing:raw_ore_meat#level=12'
[00:08:00] [Worker-ResourceReload-11/WARN]: Exception loading blockstate definition: 'industrialforegoing:blockstates/raw_ore_meat.json' missing model for variant: 'industrialforegoing:raw_ore_meat#level=13'
[00:08:00] [Worker-ResourceReload-11/WARN]: Exception loading blockstate definition: 'industrialforegoing:blockstates/raw_ore_meat.json' missing model for variant: 'industrialforegoing:raw_ore_meat#level=14'
[00:08:00] [Worker-ResourceReload-11/WARN]: Exception loading blockstate definition: 'industrialforegoing:blockstates/raw_ore_meat.json' missing model for variant: 'industrialforegoing:raw_ore_meat#level=15'
[00:08:00] [Worker-ResourceReload-11/WARN]: Exception loading blockstate definition: 'industrialforegoing:blockstates/fermented_ore_meat.json' missing model for variant: 'industrialforegoing:fermented_ore_meat#level=14'
[00:08:00] [Worker-ResourceReload-11/WARN]: Exception loading blockstate definition: 'industrialforegoing:blockstates/fermented_ore_meat.json' missing model for variant: 'industrialforegoing:fermented_ore_meat#level=15'
[00:08:00] [Worker-ResourceReload-11/WARN]: Exception loading blockstate definition: 'industrialforegoing:blockstates/fermented_ore_meat.json' missing model for variant: 'industrialforegoing:fermented_ore_meat#level=12'
[00:08:00] [Worker-ResourceReload-11/WARN]: Exception loading blockstate definition: 'industrialforegoing:blockstates/fermented_ore_meat.json' missing model for variant: 'industrialforegoing:fermented_ore_meat#level=13'
[00:08:00] [Worker-ResourceReload-11/WARN]: Exception loading blockstate definition: 'industrialforegoing:blockstates/fermented_ore_meat.json' missing model for variant: 'industrialforegoing:fermented_ore_meat#level=1'
[00:08:00] [Worker-ResourceReload-11/WARN]: Exception loading blockstate definition: 'industrialforegoing:blockstates/fermented_ore_meat.json' missing model for variant: 'industrialforegoing:fermented_ore_meat#level=2'
[00:08:00] [Worker-ResourceReload-11/WARN]: Exception loading blockstate definition: 'industrialforegoing:blockstates/fermented_ore_meat.json' missing model for variant: 'industrialforegoing:fermented_ore_meat#level=0'
[00:08:00] [Worker-ResourceReload-11/WARN]: Exception loading blockstate definition: 'industrialforegoing:blockstates/fermented_ore_meat.json' missing model for variant: 'industrialforegoing:fermented_ore_meat#level=5'
[00:08:00] [Worker-ResourceReload-11/WARN]: Exception loading blockstate definition: 'industrialforegoing:blockstates/fermented_ore_meat.json' missing model for variant: 'industrialforegoing:fermented_ore_meat#level=6'
[00:08:00] [Worker-ResourceReload-11/WARN]: Exception loading blockstate definition: 'industrialforegoing:blockstates/fermented_ore_meat.json' missing model for variant: 'industrialforegoing:fermented_ore_meat#level=3'
[00:08:00] [Worker-ResourceReload-11/WARN]: Exception loading blockstate definition: 'industrialforegoing:blockstates/fermented_ore_meat.json' missing model for variant: 'industrialforegoing:fermented_ore_meat#level=4'
[00:08:00] [Worker-ResourceReload-11/WARN]: Exception loading blockstate definition: 'industrialforegoing:blockstates/fermented_ore_meat.json' missing model for variant: 'industrialforegoing:fermented_ore_meat#level=9'
[00:08:00] [Worker-ResourceReload-11/WARN]: Exception loading blockstate definition: 'industrialforegoing:blockstates/fermented_ore_meat.json' missing model for variant: 'industrialforegoing:fermented_ore_meat#level=10'
[00:08:00] [Worker-ResourceReload-11/WARN]: Exception loading blockstate definition: 'industrialforegoing:blockstates/fermented_ore_meat.json' missing model for variant: 'industrialforegoing:fermented_ore_meat#level=11'
[00:08:00] [Worker-ResourceReload-11/WARN]: Exception loading blockstate definition: 'industrialforegoing:blockstates/fermented_ore_meat.json' missing model for variant: 'industrialforegoing:fermented_ore_meat#level=7'
[00:08:00] [Worker-ResourceReload-11/WARN]: Exception loading blockstate definition: 'industrialforegoing:blockstates/fermented_ore_meat.json' missing model for variant: 'industrialforegoing:fermented_ore_meat#level=8'
[00:08:00] [Worker-ResourceReload-11/WARN]: Exception loading blockstate definition: 'torchmaster:blockstates/invisible_light.json' missing model for variant: 'torchmaster:invisible_light#'
[00:08:00] [Worker-ResourceReload-11/WARN]: Exception loading blockstate definition: 'torchmaster:blockstates/invisible_light.json' in resourcepack: 'mod_resources': Neither 'variants' nor 'multipart' found
[00:08:01] [Worker-ResourceReload-11/WARN]: Exception loading blockstate definition: 'allthemodium:blockstates/soul_lava.json' missing model for variant: 'allthemodium:soul_lava#level=6'
[00:08:01] [Worker-ResourceReload-11/WARN]: Exception loading blockstate definition: 'allthemodium:blockstates/soul_lava.json' missing model for variant: 'allthemodium:soul_lava#level=7'
[00:08:01] [Worker-ResourceReload-11/WARN]: Exception loading blockstate definition: 'allthemodium:blockstates/soul_lava.json' missing model for variant: 'allthemodium:soul_lava#level=8'
[00:08:01] [Worker-ResourceReload-11/WARN]: Exception loading blockstate definition: 'allthemodium:blockstates/soul_lava.json' missing model for variant: 'allthemodium:soul_lava#level=10'
[00:08:01] [Worker-ResourceReload-11/WARN]: Exception loading blockstate definition: 'allthemodium:blockstates/soul_lava.json' missing model for variant: 'allthemodium:soul_lava#level=9'
[00:08:01] [Worker-ResourceReload-11/WARN]: Exception loading blockstate definition: 'allthemodium:blockstates/soul_lava.json' missing model for variant: 'allthemodium:soul_lava#level=12'
[00:08:01] [Worker-ResourceReload-11/WARN]: Exception loading blockstate definition: 'allthemodium:blockstates/soul_lava.json' missing model for variant: 'allthemodium:soul_lava#level=11'
[00:08:01] [Worker-ResourceReload-11/WARN]: Exception loading blockstate definition: 'allthemodium:blockstates/soul_lava.json' missing model for variant: 'allthemodium:soul_lava#level=14'
[00:08:01] [Worker-ResourceReload-11/WARN]: Exception loading blockstate definition: 'allthemodium:blockstates/soul_lava.json' missing model for variant: 'allthemodium:soul_lava#level=13'
[00:08:01] [Worker-ResourceReload-11/WARN]: Exception loading blockstate definition: 'allthemodium:blockstates/soul_lava.json' missing model for variant: 'allthemodium:soul_lava#level=15'
[00:08:01] [Worker-ResourceReload-11/WARN]: Exception loading blockstate definition: 'allthemodium:blockstates/soul_lava.json' missing model for variant: 'allthemodium:soul_lava#level=0'
[00:08:01] [Worker-ResourceReload-11/WARN]: Exception loading blockstate definition: 'allthemodium:blockstates/soul_lava.json' missing model for variant: 'allthemodium:soul_lava#level=1'
[00:08:01] [Worker-ResourceReload-11/WARN]: Exception loading blockstate definition: 'allthemodium:blockstates/soul_lava.json' missing model for variant: 'allthemodium:soul_lava#level=2'
[00:08:01] [Worker-ResourceReload-11/WARN]: Exception loading blockstate definition: 'allthemodium:blockstates/soul_lava.json' missing model for variant: 'allthemodium:soul_lava#level=3'
[00:08:01] [Worker-ResourceReload-11/WARN]: Exception loading blockstate definition: 'allthemodium:blockstates/soul_lava.json' missing model for variant: 'allthemodium:soul_lava#level=4'
[00:08:01] [Worker-ResourceReload-11/WARN]: Exception loading blockstate definition: 'allthemodium:blockstates/soul_lava.json' missing model for variant: 'allthemodium:soul_lava#level=5'
[00:08:01] [Worker-ResourceReload-11/WARN]: Exception loading blockstate definition: 'ars_nouveau:blockstates/magelight_torch.json' missing model for variant: 'ars_nouveau:magelight_torch#facing=east,floor=true,level=1,roof=true'
[00:08:01] [Worker-ResourceReload-11/WARN]: Exception loading blockstate definition: 'ars_nouveau:blockstates/magelight_torch.json' missing model for variant: 'ars_nouveau:magelight_torch#facing=east,floor=true,level=0,roof=true'
[00:08:01] [Worker-ResourceReload-11/WARN]: Exception loading blockstate definition: 'ars_nouveau:blockstates/magelight_torch.json' missing model for variant: 'ars_nouveau:magelight_torch#facing=east,floor=true,level=3,roof=true'
[00:08:01] [Worker-ResourceReload-11/WARN]: Exception loading blockstate definition: 'ars_nouveau:blockstates/magelight_torch.json' missing model for variant: 'ars_nouveau:magelight_torch#facing=north,floor=true,level=10,roof=true'
[00:08:01] [Worker-ResourceReload-11/WARN]: Exception loading blockstate definition: 'ars_nouveau:blockstates/magelight_torch.json' missing model for variant: 'ars_nouveau:magelight_torch#facing=north,floor=true,level=11,roof=true'
[00:08:01] [Worker-ResourceReload-11/WARN]: Exception loading blockstate definition: 'ars_nouveau:blockstates/magelight_torch.json' missing model for variant: 'ars_nouveau:magelight_torch#facing=north,floor=true,level=9,roof=true'
[00:08:01] [Worker-ResourceReload-11/WARN]: Exception loading blockstate definition: 'ars_nouveau:blockstates/magelight_torch.json' missing model for variant: 'ars_nouveau:magelight_torch#facing=east,floor=true,level=2,roof=true'
[00:08:01] [Worker-ResourceReload-11/WARN]: Exception loading blockstate definition: 'ars_nouveau:blockstates/magelight_torch.json' missing model for variant: 'ars_nouveau:magelight_torch#facing=east,floor=true,level=7,roof=true'
[00:08:01] [Worker-ResourceReload-11/WARN]: Exception loading blockstate definition: 'ars_nouveau:blockstates/magelight_torch.json' missing model for variant: 'ars_nouveau:magelight_torch#facing=north,floor=true,level=4,roof=true'
[00:08:01] [Worker-ResourceReload-11/WARN]: Exception loading blockstate definition: 'ars_nouveau:blockstates/magelight_torch.json' missing model for variant: 'ars_nouveau:magelight_torch#facing=east,floor=true,level=8,roof=true'
[00:08:01] [Worker-ResourceReload-11/WARN]: Exception loading blockstate definition: 'ars_nouveau:blockstates/magelight_torch.json' missing model for variant: 'ars_nouveau:magelight_torch#facing=north,floor=true,level=14,roof=true'
[00:08:01] [Worker-ResourceReload-11/WARN]: Exception loading blockstate definition: 'ars_nouveau:blockstates/magelight_torch.json' missing model for variant: 'ars_nouveau:magelight_torch#facing=east,floor=true,level=12,roof=true'
[00:08:01] [Worker-ResourceReload-11/WARN]: Exception loading blockstate definition: 'ars_nouveau:blockstates/magelight_torch.json' missing model for variant: 'ars_nouveau:magelight_torch#facing=east,floor=true,level=13,roof=true'
[00:08:01] [Worker-ResourceReload-11/WARN]: Exception loading blockstate definition: 'ars_nouveau:blockstates/magelight_torch.json' missing model for variant: 'ars_nouveau:magelight_torch#facing=north,floor=true,level=13,roof=true'
[00:08:01] [Worker-ResourceReload-11/WARN]: Exception loading blockstate definition: 'ars_nouveau:blockstates/magelight_torch.json' missing model for variant: 'ars_nouveau:magelight_torch#facing=north,floor=true,level=3,roof=true'
[00:08:01] [Worker-ResourceReload-11/WARN]: Exception loading blockstate definition: 'ars_nouveau:blockstates/magelight_torch.json' missing model for variant: 'ars_nouveau:magelight_torch#facing=east,floor=true,level=14,roof=true'
[00:08:01] [Worker-ResourceReload-11/WARN]: Exception loading blockstate definition: 'ars_nouveau:blockstates/magelight_torch.json' missing model for variant: 'ars_nouveau:magelight_torch#facing=east,floor=true,level=11,roof=true'
[00:08:01] [Worker-ResourceReload-11/WARN]: Exception loading blockstate definition: 'ars_nouveau:blockstates/magelight_torch.json' missing model for variant: 'ars_nouveau:magelight_torch#facing=north,floor=true,level=2,roof=true'
[00:08:01] [Worker-ResourceReload-11/WARN]: Exception loading blockstate definition: 'ars_nouveau:blockstates/magelight_torch.json' missing model for variant: 'ars_nouveau:magelight_torch#facing=north,floor=true,level=5,roof=true'
[00:08:01] [Worker-ResourceReload-11/WARN]: Exception loading blockstate definition: 'ars_nouveau:blockstates/magelight_torch.json' missing model for variant: 'ars_nouveau:magelight_torch#facing=east,floor=true,level=15,roof=true'
[00:08:01] [Worker-ResourceReload-11/WARN]: Exception loading blockstate definition: 'ars_nouveau:blockstates/magelight_torch.json' missing model for variant: 'ars_nouveau:magelight_torch#facing=east,floor=true,level=9,roof=true'
[00:08:01] [Worker-ResourceReload-11/WARN]: Exception loading blockstate definition: 'ars_nouveau:blockstates/magelight_torch.json' missing model for variant: 'ars_nouveau:magelight_torch#facing=north,floor=true,level=15,roof=true'
[00:08:01] [Worker-ResourceReload-11/WARN]: Exception loading blockstate definition: 'ars_nouveau:blockstates/magelight_torch.json' missing model for variant: 'ars_nouveau:magelight_torch#facing=east,floor=true,level=6,roof=true'
[00:08:01] [Worker-ResourceReload-11/WARN]: Exception loading blockstate definition: 'ars_nouveau:blockstates/magelight_torch.json' missing model for variant: 'ars_nouveau:magelight_torch#facing=north,floor=true,level=12,roof=true'
[00:08:01] [Worker-ResourceReload-11/WARN]: Exception loading blockstate definition: 'ars_nouveau:blockstates/magelight_torch.json' missing model for variant: 'ars_nouveau:magelight_torch#facing=north,floor=true,level=8,roof=true'
[00:08:01] [Worker-ResourceReload-11/WARN]: Exception loading blockstate definition: 'ars_nouveau:blockstates/magelight_torch.json' missing model for variant: 'ars_nouveau:magelight_torch#facing=north,floor=true,level=0,roof=true'
[00:08:01] [Worker-ResourceReload-11/WARN]: Exception loading blockstate definition: 'ars_nouveau:blockstates/magelight_torch.json' missing model for variant: 'ars_nouveau:magelight_torch#facing=north,floor=true,level=7,roof=true'
[00:08:01] [Worker-ResourceReload-11/WARN]: Exception loading blockstate definition: 'ars_nouveau:blockstates/magelight_torch.json' missing model for variant: 'ars_nouveau:magelight_torch#facing=east,floor=true,level=4,roof=true'
[00:08:01] [Worker-ResourceReload-11/WARN]: Exception loading blockstate definition: 'ars_nouveau:blockstates/magelight_torch.json' missing model for variant: 'ars_nouveau:magelight_torch#facing=east,floor=true,level=5,roof=true'
[00:08:01] [Worker-ResourceReload-11/WARN]: Exception loading blockstate definition: 'ars_nouveau:blockstates/magelight_torch.json' missing model for variant: 'ars_nouveau:magelight_torch#facing=north,floor=true,level=6,roof=true'
[00:08:01] [Worker-ResourceReload-11/WARN]: Exception loading blockstate definition: 'ars_nouveau:blockstates/magelight_torch.json' missing model for variant: 'ars_nouveau:magelight_torch#facing=east,floor=true,level=10,roof=true'
[00:08:01] [Worker-ResourceReload-11/WARN]: Exception loading blockstate definition: 'ars_nouveau:blockstates/magelight_torch.json' missing model for variant: 'ars_nouveau:magelight_torch#facing=north,floor=true,level=1,roof=true'
[00:08:02] [Worker-ResourceReload-11/WARN]: Exception loading blockstate definition: 'webdisplays:blockstates/kb_left.json' missing model for variant: 'webdisplays:kb_left#facing=south,type=default_peripheral_remotectrl'
[00:08:02] [Worker-ResourceReload-11/WARN]: Exception loading blockstate definition: 'webdisplays:blockstates/kb_left.json' missing model for variant: 'webdisplays:kb_left#facing=west,type=default_peripheral_remotectrl'
[00:08:02] [Worker-ResourceReload-11/WARN]: Exception loading blockstate definition: 'webdisplays:blockstates/kb_left.json' missing model for variant: 'webdisplays:kb_left#facing=east,type=default_peripheral_redstonectrl'
[00:08:02] [Worker-ResourceReload-11/WARN]: Exception loading blockstate definition: 'webdisplays:blockstates/kb_left.json' missing model for variant: 'webdisplays:kb_left#facing=north,type=default_peripheral_remotectrl'
[00:08:02] [Worker-ResourceReload-11/WARN]: Exception loading blockstate definition: 'webdisplays:blockstates/kb_left.json' missing model for variant: 'webdisplays:kb_left#facing=east,type=default_peripheral_server'
[00:08:02] [Worker-ResourceReload-11/WARN]: Exception loading blockstate definition: 'webdisplays:blockstates/kb_left.json' missing model for variant: 'webdisplays:kb_left#facing=south,type=default_peripheral_server'
[00:08:02] [Worker-ResourceReload-11/WARN]: Exception loading blockstate definition: 'webdisplays:blockstates/kb_left.json' missing model for variant: 'webdisplays:kb_left#facing=west,type=default_peripheral_redstonectrl'
[00:08:02] [Worker-ResourceReload-11/WARN]: Exception loading blockstate definition: 'webdisplays:blockstates/kb_left.json' missing model for variant: 'webdisplays:kb_left#facing=south,type=default_peripheral_redstonectrl'
[00:08:02] [Worker-ResourceReload-11/WARN]: Exception loading blockstate definition: 'webdisplays:blockstates/kb_left.json' missing model for variant: 'webdisplays:kb_left#facing=north,type=default_peripheral_server'
[00:08:02] [Worker-ResourceReload-11/WARN]: Exception loading blockstate definition: 'webdisplays:blockstates/kb_left.json' missing model for variant: 'webdisplays:kb_left#facing=north,type=default_peripheral_redstonectrl'
[00:08:02] [Worker-ResourceReload-11/WARN]: Exception loading blockstate definition: 'webdisplays:blockstates/kb_left.json' missing model for variant: 'webdisplays:kb_left#facing=east,type=default_peripheral_remotectrl'
[00:08:02] [Worker-ResourceReload-11/WARN]: Exception loading blockstate definition: 'webdisplays:blockstates/kb_left.json' missing model for variant: 'webdisplays:kb_left#facing=west,type=default_peripheral_server'
[00:08:03] [Worker-ResourceReload-11/WARN]: Exception loading blockstate definition: 'rftoolsbuilder:blockstates/invisible_mover.json' missing model for variant: 'rftoolsbuilder:invisible_mover#'
[00:08:03] [Worker-ResourceReload-11/WARN]: Exception loading blockstate definition: 'mysticalagriculture:blockstates/allthemodium_crop.json' missing model for variant: 'mysticalagriculture:allthemodium_crop#age=7'
[00:08:03] [Worker-ResourceReload-11/WARN]: Exception loading blockstate definition: 'mysticalagriculture:blockstates/allthemodium_crop.json' missing model for variant: 'mysticalagriculture:allthemodium_crop#age=0'
[00:08:03] [Worker-ResourceReload-11/WARN]: Exception loading blockstate definition: 'mysticalagriculture:blockstates/allthemodium_crop.json' missing model for variant: 'mysticalagriculture:allthemodium_crop#age=2'
[00:08:03] [Worker-ResourceReload-11/WARN]: Exception loading blockstate definition: 'mysticalagriculture:blockstates/allthemodium_crop.json' missing model for variant: 'mysticalagriculture:allthemodium_crop#age=1'
[00:08:03] [Worker-ResourceReload-11/WARN]: Exception loading blockstate definition: 'mysticalagriculture:blockstates/allthemodium_crop.json' missing model for variant: 'mysticalagriculture:allthemodium_crop#age=4'
[00:08:03] [Worker-ResourceReload-11/WARN]: Exception loading blockstate definition: 'mysticalagriculture:blockstates/allthemodium_crop.json' missing model for variant: 'mysticalagriculture:allthemodium_crop#age=3'
[00:08:03] [Worker-ResourceReload-11/WARN]: Exception loading blockstate definition: 'mysticalagriculture:blockstates/allthemodium_crop.json' missing model for variant: 'mysticalagriculture:allthemodium_crop#age=6'
[00:08:03] [Worker-ResourceReload-11/WARN]: Exception loading blockstate definition: 'mysticalagriculture:blockstates/allthemodium_crop.json' missing model for variant: 'mysticalagriculture:allthemodium_crop#age=5'
[00:08:03] [Worker-ResourceReload-11/WARN]: Exception loading blockstate definition: 'mysticalagriculture:blockstates/azure_silver_crop.json' missing model for variant: 'mysticalagriculture:azure_silver_crop#age=1'
[00:08:03] [Worker-ResourceReload-11/WARN]: Exception loading blockstate definition: 'mysticalagriculture:blockstates/azure_silver_crop.json' missing model for variant: 'mysticalagriculture:azure_silver_crop#age=2'
[00:08:03] [Worker-ResourceReload-11/WARN]: Exception loading blockstate definition: 'mysticalagriculture:blockstates/azure_silver_crop.json' missing model for variant: 'mysticalagriculture:azure_silver_crop#age=3'
[00:08:03] [Worker-ResourceReload-11/WARN]: Exception loading blockstate definition: 'mysticalagriculture:blockstates/azure_silver_crop.json' missing model for variant: 'mysticalagriculture:azure_silver_crop#age=4'
[00:08:03] [Worker-ResourceReload-11/WARN]: Exception loading blockstate definition: 'mysticalagriculture:blockstates/azure_silver_crop.json' missing model for variant: 'mysticalagriculture:azure_silver_crop#age=5'
[00:08:03] [Worker-ResourceReload-11/WARN]: Exception loading blockstate definition: 'mysticalagriculture:blockstates/azure_silver_crop.json' missing model for variant: 'mysticalagriculture:azure_silver_crop#age=6'
[00:08:03] [Worker-ResourceReload-11/WARN]: Exception loading blockstate definition: 'mysticalagriculture:blockstates/azure_silver_crop.json' missing model for variant: 'mysticalagriculture:azure_silver_crop#age=7'
[00:08:03] [Worker-ResourceReload-11/WARN]: Exception loading blockstate definition: 'mysticalagriculture:blockstates/azure_silver_crop.json' missing model for variant: 'mysticalagriculture:azure_silver_crop#age=0'
[00:08:03] [Worker-ResourceReload-11/WARN]: Exception loading blockstate definition: 'mysticalagriculture:blockstates/crimson_iron_crop.json' missing model for variant: 'mysticalagriculture:crimson_iron_crop#age=7'
[00:08:03] [Worker-ResourceReload-11/WARN]: Exception loading blockstate definition: 'mysticalagriculture:blockstates/crimson_iron_crop.json' missing model for variant: 'mysticalagriculture:crimson_iron_crop#age=6'
[00:08:03] [Worker-ResourceReload-11/WARN]: Exception loading blockstate definition: 'mysticalagriculture:blockstates/crimson_iron_crop.json' missing model for variant: 'mysticalagriculture:crimson_iron_crop#age=3'
[00:08:03] [Worker-ResourceReload-11/WARN]: Exception loading blockstate definition: 'mysticalagriculture:blockstates/crimson_iron_crop.json' missing model for variant: 'mysticalagriculture:crimson_iron_crop#age=2'
[00:08:03] [Worker-ResourceReload-11/WARN]: Exception loading blockstate definition: 'mysticalagriculture:blockstates/crimson_iron_crop.json' missing model for variant: 'mysticalagriculture:crimson_iron_crop#age=5'
[00:08:03] [Worker-ResourceReload-11/WARN]: Exception loading blockstate definition: 'mysticalagriculture:blockstates/crimson_iron_crop.json' missing model for variant: 'mysticalagriculture:crimson_iron_crop#age=4'
[00:08:03] [Worker-ResourceReload-11/WARN]: Exception loading blockstate definition: 'mysticalagriculture:blockstates/crimson_iron_crop.json' missing model for variant: 'mysticalagriculture:crimson_iron_crop#age=1'
[00:08:03] [Worker-ResourceReload-11/WARN]: Exception loading blockstate definition: 'mysticalagriculture:blockstates/crimson_iron_crop.json' missing model for variant: 'mysticalagriculture:crimson_iron_crop#age=0'
[00:08:03] [Worker-ResourceReload-11/WARN]: Exception loading blockstate definition: 'mysticalagriculture:blockstates/prosperity_shard_crop.json' missing model for variant: 'mysticalagriculture:prosperity_shard_crop#age=7'
[00:08:03] [Worker-ResourceReload-11/WARN]: Exception loading blockstate definition: 'mysticalagriculture:blockstates/prosperity_shard_crop.json' missing model for variant: 'mysticalagriculture:prosperity_shard_crop#age=6'
[00:08:03] [Worker-ResourceReload-11/WARN]: Exception loading blockstate definition: 'mysticalagriculture:blockstates/prosperity_shard_crop.json' missing model for variant: 'mysticalagriculture:prosperity_shard_crop#age=5'
[00:08:03] [Worker-ResourceReload-11/WARN]: Exception loading blockstate definition: 'mysticalagriculture:blockstates/prosperity_shard_crop.json' missing model for variant: 'mysticalagriculture:prosperity_shard_crop#age=4'
[00:08:03] [Worker-ResourceReload-11/WARN]: Exception loading blockstate definition: 'mysticalagriculture:blockstates/prosperity_shard_crop.json' missing model for variant: 'mysticalagriculture:prosperity_shard_crop#age=3'
[00:08:03] [Worker-ResourceReload-11/WARN]: Exception loading blockstate definition: 'mysticalagriculture:blockstates/prosperity_shard_crop.json' missing model for variant: 'mysticalagriculture:prosperity_shard_crop#age=2'
[00:08:03] [Worker-ResourceReload-11/WARN]: Exception loading blockstate definition: 'mysticalagriculture:blockstates/prosperity_shard_crop.json' missing model for variant: 'mysticalagriculture:prosperity_shard_crop#age=1'
[00:08:03] [Worker-ResourceReload-11/WARN]: Exception loading blockstate definition: 'mysticalagriculture:blockstates/prosperity_shard_crop.json' missing model for variant: 'mysticalagriculture:prosperity_shard_crop#age=0'
[00:08:03] [Worker-ResourceReload-11/WARN]: Exception loading blockstate definition: 'mysticalagriculture:blockstates/unobtainium_crop.json' missing model for variant: 'mysticalagriculture:unobtainium_crop#age=7'
[00:08:03] [Worker-ResourceReload-11/WARN]: Exception loading blockstate definition: 'mysticalagriculture:blockstates/unobtainium_crop.json' missing model for variant: 'mysticalagriculture:unobtainium_crop#age=6'
[00:08:03] [Worker-ResourceReload-11/WARN]: Exception loading blockstate definition: 'mysticalagriculture:blockstates/unobtainium_crop.json' missing model for variant: 'mysticalagriculture:unobtainium_crop#age=5'
[00:08:03] [Worker-ResourceReload-11/WARN]: Exception loading blockstate definition: 'mysticalagriculture:blockstates/unobtainium_crop.json' missing model for variant: 'mysticalagriculture:unobtainium_crop#age=4'
[00:08:03] [Worker-ResourceReload-11/WARN]: Exception loading blockstate definition: 'mysticalagriculture:blockstates/unobtainium_crop.json' missing model for variant: 'mysticalagriculture:unobtainium_crop#age=3'
[00:08:03] [Worker-ResourceReload-11/WARN]: Exception loading blockstate definition: 'mysticalagriculture:blockstates/unobtainium_crop.json' missing model for variant: 'mysticalagriculture:unobtainium_crop#age=2'
[00:08:03] [Worker-ResourceReload-11/WARN]: Exception loading blockstate definition: 'mysticalagriculture:blockstates/unobtainium_crop.json' missing model for variant: 'mysticalagriculture:unobtainium_crop#age=1'
[00:08:03] [Worker-ResourceReload-11/WARN]: Exception loading blockstate definition: 'mysticalagriculture:blockstates/unobtainium_crop.json' missing model for variant: 'mysticalagriculture:unobtainium_crop#age=0'
[00:08:03] [Worker-ResourceReload-11/WARN]: Exception loading blockstate definition: 'mysticalagriculture:blockstates/vibranium_crop.json' missing model for variant: 'mysticalagriculture:vibranium_crop#age=7'
[00:08:03] [Worker-ResourceReload-11/WARN]: Exception loading blockstate definition: 'mysticalagriculture:blockstates/vibranium_crop.json' missing model for variant: 'mysticalagriculture:vibranium_crop#age=6'
[00:08:03] [Worker-ResourceReload-11/WARN]: Exception loading blockstate definition: 'mysticalagriculture:blockstates/vibranium_crop.json' missing model for variant: 'mysticalagriculture:vibranium_crop#age=5'
[00:08:03] [Worker-ResourceReload-11/WARN]: Exception loading blockstate definition: 'mysticalagriculture:blockstates/vibranium_crop.json' missing model for variant: 'mysticalagriculture:vibranium_crop#age=4'
[00:08:03] [Worker-ResourceReload-11/WARN]: Exception loading blockstate definition: 'mysticalagriculture:blockstates/vibranium_crop.json' missing model for variant: 'mysticalagriculture:vibranium_crop#age=3'
[00:08:03] [Worker-ResourceReload-11/WARN]: Exception loading blockstate definition: 'mysticalagriculture:blockstates/vibranium_crop.json' missing model for variant: 'mysticalagriculture:vibranium_crop#age=2'
[00:08:03] [Worker-ResourceReload-11/WARN]: Exception loading blockstate definition: 'mysticalagriculture:blockstates/vibranium_crop.json' missing model for variant: 'mysticalagriculture:vibranium_crop#age=1'
[00:08:03] [Worker-ResourceReload-11/WARN]: Exception loading blockstate definition: 'mysticalagriculture:blockstates/vibranium_crop.json' missing model for variant: 'mysticalagriculture:vibranium_crop#age=0'
[00:08:03] [Worker-ResourceReload-11/WARN]: Exception loading blockstate definition: 'forbidden_arcanus:blockstates/upwind.json' missing model for variant: 'forbidden_arcanus:upwind#'
[00:08:04] [Worker-ResourceReload-11/WARN]: Unable to load model: 'industrialforegoing:transporter#inventory' referenced from: industrialforegoing:transporter#inventory: java.io.FileNotFoundException: industrialforegoing:models/item/transporter.json
[00:08:04] [Worker-ResourceReload-11/WARN]: Unable to load model: 'occultism:lighted_air#inventory' referenced from: occultism:lighted_air#inventory: java.io.FileNotFoundException: occultism:models/item/lighted_air.json
[00:08:04] [Worker-ResourceReload-11/WARN]: Unable to load model: 'refinedstorage:cover#inventory' referenced from: refinedstorage:cover#inventory: java.io.FileNotFoundException: refinedstorage:models/item/cover.json
[00:08:04] [Worker-ResourceReload-11/WARN]: Unable to load model: 'refinedstorage:hollow_cover#inventory' referenced from: refinedstorage:hollow_cover#inventory: java.io.FileNotFoundException: refinedstorage:models/item/hollow_cover.json
[00:08:04] [Worker-ResourceReload-11/WARN]: Unable to load model: 'bloodmagic:inversion_pillar_cap#inventory' referenced from: bloodmagic:inversion_pillar_cap#inventory: java.io.FileNotFoundException: bloodmagic:models/item/inversion_pillar_cap.json
[00:08:04] [Worker-ResourceReload-11/WARN]: Unable to load model: 'draconicevolution:block/structure_block' referenced from: draconicevolution:structure_block#inventory: java.io.FileNotFoundException: draconicevolution:models/block/structure_block.json
[00:08:04] [Worker-ResourceReload-11/WARN]: Unable to load model: 'mysticalagriculture:allthemodium_essence#inventory' referenced from: mysticalagriculture:allthemodium_essence#inventory: java.io.FileNotFoundException: mysticalagriculture:models/item/allthemodium_essence.json
[00:08:04] [Worker-ResourceReload-11/WARN]: Unable to load model: 'mysticalagriculture:azure_silver_essence#inventory' referenced from: mysticalagriculture:azure_silver_essence#inventory: java.io.FileNotFoundException: mysticalagriculture:models/item/azure_silver_essence.json
[00:08:04] [Worker-ResourceReload-11/WARN]: Unable to load model: 'mysticalagriculture:crimson_iron_essence#inventory' referenced from: mysticalagriculture:crimson_iron_essence#inventory: java.io.FileNotFoundException: mysticalagriculture:models/item/crimson_iron_essence.json
[00:08:04] [Worker-ResourceReload-11/WARN]: Unable to load model: 'mysticalagriculture:prosperity_shard_essence#inventory' referenced from: mysticalagriculture:prosperity_shard_essence#inventory: java.io.FileNotFoundException: mysticalagriculture:models/item/prosperity_shard_essence.json
[00:08:04] [Worker-ResourceReload-11/WARN]: Unable to load model: 'mysticalagriculture:unobtainium_essence#inventory' referenced from: mysticalagriculture:unobtainium_essence#inventory: java.io.FileNotFoundException: mysticalagriculture:models/item/unobtainium_essence.json
[00:08:04] [Worker-ResourceReload-11/WARN]: Unable to load model: 'mysticalagriculture:vibranium_essence#inventory' referenced from: mysticalagriculture:vibranium_essence#inventory: java.io.FileNotFoundException: mysticalagriculture:models/item/vibranium_essence.json
[00:08:04] [Worker-ResourceReload-11/WARN]: Unable to load model: 'mysticalagriculture:allthemodium_seeds#inventory' referenced from: mysticalagriculture:allthemodium_seeds#inventory: java.io.FileNotFoundException: mysticalagriculture:models/item/allthemodium_seeds.json
[00:08:04] [Worker-ResourceReload-11/WARN]: Unable to load model: 'mysticalagriculture:azure_silver_seeds#inventory' referenced from: mysticalagriculture:azure_silver_seeds#inventory: java.io.FileNotFoundException: mysticalagriculture:models/item/azure_silver_seeds.json
[00:08:04] [Worker-ResourceReload-11/WARN]: Unable to load model: 'mysticalagriculture:crimson_iron_seeds#inventory' referenced from: mysticalagriculture:crimson_iron_seeds#inventory: java.io.FileNotFoundException: mysticalagriculture:models/item/crimson_iron_seeds.json
[00:08:04] [Worker-ResourceReload-11/WARN]: Unable to load model: 'mysticalagriculture:prosperity_shard_seeds#inventory' referenced from: mysticalagriculture:prosperity_shard_seeds#inventory: java.io.FileNotFoundException: mysticalagriculture:models/item/prosperity_shard_seeds.json
[00:08:04] [Worker-ResourceReload-11/WARN]: Unable to load model: 'mysticalagriculture:unobtainium_seeds#inventory' referenced from: mysticalagriculture:unobtainium_seeds#inventory: java.io.FileNotFoundException: mysticalagriculture:models/item/unobtainium_seeds.json
[00:08:04] [Worker-ResourceReload-11/WARN]: Unable to load model: 'mysticalagriculture:vibranium_seeds#inventory' referenced from: mysticalagriculture:vibranium_seeds#inventory: java.io.FileNotFoundException: mysticalagriculture:models/item/vibranium_seeds.json
[00:08:04] [Worker-ResourceReload-11/WARN]: Unable to load model: 'supplementaries:block/hanging_flower_pot_rope' referenced from: supplementaries:block/hanging_flower_pot_rope: java.io.FileNotFoundException: supplementaries:models/block/hanging_flower_pot_rope.json
[00:08:14] [Worker-ResourceReload-11/WARN]: Missing textures in model exdeorum:umbran_sieve#:
    minecraft:textures/atlas/blocks.png:biomesoplenty:block/umbran_planks
[00:08:14] [Worker-ResourceReload-11/WARN]: Missing textures in model exdeorum:dusk_barrel#:
    minecraft:textures/atlas/blocks.png:blue_skies:block/wood/dusk_planks
[00:08:14] [Worker-ResourceReload-11/WARN]: Missing textures in model exdeorum:skyroot_barrel#:
    minecraft:textures/atlas/blocks.png:aether:block/construction/skyroot_planks
[00:08:14] [Worker-ResourceReload-11/WARN]: Missing textures in model exdeorum:lunar_crucible#:
    minecraft:textures/atlas/blocks.png:blue_skies:block/wood/lunar_log_side
[00:08:14] [Worker-ResourceReload-11/WARN]: Missing textures in model exdeorum:magic_compressed_sieve#inventory:
    minecraft:textures/atlas/blocks.png:biomesoplenty:block/magic_log
[00:08:14] [Worker-ResourceReload-11/WARN]: Missing textures in model exdeorum:mahogany_crucible#:
    minecraft:textures/atlas/blocks.png:biomesoplenty:block/mahogany_log
[00:08:14] [Worker-ResourceReload-11/WARN]: Missing textures in model integrateddynamics:aspect/write/itemstack/refinedstorage/cancelcraft:
    minecraft:textures/atlas/blocks.png:integrateddynamics:aspect/write/itemstack/refinedstorage/cancelcraft
[00:08:14] [Worker-ResourceReload-11/WARN]: Missing textures in model exdeorum:dead_barrel#:
    minecraft:textures/atlas/blocks.png:biomesoplenty:block/dead_planks
[00:08:14] [Worker-ResourceReload-11/WARN]: Missing textures in model exdeorum:jacaranda_barrel#:
    minecraft:textures/atlas/blocks.png:biomesoplenty:block/jacaranda_planks
[00:08:14] [Worker-ResourceReload-11/WARN]: Missing textures in model exdeorum:willow_barrel#inventory:
    minecraft:textures/atlas/blocks.png:biomesoplenty:block/willow_planks
[00:08:14] [Worker-ResourceReload-11/WARN]: Missing textures in model exdeorum:golden_oak_compressed_sieve#:
    minecraft:textures/atlas/blocks.png:aether:block/natural/golden_oak_log
[00:08:14] [Worker-ResourceReload-11/WARN]: Missing textures in model exdeorum:frostbright_barrel#inventory:
    minecraft:textures/atlas/blocks.png:blue_skies:block/wood/frostbright_planks
[00:08:14] [Worker-ResourceReload-11/WARN]: Missing textures in model enderio:ender_chemical_conduit#inventory:
    minecraft:textures/atlas/blocks.png:enderio:block/conduit/power1
[00:08:14] [Worker-ResourceReload-11/WARN]: Missing textures in model exdeorum:redwood_sieve#:
    minecraft:textures/atlas/blocks.png:biomesoplenty:block/redwood_planks
[00:08:14] [Worker-ResourceReload-11/WARN]: Missing textures in model exdeorum:crystallized_barrel#:
    minecraft:textures/atlas/blocks.png:blue_skies:block/wood/crystallized_planks
[00:08:14] [Worker-ResourceReload-11/WARN]: Missing textures in model exdeorum:hellbark_sieve#inventory:
    minecraft:textures/atlas/blocks.png:biomesoplenty:block/hellbark_planks
[00:08:14] [Worker-ResourceReload-11/WARN]: Missing textures in model exdeorum:redwood_barrel#:
    minecraft:textures/atlas/blocks.png:biomesoplenty:block/redwood_planks
[00:08:14] [Worker-ResourceReload-11/WARN]: Missing textures in model integrateddynamics:aspect/write/list/refinedstorage/craft:
    minecraft:textures/atlas/blocks.png:integrateddynamics:aspect/write/list/refinedstorage/craft
[00:08:14] [Worker-ResourceReload-11/WARN]: Missing textures in model exdeorum:skyroot_compressed_sieve#:
    minecraft:textures/atlas/blocks.png:aether:block/natural/skyroot_log
[00:08:14] [Worker-ResourceReload-11/WARN]: Missing textures in model enderio:ender_fluid_conduit#inventory:
    minecraft:textures/atlas/blocks.png:enderio:block/conduit/power1
[00:08:14] [Worker-ResourceReload-11/WARN]: Missing textures in model integrateddynamics:aspect/write/itemstack/refinedstorage/craft:
    minecraft:textures/atlas/blocks.png:integrateddynamics:aspect/write/itemstack/refinedstorage/craft
[00:08:14] [Worker-ResourceReload-11/WARN]: Missing textures in model exdeorum:skyroot_compressed_sieve#inventory:
    minecraft:textures/atlas/blocks.png:aether:block/natural/skyroot_log
[00:08:14] [Worker-ResourceReload-11/WARN]: Missing textures in model exdeorum:dead_barrel#inventory:
    minecraft:textures/atlas/blocks.png:biomesoplenty:block/dead_planks
[00:08:14] [Worker-ResourceReload-11/WARN]: Missing textures in model exdeorum:jacaranda_compressed_sieve#inventory:
    minecraft:textures/atlas/blocks.png:biomesoplenty:block/jacaranda_log
[00:08:14] [Worker-ResourceReload-11/WARN]: Missing textures in model bloodmagic:alchemicalreactionchamber#facing=north,lit=false,type=steadfast:
    minecraft:textures/atlas/blocks.png:bloodmagic:block/arc_front_s
    minecraft:textures/atlas/blocks.png:bloodmagic:block/arc_side_s
    minecraft:textures/atlas/blocks.png:bloodmagic:block/arc_top_s
[00:08:14] [Worker-ResourceReload-11/WARN]: Missing textures in model exdeorum:hellbark_sieve#:
    minecraft:textures/atlas/blocks.png:biomesoplenty:block/hellbark_planks
[00:08:14] [Worker-ResourceReload-11/WARN]: Missing textures in model integrateddynamics:aspect/write/boolean/refinedstorage/cancelcraft:
    minecraft:textures/atlas/blocks.png:integrateddynamics:aspect/write/boolean/refinedstorage/cancelcraft
[00:08:14] [Worker-ResourceReload-11/WARN]: Missing textures in model exdeorum:starlit_sieve#:
    minecraft:textures/atlas/blocks.png:blue_skies:block/wood/starlit_planks
[00:08:14] [Worker-ResourceReload-11/WARN]: Missing textures in model bloodmagic:alchemicalreactionchamber#facing=east,lit=false,type=steadfast:
    minecraft:textures/atlas/blocks.png:bloodmagic:block/arc_front_s
    minecraft:textures/atlas/blocks.png:bloodmagic:block/arc_side_s
    minecraft:textures/atlas/blocks.png:bloodmagic:block/arc_top_s
[00:08:14] [Worker-ResourceReload-11/WARN]: Missing textures in model enderio:energy_conduit#inventory:
    minecraft:textures/atlas/blocks.png:enderio:block/conduit/power1
[00:08:14] [Worker-ResourceReload-11/WARN]: Missing textures in model bloodmagic:alchemicalreactionchamber#facing=north,lit=true,type=steadfast:
    minecraft:textures/atlas/blocks.png:bloodmagic:block/arc_top_s
[00:08:14] [Worker-ResourceReload-11/WARN]: Missing textures in model exdeorum:palm_barrel#inventory:
    minecraft:textures/atlas/blocks.png:biomesoplenty:block/palm_planks
[00:08:14] [Worker-ResourceReload-11/WARN]: Missing textures in model exdeorum:maple_barrel#inventory:
    minecraft:textures/atlas/blocks.png:blue_skies:block/wood/maple_planks
[00:08:14] [Worker-ResourceReload-11/WARN]: Missing textures in model integrateddynamics:aspect/read/list/refinedstorage/inventory/craftableitems:
    minecraft:textures/atlas/blocks.png:integrateddynamics:aspect/read/list/refinedstorage/inventory/craftableitems
[00:08:14] [Worker-ResourceReload-11/WARN]: Missing textures in model exdeorum:umbran_sieve#inventory:
    minecraft:textures/atlas/blocks.png:biomesoplenty:block/umbran_planks
[00:08:14] [Worker-ResourceReload-11/WARN]: Missing textures in model exdeorum:lunar_crucible#inventory:
    minecraft:textures/atlas/blocks.png:blue_skies:block/wood/lunar_log_side
[00:08:14] [Worker-ResourceReload-11/WARN]: Missing textures in model exdeorum:fir_sieve#:
    minecraft:textures/atlas/blocks.png:biomesoplenty:block/fir_planks
[00:08:14] [Worker-ResourceReload-11/WARN]: Missing textures in model exdeorum:maple_sieve#inventory:
    minecraft:textures/atlas/blocks.png:blue_skies:block/wood/maple_planks
[00:08:14] [Worker-ResourceReload-11/WARN]: Missing textures in model exdeorum:crystallized_compressed_sieve#:
    minecraft:textures/atlas/blocks.png:blue_skies:block/wood/crystallized_log_side
[00:08:14] [Worker-ResourceReload-11/WARN]: Missing textures in model exdeorum:palm_compressed_sieve#:
    minecraft:textures/atlas/blocks.png:biomesoplenty:block/palm_log
[00:08:14] [Worker-ResourceReload-11/WARN]: Missing textures in model exdeorum:crystallized_barrel#inventory:
    minecraft:textures/atlas/blocks.png:blue_skies:block/wood/crystallized_planks
[00:08:14] [Worker-ResourceReload-11/WARN]: Missing textures in model exdeorum:starlit_sieve#inventory:
    minecraft:textures/atlas/blocks.png:blue_skies:block/wood/starlit_planks
[00:08:14] [Worker-ResourceReload-11/WARN]: Missing textures in model exdeorum:skyroot_barrel#inventory:
    minecraft:textures/atlas/blocks.png:aether:block/construction/skyroot_planks
[00:08:14] [Worker-ResourceReload-11/WARN]: Missing textures in model exdeorum:magic_compressed_sieve#:
    minecraft:textures/atlas/blocks.png:biomesoplenty:block/magic_log
[00:08:14] [Worker-ResourceReload-11/WARN]: Missing textures in model exdeorum:golden_oak_compressed_sieve#inventory:
    minecraft:textures/atlas/blocks.png:aether:block/natural/golden_oak_log
[00:08:14] [Worker-ResourceReload-11/WARN]: Missing textures in model exdeorum:crystallized_compressed_sieve#inventory:
    minecraft:textures/atlas/blocks.png:blue_skies:block/wood/crystallized_log_side
[00:08:14] [Worker-ResourceReload-11/WARN]: Missing textures in model exdeorum:umbran_barrel#inventory:
    minecraft:textures/atlas/blocks.png:biomesoplenty:block/umbran_planks
[00:08:14] [Worker-ResourceReload-11/WARN]: Missing textures in model exdeorum:maple_crucible#:
    minecraft:textures/atlas/blocks.png:blue_skies:block/wood/maple_log_side
[00:08:14] [Worker-ResourceReload-11/WARN]: Missing textures in model bloodmagic:alchemicalreactionchamber#facing=east,lit=true,type=steadfast:
    minecraft:textures/atlas/blocks.png:bloodmagic:block/arc_top_s
[00:08:14] [Worker-ResourceReload-11/WARN]: Missing textures in model exdeorum:lunar_barrel#inventory:
    minecraft:textures/atlas/blocks.png:blue_skies:block/wood/lunar_planks
[00:08:14] [Worker-ResourceReload-11/WARN]: Missing textures in model integrateddynamics:variable#inventory:
    minecraft:textures/atlas/blocks.png:integrateddynamics:aspect/read/boolean/refinedstorage/network/applicable
    minecraft:textures/atlas/blocks.png:integrateddynamics:aspect/read/list/refinedstorage/fluid/fluidstacks
    minecraft:textures/atlas/blocks.png:integrateddynamics:aspect/read/list/refinedstorage/inventory/craftableitems
    minecraft:textures/atlas/blocks.png:integrateddynamics:aspect/read/list/refinedstorage/inventory/craftingitems
    minecraft:textures/atlas/blocks.png:integrateddynamics:aspect/read/list/refinedstorage/inventory/itemstacks
    minecraft:textures/atlas/blocks.png:integrateddynamics:aspect/write/boolean/refinedstorage/cancelcraft
    minecraft:textures/atlas/blocks.png:integrateddynamics:aspect/write/itemstack/refinedstorage/cancelcraft
    minecraft:textures/atlas/blocks.png:integrateddynamics:aspect/write/itemstack/refinedstorage/craft
    minecraft:textures/atlas/blocks.png:integrateddynamics:aspect/write/list/refinedstorage/cancelcraft
    minecraft:textures/atlas/blocks.png:integrateddynamics:aspect/write/list/refinedstorage/craft
[00:08:14] [Worker-ResourceReload-11/WARN]: Missing textures in model exdeorum:bluebright_compressed_sieve#inventory:
    minecraft:textures/atlas/blocks.png:blue_skies:block/wood/bluebright_log_side
[00:08:14] [Worker-ResourceReload-11/WARN]: Missing textures in model exdeorum:dusk_compressed_sieve#inventory:
    minecraft:textures/atlas/blocks.png:blue_skies:block/wood/dusk_log_side
[00:08:14] [Worker-ResourceReload-11/WARN]: Missing textures in model exdeorum:palm_compressed_sieve#inventory:
    minecraft:textures/atlas/blocks.png:biomesoplenty:block/palm_log
[00:08:14] [Worker-ResourceReload-11/WARN]: Missing textures in model exdeorum:starlit_crucible#inventory:
    minecraft:textures/atlas/blocks.png:blue_skies:block/wood/starlit_log_side
[00:08:14] [Worker-ResourceReload-11/WARN]: Missing textures in model forcecraft:force_fluid#level=10:
    minecraft:textures/atlas/blocks.png:forcecraft:fluid/force_fluid_source
[00:08:14] [Worker-ResourceReload-11/WARN]: Missing textures in model exdeorum:jacaranda_sieve#inventory:
    minecraft:textures/atlas/blocks.png:biomesoplenty:block/jacaranda_planks
[00:08:14] [Worker-ResourceReload-11/WARN]: Missing textures in model exdeorum:umbran_crucible#inventory:
    minecraft:textures/atlas/blocks.png:biomesoplenty:block/umbran_log
[00:08:14] [Worker-ResourceReload-11/WARN]: Missing textures in model enderio:dense_me_conduit#inventory:
    minecraft:textures/atlas/blocks.png:enderio:block/conduit/power1
[00:08:14] [Worker-ResourceReload-11/WARN]: Missing textures in model exdeorum:palm_crucible#:
    minecraft:textures/atlas/blocks.png:biomesoplenty:block/palm_log
[00:08:14] [Worker-ResourceReload-11/WARN]: Missing textures in model exdeorum:hellbark_barrel#:
    minecraft:textures/atlas/blocks.png:biomesoplenty:block/hellbark_planks
[00:08:14] [Worker-ResourceReload-11/WARN]: Missing textures in model translocators:crafting_grid#:
    minecraft:textures/atlas/blocks.png:translocators:blocks/crafting_grid
[00:08:14] [Worker-ResourceReload-11/WARN]: Missing textures in model exdeorum:starlit_barrel#:
    minecraft:textures/atlas/blocks.png:blue_skies:block/wood/starlit_planks
[00:08:14] [Worker-ResourceReload-11/WARN]: Missing textures in model exdeorum:willow_crucible#:
    minecraft:textures/atlas/blocks.png:biomesoplenty:block/willow_log
[00:08:14] [Worker-ResourceReload-11/WARN]: Missing textures in model exdeorum:jacaranda_compressed_sieve#:
    minecraft:textures/atlas/blocks.png:biomesoplenty:block/jacaranda_log
[00:08:14] [Worker-ResourceReload-11/WARN]: Missing textures in model bloodmagic:alchemicalreactionchamber#facing=south,lit=false,type=steadfast:
    minecraft:textures/atlas/blocks.png:bloodmagic:block/arc_front_s
    minecraft:textures/atlas/blocks.png:bloodmagic:block/arc_side_s
    minecraft:textures/atlas/blocks.png:bloodmagic:block/arc_top_s
[00:08:14] [Worker-ResourceReload-11/WARN]: Missing textures in model exdeorum:frostbright_crucible#:
    minecraft:textures/atlas/blocks.png:blue_skies:block/wood/frostbright_log_side
[00:08:14] [Worker-ResourceReload-11/WARN]: Missing textures in model exdeorum:comet_barrel#:
    minecraft:textures/atlas/blocks.png:blue_skies:block/wood/comet_planks
[00:08:14] [Worker-ResourceReload-11/WARN]: Missing textures in model exdeorum:skyroot_sieve#inventory:
    minecraft:textures/atlas/blocks.png:aether:block/construction/skyroot_planks
[00:08:14] [Worker-ResourceReload-11/WARN]: Missing textures in model exdeorum:mahogany_crucible#inventory:
    minecraft:textures/atlas/blocks.png:biomesoplenty:block/mahogany_log
[00:08:14] [Worker-ResourceReload-11/WARN]: Missing textures in model exdeorum:dusk_barrel#inventory:
    minecraft:textures/atlas/blocks.png:blue_skies:block/wood/dusk_planks
[00:08:14] [Worker-ResourceReload-11/WARN]: Missing textures in model exdeorum:jacaranda_crucible#inventory:
    minecraft:textures/atlas/blocks.png:biomesoplenty:block/jacaranda_log
[00:08:14] [Worker-ResourceReload-11/WARN]: Missing textures in model exdeorum:crystallized_sieve#:
    minecraft:textures/atlas/blocks.png:blue_skies:block/wood/crystallized_planks
[00:08:14] [Worker-ResourceReload-11/WARN]: Missing textures in model enderio:chemical_conduit#inventory:
    minecraft:textures/atlas/blocks.png:enderio:block/conduit/power1
[00:08:14] [Worker-ResourceReload-11/WARN]: Missing textures in model exdeorum:comet_crucible#:
    minecraft:textures/atlas/blocks.png:blue_skies:block/wood/comet_log_side
[00:08:14] [Worker-ResourceReload-11/WARN]: Missing textures in model exdeorum:mahogany_barrel#inventory:
    minecraft:textures/atlas/blocks.png:biomesoplenty:block/mahogany_planks
[00:08:14] [Worker-ResourceReload-11/WARN]: Missing textures in model exdeorum:dusk_crucible#inventory:
    minecraft:textures/atlas/blocks.png:blue_skies:block/wood/dusk_log_side
[00:08:14] [Worker-ResourceReload-11/WARN]: Missing textures in model exdeorum:starlit_compressed_sieve#:
    minecraft:textures/atlas/blocks.png:blue_skies:block/wood/starlit_log_side
[00:08:14] [Worker-ResourceReload-11/WARN]: Missing textures in model exdeorum:fir_crucible#:
    minecraft:textures/atlas/blocks.png:biomesoplenty:block/fir_log
[00:08:14] [Worker-ResourceReload-11/WARN]: Missing textures in model exdeorum:fir_compressed_sieve#inventory:
    minecraft:textures/atlas/blocks.png:biomesoplenty:block/fir_log
[00:08:14] [Worker-ResourceReload-11/WARN]: Missing textures in model integrateddynamics:aspect/read/boolean/refinedstorage/network/applicable:
    minecraft:textures/atlas/blocks.png:integrateddynamics:aspect/read/boolean/refinedstorage/network/applicable
[00:08:14] [Worker-ResourceReload-11/WARN]: Missing textures in model exdeorum:crystallized_crucible#:
    minecraft:textures/atlas/blocks.png:blue_skies:block/wood/crystallized_log_side
[00:08:14] [Worker-ResourceReload-11/WARN]: Missing textures in model exdeorum:willow_barrel#:
    minecraft:textures/atlas/blocks.png:biomesoplenty:block/willow_planks
[00:08:14] [Worker-ResourceReload-11/WARN]: Missing textures in model exdeorum:redwood_barrel#inventory:
    minecraft:textures/atlas/blocks.png:biomesoplenty:block/redwood_planks
[00:08:14] [Worker-ResourceReload-11/WARN]: Missing textures in model exdeorum:dusk_sieve#:
    minecraft:textures/atlas/blocks.png:blue_skies:block/wood/dusk_planks
[00:08:14] [Worker-ResourceReload-11/WARN]: Missing textures in model exdeorum:comet_sieve#inventory:
    minecraft:textures/atlas/blocks.png:blue_skies:block/wood/comet_planks
[00:08:14] [Worker-ResourceReload-11/WARN]: Missing textures in model integrateddynamics:aspect/write/list/refinedstorage/cancelcraft:
    minecraft:textures/atlas/blocks.png:integrateddynamics:aspect/write/list/refinedstorage/cancelcraft
[00:08:14] [Worker-ResourceReload-11/WARN]: Missing textures in model exdeorum:magic_barrel#inventory:
    minecraft:textures/atlas/blocks.png:biomesoplenty:block/magic_planks
[00:08:14] [Worker-ResourceReload-11/WARN]: Missing textures in model exdeorum:lunar_compressed_sieve#:
    minecraft:textures/atlas/blocks.png:blue_skies:block/wood/lunar_log_side
[00:08:14] [Worker-ResourceReload-11/WARN]: Missing textures in model exdeorum:umbran_compressed_sieve#inventory:
    minecraft:textures/atlas/blocks.png:biomesoplenty:block/umbran_log
[00:08:14] [Worker-ResourceReload-11/WARN]: Missing textures in model createaddition:small_light_connector#facing=west,mode=push,powered=true,rotation=x_clockwise_180,variant=default:
    minecraft:textures/atlas/blocks.png:create:block/chute_block
[00:08:14] [Worker-ResourceReload-11/WARN]: Missing textures in model exdeorum:dead_crucible#:
    minecraft:textures/atlas/blocks.png:biomesoplenty:block/dead_log
[00:08:14] [Worker-ResourceReload-11/WARN]: Missing textures in model exdeorum:mahogany_sieve#inventory:
    minecraft:textures/atlas/blocks.png:biomesoplenty:block/mahogany_planks
[00:08:14] [Worker-ResourceReload-11/WARN]: Missing textures in model ars_nouveau:redstone_relay#facing=east,power=10:
    minecraft:textures/atlas/blocks.png:ars_nouveau:blocks/agronomic_sourcelink
[00:08:14] [Worker-ResourceReload-11/WARN]: Missing textures in model exdeorum:hellbark_compressed_sieve#inventory:
    minecraft:textures/atlas/blocks.png:biomesoplenty:block/hellbark_log
[00:08:14] [Worker-ResourceReload-11/WARN]: Missing textures in model exdeorum:redwood_crucible#:
    minecraft:textures/atlas/blocks.png:biomesoplenty:block/redwood_log
[00:08:14] [Worker-ResourceReload-11/WARN]: Missing textures in model exdeorum:redwood_sieve#inventory:
    minecraft:textures/atlas/blocks.png:biomesoplenty:block/redwood_planks
[00:08:14] [Worker-ResourceReload-11/WARN]: Missing textures in model exdeorum:willow_sieve#inventory:
    minecraft:textures/atlas/blocks.png:biomesoplenty:block/willow_planks
[00:08:14] [Worker-ResourceReload-11/WARN]: Missing textures in model exdeorum:frostbright_sieve#:
    minecraft:textures/atlas/blocks.png:blue_skies:block/wood/frostbright_planks
[00:08:14] [Worker-ResourceReload-11/WARN]: Missing textures in model exdeorum:comet_compressed_sieve#:
    minecraft:textures/atlas/blocks.png:blue_skies:block/wood/comet_log_side
[00:08:14] [Worker-ResourceReload-11/WARN]: Missing textures in model supplementaries:confetti_popper#inventory:
    minecraft:textures/atlas/blocks.png:supplementaries:party_hat/party_hat
[00:08:14] [Worker-ResourceReload-11/WARN]: Missing textures in model apotheosis:ancient_material#inventory:
    minecraft:textures/atlas/blocks.png:apotheosis:items/ancient_material
[00:08:14] [Worker-ResourceReload-11/WARN]: Missing textures in model exdeorum:fir_barrel#inventory:
    minecraft:textures/atlas/blocks.png:biomesoplenty:block/fir_planks
[00:08:14] [Worker-ResourceReload-11/WARN]: Missing textures in model enderio:pressurized_chemical_conduit#inventory:
    minecraft:textures/atlas/blocks.png:enderio:block/conduit/power1
[00:08:14] [Worker-ResourceReload-11/WARN]: Missing textures in model exdeorum:frostbright_compressed_sieve#:
    minecraft:textures/atlas/blocks.png:blue_skies:block/wood/frostbright_log_side
[00:08:14] [Worker-ResourceReload-11/WARN]: Missing textures in model exdeorum:bluebright_crucible#inventory:
    minecraft:textures/atlas/blocks.png:blue_skies:block/wood/bluebright_log_side
[00:08:14] [Worker-ResourceReload-11/WARN]: Missing textures in model exdeorum:bluebright_sieve#:
    minecraft:textures/atlas/blocks.png:blue_skies:block/wood/bluebright_planks
[00:08:14] [Worker-ResourceReload-11/WARN]: Missing textures in model enderio:redstone_conduit#inventory:
    minecraft:textures/atlas/blocks.png:enderio:block/conduit/power1
[00:08:14] [Worker-ResourceReload-11/WARN]: Missing textures in model exdeorum:frostbright_sieve#inventory:
    minecraft:textures/atlas/blocks.png:blue_skies:block/wood/frostbright_planks
[00:08:14] [Worker-ResourceReload-11/WARN]: Missing textures in model exdeorum:lunar_sieve#inventory:
    minecraft:textures/atlas/blocks.png:blue_skies:block/wood/lunar_planks
[00:08:14] [Worker-ResourceReload-11/WARN]: Missing textures in model exdeorum:palm_sieve#:
    minecraft:textures/atlas/blocks.png:biomesoplenty:block/palm_planks
[00:08:14] [Worker-ResourceReload-11/WARN]: Missing textures in model exdeorum:dead_compressed_sieve#inventory:
    minecraft:textures/atlas/blocks.png:biomesoplenty:block/dead_log
[00:08:14] [Worker-ResourceReload-11/WARN]: Missing textures in model exdeorum:magic_sieve#:
    minecraft:textures/atlas/blocks.png:biomesoplenty:block/magic_planks
[00:08:14] [Worker-ResourceReload-11/WARN]: Missing textures in model exdeorum:golden_oak_crucible#inventory:
    minecraft:textures/atlas/blocks.png:aether:block/natural/golden_oak_log
[00:08:14] [Worker-ResourceReload-11/WARN]: Missing textures in model exdeorum:mahogany_barrel#:
    minecraft:textures/atlas/blocks.png:biomesoplenty:block/mahogany_planks
[00:08:14] [Worker-ResourceReload-11/WARN]: Missing textures in model exdeorum:comet_sieve#:
    minecraft:textures/atlas/blocks.png:blue_skies:block/wood/comet_planks
[00:08:14] [Worker-ResourceReload-11/WARN]: Missing textures in model exdeorum:dead_sieve#inventory:
    minecraft:textures/atlas/blocks.png:biomesoplenty:block/dead_planks
[00:08:14] [Worker-ResourceReload-11/WARN]: Missing textures in model exdeorum:bluebright_barrel#:
    minecraft:textures/atlas/blocks.png:blue_skies:block/wood/bluebright_planks
[00:08:14] [Worker-ResourceReload-11/WARN]: Missing textures in model exdeorum:fir_crucible#inventory:
    minecraft:textures/atlas/blocks.png:biomesoplenty:block/fir_log
[00:08:14] [Worker-ResourceReload-11/WARN]: Missing textures in model exdeorum:dead_sieve#:
    minecraft:textures/atlas/blocks.png:biomesoplenty:block/dead_planks
[00:08:14] [Worker-ResourceReload-11/WARN]: Missing textures in model exdeorum:maple_compressed_sieve#:
    minecraft:textures/atlas/blocks.png:blue_skies:block/wood/maple_log_side
[00:08:14] [Worker-ResourceReload-11/WARN]: Missing textures in model exdeorum:golden_oak_crucible#:
    minecraft:textures/atlas/blocks.png:aether:block/natural/golden_oak_log
[00:08:14] [Worker-ResourceReload-11/WARN]: Missing textures in model exdeorum:lunar_barrel#:
    minecraft:textures/atlas/blocks.png:blue_skies:block/wood/lunar_planks
[00:08:14] [Worker-ResourceReload-11/WARN]: Missing textures in model exdeorum:frostbright_compressed_sieve#inventory:
    minecraft:textures/atlas/blocks.png:blue_skies:block/wood/frostbright_log_side
[00:08:14] [Worker-ResourceReload-11/WARN]: Missing textures in model exdeorum:jacaranda_sieve#:
    minecraft:textures/atlas/blocks.png:biomesoplenty:block/jacaranda_planks
[00:08:14] [Worker-ResourceReload-11/WARN]: Missing textures in model bloodmagic:alchemicalreactionchamber#facing=west,lit=true,type=steadfast:
    minecraft:textures/atlas/blocks.png:bloodmagic:block/arc_top_s
[00:08:14] [Worker-ResourceReload-11/WARN]: Missing textures in model exdeorum:skyroot_crucible#inventory:
    minecraft:textures/atlas/blocks.png:aether:block/natural/skyroot_log
[00:08:14] [Worker-ResourceReload-11/WARN]: Missing textures in model exdeorum:lunar_sieve#:
    minecraft:textures/atlas/blocks.png:blue_skies:block/wood/lunar_planks
[00:08:14] [Worker-ResourceReload-11/WARN]: Missing textures in model exdeorum:willow_compressed_sieve#:
    minecraft:textures/atlas/blocks.png:biomesoplenty:block/willow_log
[00:08:14] [Worker-ResourceReload-11/WARN]: Missing textures in model exdeorum:comet_compressed_sieve#inventory:
    minecraft:textures/atlas/blocks.png:blue_skies:block/wood/comet_log_side
[00:08:14] [Worker-ResourceReload-11/WARN]: Missing textures in model exdeorum:umbran_crucible#:
    minecraft:textures/atlas/blocks.png:biomesoplenty:block/umbran_log
[00:08:14] [Worker-ResourceReload-11/WARN]: Missing textures in model exdeorum:dead_compressed_sieve#:
    minecraft:textures/atlas/blocks.png:biomesoplenty:block/dead_log
[00:08:14] [Worker-ResourceReload-11/WARN]: Missing textures in model exdeorum:bluebright_sieve#inventory:
    minecraft:textures/atlas/blocks.png:blue_skies:block/wood/bluebright_planks
[00:08:14] [Worker-ResourceReload-11/WARN]: Missing textures in model exdeorum:redwood_compressed_sieve#inventory:
    minecraft:textures/atlas/blocks.png:biomesoplenty:block/redwood_log
[00:08:14] [Worker-ResourceReload-11/WARN]: Missing textures in model exdeorum:hellbark_crucible#inventory:
    minecraft:textures/atlas/blocks.png:biomesoplenty:block/hellbark_log
[00:08:14] [Worker-ResourceReload-11/WARN]: Missing textures in model integrateddynamics:aspect/read/list/refinedstorage/fluid/fluidstacks:
    minecraft:textures/atlas/blocks.png:integrateddynamics:aspect/read/list/refinedstorage/fluid/fluidstacks
[00:08:14] [Worker-ResourceReload-11/WARN]: Missing textures in model exdeorum:mahogany_compressed_sieve#inventory:
    minecraft:textures/atlas/blocks.png:biomesoplenty:block/mahogany_log
[00:08:14] [Worker-ResourceReload-11/WARN]: Missing textures in model exdeorum:mahogany_compressed_sieve#:
    minecraft:textures/atlas/blocks.png:biomesoplenty:block/mahogany_log
[00:08:14] [Worker-ResourceReload-11/WARN]: Missing textures in model exdeorum:starlit_crucible#:
    minecraft:textures/atlas/blocks.png:blue_skies:block/wood/starlit_log_side
[00:08:14] [Worker-ResourceReload-11/WARN]: Missing textures in model exdeorum:magic_sieve#inventory:
    minecraft:textures/atlas/blocks.png:biomesoplenty:block/magic_planks
[00:08:14] [Worker-ResourceReload-11/WARN]: Missing textures in model exdeorum:magic_crucible#inventory:
    minecraft:textures/atlas/blocks.png:biomesoplenty:block/magic_log
[00:08:14] [Worker-ResourceReload-11/WARN]: Missing textures in model exdeorum:redwood_compressed_sieve#:
    minecraft:textures/atlas/blocks.png:biomesoplenty:block/redwood_log
[00:08:14] [Worker-ResourceReload-11/WARN]: Missing textures in model exdeorum:fir_sieve#inventory:
    minecraft:textures/atlas/blocks.png:biomesoplenty:block/fir_planks
[00:08:14] [Worker-ResourceReload-11/WARN]: Missing textures in model exdeorum:fir_barrel#:
    minecraft:textures/atlas/blocks.png:biomesoplenty:block/fir_planks
[00:08:14] [Worker-ResourceReload-11/WARN]: Missing textures in model enderio:me_conduit#inventory:
    minecraft:textures/atlas/blocks.png:enderio:block/conduit/power1
[00:08:14] [Worker-ResourceReload-11/WARN]: Missing textures in model exdeorum:magic_crucible#:
    minecraft:textures/atlas/blocks.png:biomesoplenty:block/magic_log
[00:08:14] [Worker-ResourceReload-11/WARN]: Missing textures in model exdeorum:willow_compressed_sieve#inventory:
    minecraft:textures/atlas/blocks.png:biomesoplenty:block/willow_log
[00:08:14] [Worker-ResourceReload-11/WARN]: Missing textures in model enderio:fluid_conduit#inventory:
    minecraft:textures/atlas/blocks.png:enderio:block/conduit/power1
[00:08:14] [Worker-ResourceReload-11/WARN]: Missing textures in model exdeorum:frostbright_crucible#inventory:
    minecraft:textures/atlas/blocks.png:blue_skies:block/wood/frostbright_log_side
[00:08:14] [Worker-ResourceReload-11/WARN]: Missing textures in model exdeorum:fir_compressed_sieve#:
    minecraft:textures/atlas/blocks.png:biomesoplenty:block/fir_log
[00:08:14] [Worker-ResourceReload-11/WARN]: Missing textures in model exdeorum:comet_barrel#inventory:
    minecraft:textures/atlas/blocks.png:blue_skies:block/wood/comet_planks
[00:08:14] [Worker-ResourceReload-11/WARN]: Missing textures in model exdeorum:maple_barrel#:
    minecraft:textures/atlas/blocks.png:blue_skies:block/wood/maple_planks
[00:08:14] [Worker-ResourceReload-11/WARN]: Missing textures in model exdeorum:hellbark_crucible#:
    minecraft:textures/atlas/blocks.png:biomesoplenty:block/hellbark_log
[00:08:14] [Worker-ResourceReload-11/WARN]: Missing textures in model exdeorum:skyroot_sieve#:
    minecraft:textures/atlas/blocks.png:aether:block/construction/skyroot_planks
[00:08:14] [Worker-ResourceReload-11/WARN]: Missing textures in model exdeorum:palm_barrel#:
    minecraft:textures/atlas/blocks.png:biomesoplenty:block/palm_planks
[00:08:14] [Worker-ResourceReload-11/WARN]: Missing textures in model exdeorum:crystallized_crucible#inventory:
    minecraft:textures/atlas/blocks.png:blue_skies:block/wood/crystallized_log_side
[00:08:14] [Worker-ResourceReload-11/WARN]: Missing textures in model exdeorum:dusk_sieve#inventory:
    minecraft:textures/atlas/blocks.png:blue_skies:block/wood/dusk_planks
[00:08:14] [Worker-ResourceReload-11/WARN]: Missing textures in model exdeorum:jacaranda_crucible#:
    minecraft:textures/atlas/blocks.png:biomesoplenty:block/jacaranda_log
[00:08:14] [Worker-ResourceReload-11/WARN]: Missing textures in model exdeorum:skyroot_crucible#:
    minecraft:textures/atlas/blocks.png:aether:block/natural/skyroot_log
[00:08:14] [Worker-ResourceReload-11/WARN]: Missing textures in model exdeorum:mahogany_sieve#:
    minecraft:textures/atlas/blocks.png:biomesoplenty:block/mahogany_planks
[00:08:14] [Worker-ResourceReload-11/WARN]: Missing textures in model exdeorum:maple_sieve#:
    minecraft:textures/atlas/blocks.png:blue_skies:block/wood/maple_planks
[00:08:14] [Worker-ResourceReload-11/WARN]: Missing textures in model bloodmagic:alchemicalreactionchamber#facing=west,lit=false,type=steadfast:
    minecraft:textures/atlas/blocks.png:bloodmagic:block/arc_front_s
    minecraft:textures/atlas/blocks.png:bloodmagic:block/arc_side_s
    minecraft:textures/atlas/blocks.png:bloodmagic:block/arc_top_s
[00:08:14] [Worker-ResourceReload-11/WARN]: Missing textures in model exdeorum:palm_crucible#inventory:
    minecraft:textures/atlas/blocks.png:biomesoplenty:block/palm_log
[00:08:14] [Worker-ResourceReload-11/WARN]: Missing textures in model integrateddynamics:aspect/read/list/refinedstorage/inventory/itemstacks:
    minecraft:textures/atlas/blocks.png:integrateddynamics:aspect/read/list/refinedstorage/inventory/itemstacks
[00:08:14] [Worker-ResourceReload-11/WARN]: Missing textures in model enderio:pressurized_fluid_conduit#inventory:
    minecraft:textures/atlas/blocks.png:enderio:block/conduit/power1
[00:08:14] [Worker-ResourceReload-11/WARN]: Missing textures in model exdeorum:maple_compressed_sieve#inventory:
    minecraft:textures/atlas/blocks.png:blue_skies:block/wood/maple_log_side
[00:08:14] [Worker-ResourceReload-11/WARN]: Missing textures in model integrateddynamics:aspect/read/list/refinedstorage/inventory/craftingitems:
    minecraft:textures/atlas/blocks.png:integrateddynamics:aspect/read/list/refinedstorage/inventory/craftingitems
[00:08:14] [Worker-ResourceReload-11/WARN]: Missing textures in model enderio:item_conduit#inventory:
    minecraft:textures/atlas/blocks.png:enderio:block/conduit/power1
[00:08:14] [Worker-ResourceReload-11/WARN]: Missing textures in model exdeorum:willow_crucible#inventory:
    minecraft:textures/atlas/blocks.png:biomesoplenty:block/willow_log
[00:08:14] [Worker-ResourceReload-11/WARN]: Missing textures in model exdeorum:crystallized_sieve#inventory:
    minecraft:textures/atlas/blocks.png:blue_skies:block/wood/crystallized_planks
[00:08:14] [Worker-ResourceReload-11/WARN]: Missing textures in model exdeorum:hellbark_barrel#inventory:
    minecraft:textures/atlas/blocks.png:biomesoplenty:block/hellbark_planks
[00:08:14] [Worker-ResourceReload-11/WARN]: Missing textures in model exdeorum:dusk_compressed_sieve#:
    minecraft:textures/atlas/blocks.png:blue_skies:block/wood/dusk_log_side
[00:08:14] [Worker-ResourceReload-11/WARN]: Missing textures in model exdeorum:bluebright_barrel#inventory:
    minecraft:textures/atlas/blocks.png:blue_skies:block/wood/bluebright_planks
[00:08:14] [Worker-ResourceReload-11/WARN]: Missing textures in model exdeorum:hellbark_compressed_sieve#:
    minecraft:textures/atlas/blocks.png:biomesoplenty:block/hellbark_log
[00:08:14] [Worker-ResourceReload-11/WARN]: Missing textures in model exdeorum:redwood_crucible#inventory:
    minecraft:textures/atlas/blocks.png:biomesoplenty:block/redwood_log
[00:08:14] [Worker-ResourceReload-11/WARN]: Missing textures in model exdeorum:jacaranda_barrel#inventory:
    minecraft:textures/atlas/blocks.png:biomesoplenty:block/jacaranda_planks
[00:08:14] [Worker-ResourceReload-11/WARN]: Missing textures in model exdeorum:magic_barrel#:
    minecraft:textures/atlas/blocks.png:biomesoplenty:block/magic_planks
[00:08:14] [Worker-ResourceReload-11/WARN]: Missing textures in model exdeorum:lunar_compressed_sieve#inventory:
    minecraft:textures/atlas/blocks.png:blue_skies:block/wood/lunar_log_side
[00:08:14] [Worker-ResourceReload-11/WARN]: Missing textures in model exdeorum:maple_crucible#inventory:
    minecraft:textures/atlas/blocks.png:blue_skies:block/wood/maple_log_side
[00:08:14] [Worker-ResourceReload-11/WARN]: Missing textures in model exdeorum:starlit_barrel#inventory:
    minecraft:textures/atlas/blocks.png:blue_skies:block/wood/starlit_planks
[00:08:14] [Worker-ResourceReload-11/WARN]: Missing textures in model exdeorum:dead_crucible#inventory:
    minecraft:textures/atlas/blocks.png:biomesoplenty:block/dead_log
[00:08:14] [Worker-ResourceReload-11/WARN]: Missing textures in model exdeorum:starlit_compressed_sieve#inventory:
    minecraft:textures/atlas/blocks.png:blue_skies:block/wood/starlit_log_side
[00:08:14] [Worker-ResourceReload-11/WARN]: Missing textures in model enderio:refined_storage_conduit#inventory:
    minecraft:textures/atlas/blocks.png:enderio:block/conduit/power1
[00:08:14] [Worker-ResourceReload-11/WARN]: Missing textures in model exdeorum:frostbright_barrel#:
    minecraft:textures/atlas/blocks.png:blue_skies:block/wood/frostbright_planks
[00:08:14] [Worker-ResourceReload-11/WARN]: Missing textures in model exdeorum:willow_sieve#:
    minecraft:textures/atlas/blocks.png:biomesoplenty:block/willow_planks
[00:08:14] [Worker-ResourceReload-11/WARN]: Missing textures in model exdeorum:bluebright_compressed_sieve#:
    minecraft:textures/atlas/blocks.png:blue_skies:block/wood/bluebright_log_side
[00:08:14] [Worker-ResourceReload-11/WARN]: Missing textures in model exdeorum:dusk_crucible#:
    minecraft:textures/atlas/blocks.png:blue_skies:block/wood/dusk_log_side
[00:08:14] [Worker-ResourceReload-11/WARN]: Missing textures in model exdeorum:palm_sieve#inventory:
    minecraft:textures/atlas/blocks.png:biomesoplenty:block/palm_planks
[00:08:14] [Worker-ResourceReload-11/WARN]: Missing textures in model bloodmagic:alchemicalreactionchamber#facing=south,lit=true,type=steadfast:
    minecraft:textures/atlas/blocks.png:bloodmagic:block/arc_top_s
[00:08:14] [Worker-ResourceReload-11/WARN]: Missing textures in model exdeorum:umbran_compressed_sieve#:
    minecraft:textures/atlas/blocks.png:biomesoplenty:block/umbran_log
[00:08:14] [Worker-ResourceReload-11/WARN]: Missing textures in model enderio:heat_conduit#inventory:
    minecraft:textures/atlas/blocks.png:enderio:block/conduit/power1
[00:08:14] [Worker-ResourceReload-11/WARN]: Missing textures in model exdeorum:umbran_barrel#:
    minecraft:textures/atlas/blocks.png:biomesoplenty:block/umbran_planks
[00:08:14] [Worker-ResourceReload-11/WARN]: Missing textures in model exdeorum:comet_crucible#inventory:
    minecraft:textures/atlas/blocks.png:blue_skies:block/wood/comet_log_side
[00:08:14] [Worker-ResourceReload-11/WARN]: Missing textures in model exdeorum:bluebright_crucible#:
    minecraft:textures/atlas/blocks.png:blue_skies:block/wood/bluebright_log_side
[00:08:15] [Worker-ResourceReload-11/INFO]: Model replacement took 1 ms
[00:08:15] [Render thread/INFO]: Loaded 10 buttons from resources.
[00:08:15] [Render thread/INFO]: Resource manager reload: clearing GUI cache...
[00:08:16] [Render thread/WARN]: Missing sound for event: minecraft:item.goat_horn.play
[00:08:16] [Render thread/WARN]: Missing sound for event: minecraft:entity.goat.screaming.horn_break
[00:08:16] [Render thread/INFO]: OpenAL initialized on device OpenAL Soft on Headset Earphone (Samsung USB C Earphones)
[00:08:16] [Render thread/INFO]: Initializing Sound Physics
[00:08:16] [Render thread/INFO]: EFX Extension recognized
[00:08:16] [Render thread/INFO]: Max auxiliary sends: 4
[00:08:16] [Render thread/INFO]: Aux slot 1 created
[00:08:16] [Render thread/INFO]: Aux slot 2 created
[00:08:16] [Render thread/INFO]: Aux slot 3 created
[00:08:16] [Render thread/INFO]: Aux slot 4 created
[00:08:16] [Render thread/INFO]: EFX ready
[00:08:16] [Render thread/INFO]: Sound engine started
[00:08:16] [Render thread/INFO]: Created: 8192x8192x0 minecraft:textures/atlas/blocks.png-atlas
[00:08:16] [Render thread/INFO]: Created: 1024x1024x0 minecraft:textures/atlas/signs.png-atlas
[00:08:16] [Render thread/INFO]: Created: 1024x512x0 minecraft:textures/atlas/shield_patterns.png-atlas
[00:08:16] [Render thread/INFO]: Created: 1024x1024x0 minecraft:textures/atlas/banner_patterns.png-atlas
[00:08:16] [Render thread/INFO]: Created: 2048x1024x0 minecraft:textures/atlas/armor_trims.png-atlas
[00:08:16] [Render thread/INFO]: Created: 128x64x0 minecraft:textures/atlas/decorated_pot.png-atlas
[00:08:16] [Render thread/INFO]: Created: 1024x512x0 minecraft:textures/atlas/chest.png-atlas
[00:08:16] [Render thread/INFO]: Created: 512x256x0 minecraft:textures/atlas/beds.png-atlas
[00:08:16] [Render thread/INFO]: Created: 512x256x0 minecraft:textures/atlas/shulker_boxes.png-atlas
[00:08:17] [Render thread/WARN]: Failed to add slimed layer to entity: entity.allthemodium.piglich. This bug was caused by forge! Use neo
[00:08:17] [Render thread/WARN]: Failed to add slimed layer to entity: entity.occultism.foliot. This bug was caused by forge! Use neo
[00:08:17] [Render thread/WARN]: Failed to add slimed layer to entity: entity.occultism.djinni. This bug was caused by forge! Use neo
[00:08:17] [Render thread/WARN]: Failed to add slimed layer to entity: entity.occultism.afrit. This bug was caused by forge! Use neo
[00:08:17] [Render thread/WARN]: Failed to add slimed layer to entity: entity.occultism.afrit_wild. This bug was caused by forge! Use neo
[00:08:17] [Render thread/WARN]: Failed to add slimed layer to entity: entity.occultism.marid. This bug was caused by forge! Use neo
[00:08:17] [Render thread/WARN]: Failed to add slimed layer to entity: entity.occultism.devil_familiar. This bug was caused by forge! Use neo
[00:08:17] [Render thread/WARN]: Failed to add slimed layer to entity: entity.occultism.demonic_wife. This bug was caused by forge! Use neo
[00:08:17] [Render thread/WARN]: Failed to add slimed layer to entity: entity.occultism.demonic_husband. This bug was caused by forge! Use neo
[00:08:17] [Render thread/WARN]: Failed to add slimed layer to entity: entity.ars_nouveau.bookwyrm. This bug was caused by forge! Use neo
[00:08:17] [Render thread/WARN]: Failed to add slimed layer to entity: entity.ars_nouveau.starbuncle. This bug was caused by forge! Use neo
[00:08:17] [Render thread/WARN]: Failed to add slimed layer to entity: entity.ars_nouveau.whirlisprig. This bug was caused by forge! Use neo
[00:08:17] [Render thread/WARN]: Failed to add slimed layer to entity: entity.ars_nouveau.wixie. This bug was caused by forge! Use neo
[00:08:17] [Render thread/WARN]: Failed to add slimed layer to entity: entity.ars_nouveau.wilden_hunter. This bug was caused by forge! Use neo
[00:08:17] [Render thread/WARN]: Failed to add slimed layer to entity: entity.ars_nouveau.wilden_stalker. This bug was caused by forge! Use neo
[00:08:17] [Render thread/WARN]: Failed to add slimed layer to entity: entity.ars_nouveau.wilden_guardian. This bug was caused by forge! Use neo
[00:08:17] [Render thread/WARN]: Failed to add slimed layer to entity: entity.ars_nouveau.wilden_boss. This bug was caused by forge! Use neo
[00:08:17] [Render thread/WARN]: Failed to add slimed layer to entity: entity.ars_nouveau.drygmy. This bug was caused by forge! Use neo
[00:08:17] [Render thread/WARN]: Failed to add slimed layer to entity: entity.ars_nouveau.familiar_starbuncle. This bug was caused by forge! Use neo
[00:08:17] [Render thread/WARN]: Failed to add slimed layer to entity: entity.ars_nouveau.familiar_wixie. This bug was caused by forge! Use neo
[00:08:17] [Render thread/WARN]: Failed to add slimed layer to entity: entity.ars_nouveau.familiar_bookwyrm. This bug was caused by forge! Use neo
[00:08:17] [Render thread/WARN]: Failed to add slimed layer to entity: entity.ars_nouveau.familiar_drygmy. This bug was caused by forge! Use neo
[00:08:17] [Render thread/WARN]: Failed to add slimed layer to entity: entity.ars_nouveau.familiar_whirlisprig. This bug was caused by forge! Use neo
[00:08:17] [Render thread/WARN]: Failed to add slimed layer to entity: entity.ars_nouveau.familiar_amethyst_golem. This bug was caused by forge! Use neo
[00:08:17] [Render thread/WARN]: Failed to add slimed layer to entity: entity.ars_nouveau.cascading_weald_walker. This bug was caused by forge! Use neo
[00:08:17] [Render thread/WARN]: Failed to add slimed layer to entity: entity.ars_nouveau.flourishing_weald_walker. This bug was caused by forge! Use neo
[00:08:17] [Render thread/WARN]: Failed to add slimed layer to entity: entity.ars_nouveau.blazing_weald_walker. This bug was caused by forge! Use neo
[00:08:17] [Render thread/WARN]: Failed to add slimed layer to entity: entity.ars_nouveau.vexing_weald_walker. This bug was caused by forge! Use neo
[00:08:17] [Render thread/WARN]: Failed to add slimed layer to entity: entity.ars_nouveau.amethyst_golem. This bug was caused by forge! Use neo
[00:08:17] [Render thread/WARN]: Failed to add slimed layer to entity: entity.ars_nouveau.gift_starby. This bug was caused by forge! Use neo
[00:08:17] [Render thread/WARN]: Failed to add slimed layer to entity: entity.ars_nouveau.animated_block. This bug was caused by forge! Use neo
[00:08:17] [Render thread/WARN]: Failed to add slimed layer to entity: entity.ars_nouveau.animated_head. This bug was caused by forge! Use neo
[00:08:17] [Render thread/WARN]: Failed to add slimed layer to entity: entity.ars_nouveau.lily. This bug was caused by forge! Use neo
[00:08:17] [Render thread/WARN]: Failed to add slimed layer to entity: entity.create.package. This bug was caused by forge! Use neo
[00:08:17] [Render thread/WARN]: Failed to add slimed layer to entity: entity.draconicevolution.draconic_guardian. This bug was caused by forge! Use neo
[00:08:17] [Render thread/WARN]: Failed to add slimed layer to entity: entity.ars_elemental.siren_entity. This bug was caused by forge! Use neo
[00:08:17] [Render thread/WARN]: Failed to add slimed layer to entity: entity.ars_elemental.siren_familiar. This bug was caused by forge! Use neo
[00:08:17] [Render thread/WARN]: Failed to add slimed layer to entity: entity.ars_elemental.firenando_entity. This bug was caused by forge! Use neo
[00:08:17] [Render thread/WARN]: Failed to add slimed layer to entity: entity.ars_elemental.firenando_familiar. This bug was caused by forge! Use neo
[00:08:17] [Render thread/WARN]: Failed to add slimed layer to entity: entity.ars_elemental.flashing_weald_walker. This bug was caused by forge! Use neo
[00:08:17] [Render thread/WARN]: Shader rendertype_entity_translucent_emissive could not find sampler named Sampler2 in the specified shader program.
[00:08:17] [Render thread/WARN]: Shader cofh_core:particle_over could not find sampler named Sampler2 in the specified shader program.
[00:08:17] [Render thread/WARN]: Shader cofh_core:particle_add could not find sampler named Sampler2 in the specified shader program.
[00:08:17] [Render thread/WARN]: Shader cofh_core:particle_screen could not find sampler named Sampler2 in the specified shader program.
[00:08:17] [Render thread/WARN]: Shader brandonscore:contributor/patreon_core could not find uniform named Transition in the specified shader program.
[00:08:17] [Render thread/WARN]: Shader forbidden_arcanus:rendertype_entity_fullbright_cutout could not find sampler named Sampler1 in the specified shader program.
[00:08:17] [Render thread/WARN]: Shader forbidden_arcanus:rendertype_entity_fullbright_cutout could not find sampler named Sampler2 in the specified shader program.
[00:08:17] [Render thread/WARN]: Shader forbidden_arcanus:rendertype_entity_fullbright_cutout could not find uniform named FogColor in the specified shader program.
[00:08:17] [Render thread/WARN]: Shader forbidden_arcanus:rendertype_entity_fullbright_translucent could not find sampler named Sampler1 in the specified shader program.
[00:08:17] [Render thread/WARN]: Shader forbidden_arcanus:rendertype_entity_fullbright_translucent could not find sampler named Sampler2 in the specified shader program.
[00:08:17] [Render thread/WARN]: Shader forbidden_arcanus:rendertype_entity_fullbright_translucent could not find uniform named FogColor in the specified shader program.
[00:08:17] [Render thread/INFO]: Created: 1024x512x0 minecraft:textures/atlas/particles.png-atlas
[00:08:17] [Render thread/INFO]: Created: 2048x1024x0 minecraft:textures/atlas/paintings.png-atlas
[00:08:17] [Render thread/INFO]: Created: 512x256x0 minecraft:textures/atlas/mob_effects.png-atlas
[00:08:17] [Render thread/INFO]: Created: 512x256x0 codechickenlib:textures/atlas/gui.png-atlas
[00:08:17] [Render thread/INFO]: Loaded 77 shader sources in 10.441 ms
[00:08:17] [Render thread/INFO]: Created: 256x256x0 jei:textures/atlas/gui.png-atlas
[00:08:17] [Render thread/INFO]: Created: 512x256x0 mekanism:textures/atlas/robit.png-atlas
[00:08:17] [Render thread/INFO]: BookContentResourceListenerLoader preloaded 4283 jsons
[00:08:17] [Render thread/INFO]: Created: 128x128x0 computercraft:textures/atlas/gui.png-atlas
[00:08:17] [Render thread/INFO]: Loaded 51 train hat configurations.
[00:08:17] [Render thread/INFO]: Data driven guides: []
[00:08:17] [Render thread/INFO]: Created: 128x64x0 guideme:textures/atlas/gui.png-atlas
[00:08:17] [Render thread/INFO]: Created: 512x512x0 brandonscore:textures/atlas/gui.png-atlas
[00:08:17] [Render thread/INFO]: Created: 256x256x0 draconicevolution:textures/atlas/module.png-atlas
[00:08:17] [Render thread/INFO]: Created: 2048x1024x0 draconicevolution:textures/atlas/gui.png-atlas
[00:08:17] [Render thread/INFO]: Created: 256x256x0 moonlight:textures/atlas/map_markers.png-atlas
[00:08:17] [Render thread/INFO]: Created: 128x128x0 enderio:textures/atlas/conduit_icons.png-atlas
[00:08:17] [Render thread/INFO]: Successfully loaded image 'supplementaries:textures/block/gottem.gif'
[00:08:17] [Render thread/INFO]: Successfully loaded image 'bridgingmod:textures/gui/config/bridging.webp'
[00:08:17] [Render thread/INFO]: Successfully loaded image 'ars_nouveau:textures/item/conjure_terrain.gif'
[00:08:17] [Render thread/INFO]: Successfully loaded image 'ars_nouveau:textures/item/spike.gif'
[00:08:17] [Render thread/INFO]: Successfully loaded image 'ars_nouveau:textures/item/watery_grave.gif'
[00:08:19] [Render thread/WARN]: Game took 119.567 seconds to start
[00:08:59] [Render thread/INFO]: Mixing client.MixinOnlineServerEntry from mixins/common/nochatreports.mixins.json into net.minecraft.client.gui.screens.multiplayer.ServerSelectionList$OnlineServerEntry
[00:08:59] [Render thread/INFO]: Renaming synthetic method lambda$onRender$0()Ljava/util/ArrayList; to mdc9f5fb$lambda$onRender$0$0 in mixins/common/nochatreports.mixins.json:client.MixinOnlineServerEntry
[00:09:05] [Netty Client IO #0/WARN]: @ModifyConstant conflict. Skipping packetfixer.common.mixins.json:PacketEncoderMixin->@ModifyConstant::newSize(I)I with priority 1000, already redirected by connectivity.mixins.json:PacketEncoderMixin->@ModifyConstant::modifyLimit(ILio/netty/channel/ChannelHandlerContext;Lnet/minecraft/network/protocol/Packet;Lio/netty/buffer/ByteBuf;)I with priority 1000
[00:09:05] [Server Pinger #0/INFO]: Mixing client.MixinServerStatusPinger$1 from mixins/common/nochatreports.mixins.json into net.minecraft.client.multiplayer.ServerStatusPinger$1
[00:09:05] [Server Pinger #0/INFO]: Mixing client.MixinServerStatusPinger$1 from mixins/forge/nochatreports-forge.mixins.json into net.minecraft.client.multiplayer.ServerStatusPinger$1
[00:09:05] [Server Pinger #0/INFO]: Renaming synthetic method lambda$static$0(Ljava/lang/Error;)V to mdc9f5fb$lambda$static$0$0 in mixins/forge/nochatreports-forge.mixins.json:client.MixinServerStatusPinger$1
[00:09:05] [Server Pinger #0/INFO]: Common mixin into ServerStatusPinger$1 succeeded.
[00:09:05] [Server Pinger #0/INFO]: Mixing server.MixinServerboundChatCommandPacket from mixins/common/nochatreports.mixins.json into net.minecraft.network.protocol.game.ServerboundChatCommandPacket
[00:09:05] [Server Pinger #0/INFO]: Mixing server.MixinServerboundChatPacket from mixins/common/nochatreports.mixins.json into net.minecraft.network.protocol.game.ServerboundChatPacket
[00:09:05] [Server Pinger #0/INFO]: Mixing server.MixinServerboundChatSessionUpdatePacket from mixins/common/nochatreports.mixins.json into net.minecraft.network.protocol.game.ServerboundChatSessionUpdatePacket
[00:09:06] [Netty Client IO #0/ERROR]: Channels [ponder:main,crystalix:main,immersiveengineering:main,tombstone:tombstone_channel,sfm:manager,computercraft:network,mekanism:mekanism,mekanismgenerators:mekanismgenerators] rejected their server side version number during listping
[00:09:06] [Netty Client IO #0/INFO]: Server has additional mods that may be needed on the client: antiblocksrechiseled@0.4.4
[00:09:06] [Netty Client IO #0/INFO]: Client has mods that are missing on server: [exdeorum, ponder, integratedterminals, draconicevolution, ironjetpacks, rftoolsbase, powah, keybindspurger, forcecraft, apotheosis, balm, crash_assistant, mysticalagradditions, supplementaries, ftbxmodcompat, mcwtrpdoors, supermartijn642corelib, botania, resourcefulconfig, curios, measurements, framedblocks, tombstone, mcwroofs, flib, sfm, ftblibrary, jei, ae2, everlastingabilities, mekanism, phosphophyllite, pneumaticcraft, crystalix, integratedcrafting, smoothchunk, ftbquests, immersiveengineering, allthemodium, alltheleaks, spectrelib, skyblockbuilder, pipez, luminax, integrateddynamics, megacells, polymorph, integratedterminalscompat, almostunified, integratedtunnelscompat, lootr, connectedglass, occultism, euphoria_patcher, keybindbundles, cyclopscore, kuma_api, geckolib, utilitix, sophisticatedcore, cookingforblockheads, placebo, dankstorage, mixinextras, sophisticatedbackpacks, mcwdoors, mekanismgenerators, konkrete, appflux, mcwbridges, farmersdelight, commoncapabilities, mcwfences, patchouli, integratedtunnels, mekanismtools, computercraft, biggerreactors, trashslot, amendments, sophisticatedstorage, octolib, create, waystones, thermal_extra, fastsuite, mcjtylib, expatternprovider, guideme, integrateddynamicscompat, advanced_ae, ftbchunks, mysticalagriculture, moonlight, appliede, mixinsquared, enderio, ars_elemental, modonomicon, yet_another_config_lib_v3, justzoom, packetfixer, createaddition]
[00:09:06] [Netty Client IO #0/INFO]: Mixing client.MixinClientHandshakePacketListenerImpl from mixins/forge/nochatreports-forge.mixins.json into net.minecraft.client.multiplayer.ClientHandshakePacketListenerImpl
[00:09:06] [Netty Client IO #1/ERROR]: Channels [ponder:main,crystalix:main,immersiveengineering:main,tombstone:tombstone_channel,sfm:manager,computercraft:network,mekanism:mekanism,mekanismgenerators:mekanismgenerators] rejected their server side version number during listping
[00:09:06] [Netty Client IO #1/INFO]: Server has additional mods that may be needed on the client: antiblocksrechiseled@0.4.4
[00:09:06] [Netty Client IO #1/INFO]: Client has mods that are missing on server: [exdeorum, ponder, integratedterminals, draconicevolution, ironjetpacks, rftoolsbase, powah, keybindspurger, forcecraft, apotheosis, balm, crash_assistant, mysticalagradditions, supplementaries, ftbxmodcompat, mcwtrpdoors, supermartijn642corelib, botania, resourcefulconfig, curios, measurements, framedblocks, tombstone, mcwroofs, flib, sfm, ftblibrary, jei, ae2, everlastingabilities, mekanism, phosphophyllite, pneumaticcraft, crystalix, integratedcrafting, smoothchunk, ftbquests, immersiveengineering, allthemodium, alltheleaks, spectrelib, skyblockbuilder, pipez, luminax, integrateddynamics, megacells, polymorph, integratedterminalscompat, almostunified, integratedtunnelscompat, lootr, connectedglass, occultism, euphoria_patcher, keybindbundles, cyclopscore, kuma_api, geckolib, utilitix, sophisticatedcore, cookingforblockheads, placebo, dankstorage, mixinextras, sophisticatedbackpacks, mcwdoors, mekanismgenerators, konkrete, appflux, mcwbridges, farmersdelight, commoncapabilities, mcwfences, patchouli, integratedtunnels, mekanismtools, computercraft, biggerreactors, trashslot, amendments, sophisticatedstorage, octolib, create, waystones, thermal_extra, fastsuite, mcjtylib, expatternprovider, guideme, integrateddynamicscompat, advanced_ae, ftbchunks, mysticalagriculture, moonlight, appliede, mixinsquared, enderio, ars_elemental, modonomicon, yet_another_config_lib_v3, justzoom, packetfixer, createaddition]
[00:09:08] [Render thread/INFO]: Released client Flux Networks cache
[00:09:08] [Render thread/WARN]: Unable to read property: west with value: none for blockstate: {Name:"mcwfences:sandstone_grass_topped_wall",Properties:{east:"low",north:"none",south:"low",up:"true",waterlogged:"false",west:"none"}}
[00:09:08] [Render thread/WARN]: Unable to read property: east with value: low for blockstate: {Name:"mcwfences:sandstone_grass_topped_wall",Properties:{east:"low",north:"none",south:"low",up:"true",waterlogged:"false",west:"none"}}
[00:09:08] [Render thread/WARN]: Unable to read property: south with value: low for blockstate: {Name:"mcwfences:sandstone_grass_topped_wall",Properties:{east:"low",north:"none",south:"low",up:"true",waterlogged:"false",west:"none"}}
[00:09:08] [Render thread/WARN]: Unable to read property: north with value: none for blockstate: {Name:"mcwfences:sandstone_grass_topped_wall",Properties:{east:"low",north:"none",south:"low",up:"true",waterlogged:"false",west:"none"}}
[00:09:08] [Render thread/WARN]: Unable to read property: west with value: none for blockstate: {Name:"mcwfences:sandstone_grass_topped_wall",Properties:{east:"none",north:"low",south:"low",up:"false",waterlogged:"false",west:"none"}}
[00:09:08] [Render thread/WARN]: Unable to read property: east with value: none for blockstate: {Name:"mcwfences:sandstone_grass_topped_wall",Properties:{east:"none",north:"low",south:"low",up:"false",waterlogged:"false",west:"none"}}
[00:09:08] [Render thread/WARN]: Unable to read property: south with value: low for blockstate: {Name:"mcwfences:sandstone_grass_topped_wall",Properties:{east:"none",north:"low",south:"low",up:"false",waterlogged:"false",west:"none"}}
[00:09:08] [Render thread/WARN]: Unable to read property: north with value: low for blockstate: {Name:"mcwfences:sandstone_grass_topped_wall",Properties:{east:"none",north:"low",south:"low",up:"false",waterlogged:"false",west:"none"}}
[00:09:08] [Render thread/WARN]: Unable to read property: west with value: none for blockstate: {Name:"mcwfences:sandstone_grass_topped_wall",Properties:{east:"low",north:"low",south:"low",up:"true",waterlogged:"false",west:"none"}}
[00:09:08] [Render thread/WARN]: Unable to read property: east with value: low for blockstate: {Name:"mcwfences:sandstone_grass_topped_wall",Properties:{east:"low",north:"low",south:"low",up:"true",waterlogged:"false",west:"none"}}
[00:09:08] [Render thread/WARN]: Unable to read property: south with value: low for blockstate: {Name:"mcwfences:sandstone_grass_topped_wall",Properties:{east:"low",north:"low",south:"low",up:"true",waterlogged:"false",west:"none"}}
[00:09:08] [Render thread/WARN]: Unable to read property: north with value: low for blockstate: {Name:"mcwfences:sandstone_grass_topped_wall",Properties:{east:"low",north:"low",south:"low",up:"true",waterlogged:"false",west:"none"}}
[00:09:08] [Render thread/WARN]: Unable to read property: west with value: none for blockstate: {Name:"mcwfences:sandstone_grass_topped_wall",Properties:{east:"low",north:"low",south:"none",up:"true",waterlogged:"false",west:"none"}}
[00:09:08] [Render thread/WARN]: Unable to read property: east with value: low for blockstate: {Name:"mcwfences:sandstone_grass_topped_wall",Properties:{east:"low",north:"low",south:"none",up:"true",waterlogged:"false",west:"none"}}
[00:09:08] [Render thread/WARN]: Unable to read property: south with value: none for blockstate: {Name:"mcwfences:sandstone_grass_topped_wall",Properties:{east:"low",north:"low",south:"none",up:"true",waterlogged:"false",west:"none"}}
[00:09:08] [Render thread/WARN]: Unable to read property: north with value: low for blockstate: {Name:"mcwfences:sandstone_grass_topped_wall",Properties:{east:"low",north:"low",south:"none",up:"true",waterlogged:"false",west:"none"}}
[00:09:08] [Render thread/WARN]: Unable to read property: west with value: low for blockstate: {Name:"mcwfences:sandstone_grass_topped_wall",Properties:{east:"low",north:"low",south:"none",up:"true",waterlogged:"false",west:"low"}}
[00:09:08] [Render thread/WARN]: Unable to read property: east with value: low for blockstate: {Name:"mcwfences:sandstone_grass_topped_wall",Properties:{east:"low",north:"low",south:"none",up:"true",waterlogged:"false",west:"low"}}
[00:09:08] [Render thread/WARN]: Unable to read property: south with value: none for blockstate: {Name:"mcwfences:sandstone_grass_topped_wall",Properties:{east:"low",north:"low",south:"none",up:"true",waterlogged:"false",west:"low"}}
[00:09:08] [Render thread/WARN]: Unable to read property: north with value: low for blockstate: {Name:"mcwfences:sandstone_grass_topped_wall",Properties:{east:"low",north:"low",south:"none",up:"true",waterlogged:"false",west:"low"}}
[00:09:08] [Render thread/WARN]: Unable to read property: west with value: low for blockstate: {Name:"mcwfences:sandstone_grass_topped_wall",Properties:{east:"low",north:"none",south:"none",up:"false",waterlogged:"false",west:"low"}}
[00:09:08] [Render thread/WARN]: Unable to read property: east with value: low for blockstate: {Name:"mcwfences:sandstone_grass_topped_wall",Properties:{east:"low",north:"none",south:"none",up:"false",waterlogged:"false",west:"low"}}
[00:09:08] [Render thread/WARN]: Unable to read property: south with value: none for blockstate: {Name:"mcwfences:sandstone_grass_topped_wall",Properties:{east:"low",north:"none",south:"none",up:"false",waterlogged:"false",west:"low"}}
[00:09:08] [Render thread/WARN]: Unable to read property: north with value: none for blockstate: {Name:"mcwfences:sandstone_grass_topped_wall",Properties:{east:"low",north:"none",south:"none",up:"false",waterlogged:"false",west:"low"}}
[00:09:08] [Render thread/WARN]: Unable to read property: west with value: low for blockstate: {Name:"mcwfences:sandstone_grass_topped_wall",Properties:{east:"low",north:"none",south:"low",up:"true",waterlogged:"false",west:"low"}}
[00:09:08] [Render thread/WARN]: Unable to read property: east with value: low for blockstate: {Name:"mcwfences:sandstone_grass_topped_wall",Properties:{east:"low",north:"none",south:"low",up:"true",waterlogged:"false",west:"low"}}
[00:09:08] [Render thread/WARN]: Unable to read property: south with value: low for blockstate: {Name:"mcwfences:sandstone_grass_topped_wall",Properties:{east:"low",north:"none",south:"low",up:"true",waterlogged:"false",west:"low"}}
[00:09:08] [Render thread/WARN]: Unable to read property: north with value: none for blockstate: {Name:"mcwfences:sandstone_grass_topped_wall",Properties:{east:"low",north:"none",south:"low",up:"true",waterlogged:"false",west:"low"}}
[00:09:08] [Render thread/WARN]: Unable to read property: west with value: none for blockstate: {Name:"mcwfences:sandstone_grass_topped_wall",Properties:{east:"none",north:"none",south:"low",up:"true",waterlogged:"false",west:"none"}}
[00:09:08] [Render thread/WARN]: Unable to read property: east with value: none for blockstate: {Name:"mcwfences:sandstone_grass_topped_wall",Properties:{east:"none",north:"none",south:"low",up:"true",waterlogged:"false",west:"none"}}
[00:09:08] [Render thread/WARN]: Unable to read property: south with value: low for blockstate: {Name:"mcwfences:sandstone_grass_topped_wall",Properties:{east:"none",north:"none",south:"low",up:"true",waterlogged:"false",west:"none"}}
[00:09:08] [Render thread/WARN]: Unable to read property: north with value: none for blockstate: {Name:"mcwfences:sandstone_grass_topped_wall",Properties:{east:"none",north:"none",south:"low",up:"true",waterlogged:"false",west:"none"}}
[00:09:08] [Render thread/WARN]: Unable to read property: west with value: none for blockstate: {Name:"mcwfences:sandstone_grass_topped_wall",Properties:{east:"none",north:"low",south:"none",up:"true",waterlogged:"false",west:"none"}}
[00:09:08] [Render thread/WARN]: Unable to read property: east with value: none for blockstate: {Name:"mcwfences:sandstone_grass_topped_wall",Properties:{east:"none",north:"low",south:"none",up:"true",waterlogged:"false",west:"none"}}
[00:09:08] [Render thread/WARN]: Unable to read property: south with value: none for blockstate: {Name:"mcwfences:sandstone_grass_topped_wall",Properties:{east:"none",north:"low",south:"none",up:"true",waterlogged:"false",west:"none"}}
[00:09:08] [Render thread/WARN]: Unable to read property: north with value: low for blockstate: {Name:"mcwfences:sandstone_grass_topped_wall",Properties:{east:"none",north:"low",south:"none",up:"true",waterlogged:"false",west:"none"}}
[00:09:08] [Render thread/WARN]: Unable to read property: west with value: none for blockstate: {Name:"mcwfences:sandstone_grass_topped_wall",Properties:{east:"none",north:"none",south:"none",up:"true",waterlogged:"false",west:"none"}}
[00:09:08] [Render thread/WARN]: Unable to read property: east with value: none for blockstate: {Name:"mcwfences:sandstone_grass_topped_wall",Properties:{east:"none",north:"none",south:"none",up:"true",waterlogged:"false",west:"none"}}
[00:09:08] [Render thread/WARN]: Unable to read property: south with value: none for blockstate: {Name:"mcwfences:sandstone_grass_topped_wall",Properties:{east:"none",north:"none",south:"none",up:"true",waterlogged:"false",west:"none"}}
[00:09:08] [Render thread/WARN]: Unable to read property: north with value: none for blockstate: {Name:"mcwfences:sandstone_grass_topped_wall",Properties:{east:"none",north:"none",south:"none",up:"true",waterlogged:"false",west:"none"}}
[00:09:08] [Render thread/WARN]: Unable to read property: west with value: low for blockstate: {Name:"mcwfences:sandstone_grass_topped_wall",Properties:{east:"none",north:"low",south:"low",up:"true",waterlogged:"false",west:"low"}}
[00:09:08] [Render thread/WARN]: Unable to read property: east with value: none for blockstate: {Name:"mcwfences:sandstone_grass_topped_wall",Properties:{east:"none",north:"low",south:"low",up:"true",waterlogged:"false",west:"low"}}
[00:09:08] [Render thread/WARN]: Unable to read property: south with value: low for blockstate: {Name:"mcwfences:sandstone_grass_topped_wall",Properties:{east:"none",north:"low",south:"low",up:"true",waterlogged:"false",west:"low"}}
[00:09:08] [Render thread/WARN]: Unable to read property: north with value: low for blockstate: {Name:"mcwfences:sandstone_grass_topped_wall",Properties:{east:"none",north:"low",south:"low",up:"true",waterlogged:"false",west:"low"}}
[00:09:08] [Render thread/WARN]: Unable to read property: west with value: low for blockstate: {Name:"mcwfences:sandstone_grass_topped_wall",Properties:{east:"none",north:"none",south:"low",up:"true",waterlogged:"false",west:"low"}}
[00:09:08] [Render thread/WARN]: Unable to read property: east with value: none for blockstate: {Name:"mcwfences:sandstone_grass_topped_wall",Properties:{east:"none",north:"none",south:"low",up:"true",waterlogged:"false",west:"low"}}
[00:09:08] [Render thread/WARN]: Unable to read property: south with value: low for blockstate: {Name:"mcwfences:sandstone_grass_topped_wall",Properties:{east:"none",north:"none",south:"low",up:"true",waterlogged:"false",west:"low"}}
[00:09:08] [Render thread/WARN]: Unable to read property: north with value: none for blockstate: {Name:"mcwfences:sandstone_grass_topped_wall",Properties:{east:"none",north:"none",south:"low",up:"true",waterlogged:"false",west:"low"}}
[00:09:08] [Render thread/WARN]: Unable to read property: west with value: low for blockstate: {Name:"mcwfences:sandstone_grass_topped_wall",Properties:{east:"none",north:"low",south:"none",up:"true",waterlogged:"false",west:"low"}}
[00:09:08] [Render thread/WARN]: Unable to read property: east with value: none for blockstate: {Name:"mcwfences:sandstone_grass_topped_wall",Properties:{east:"none",north:"low",south:"none",up:"true",waterlogged:"false",west:"low"}}
[00:09:08] [Render thread/WARN]: Unable to read property: south with value: none for blockstate: {Name:"mcwfences:sandstone_grass_topped_wall",Properties:{east:"none",north:"low",south:"none",up:"true",waterlogged:"false",west:"low"}}
[00:09:08] [Render thread/WARN]: Unable to read property: north with value: low for blockstate: {Name:"mcwfences:sandstone_grass_topped_wall",Properties:{east:"none",north:"low",south:"none",up:"true",waterlogged:"false",west:"low"}}
[00:09:08] [Render thread/WARN]: Unable to read property: west with value: none for blockstate: {Name:"mcwfences:sandstone_grass_topped_wall",Properties:{east:"low",north:"none",south:"none",up:"true",waterlogged:"false",west:"none"}}
[00:09:08] [Render thread/WARN]: Unable to read property: east with value: low for blockstate: {Name:"mcwfences:sandstone_grass_topped_wall",Properties:{east:"low",north:"none",south:"none",up:"true",waterlogged:"false",west:"none"}}
[00:09:08] [Render thread/WARN]: Unable to read property: south with value: none for blockstate: {Name:"mcwfences:sandstone_grass_topped_wall",Properties:{east:"low",north:"none",south:"none",up:"true",waterlogged:"false",west:"none"}}
[00:09:08] [Render thread/WARN]: Unable to read property: north with value: none for blockstate: {Name:"mcwfences:sandstone_grass_topped_wall",Properties:{east:"low",north:"none",south:"none",up:"true",waterlogged:"false",west:"none"}}
[00:09:08] [Render thread/WARN]: Unable to read property: west with value: low for blockstate: {Name:"mcwfences:sandstone_grass_topped_wall",Properties:{east:"none",north:"none",south:"none",up:"true",waterlogged:"false",west:"low"}}
[00:09:08] [Render thread/WARN]: Unable to read property: east with value: none for blockstate: {Name:"mcwfences:sandstone_grass_topped_wall",Properties:{east:"none",north:"none",south:"none",up:"true",waterlogged:"false",west:"low"}}
[00:09:08] [Render thread/WARN]: Unable to read property: south with value: none for blockstate: {Name:"mcwfences:sandstone_grass_topped_wall",Properties:{east:"none",north:"none",south:"none",up:"true",waterlogged:"false",west:"low"}}
[00:09:08] [Render thread/WARN]: Unable to read property: north with value: none for blockstate: {Name:"mcwfences:sandstone_grass_topped_wall",Properties:{east:"none",north:"none",south:"none",up:"true",waterlogged:"false",west:"low"}}
[00:09:08] [Render thread/WARN]: Unable to read property: west with value: none for blockstate: {Name:"mcwfences:mud_brick_grass_topped_wall",Properties:{east:"none",north:"none",south:"low",up:"true",waterlogged:"false",west:"none"}}
[00:09:08] [Render thread/WARN]: Unable to read property: east with value: none for blockstate: {Name:"mcwfences:mud_brick_grass_topped_wall",Properties:{east:"none",north:"none",south:"low",up:"true",waterlogged:"false",west:"none"}}
[00:09:08] [Render thread/WARN]: Unable to read property: south with value: low for blockstate: {Name:"mcwfences:mud_brick_grass_topped_wall",Properties:{east:"none",north:"none",south:"low",up:"true",waterlogged:"false",west:"none"}}
[00:09:08] [Render thread/WARN]: Unable to read property: north with value: none for blockstate: {Name:"mcwfences:mud_brick_grass_topped_wall",Properties:{east:"none",north:"none",south:"low",up:"true",waterlogged:"false",west:"none"}}
[00:09:08] [Render thread/WARN]: Unable to read property: west with value: low for blockstate: {Name:"mcwfences:mud_brick_grass_topped_wall",Properties:{east:"none",north:"none",south:"none",up:"true",waterlogged:"false",west:"low"}}
[00:09:08] [Render thread/WARN]: Unable to read property: east with value: none for blockstate: {Name:"mcwfences:mud_brick_grass_topped_wall",Properties:{east:"none",north:"none",south:"none",up:"true",waterlogged:"false",west:"low"}}
[00:09:08] [Render thread/WARN]: Unable to read property: south with value: none for blockstate: {Name:"mcwfences:mud_brick_grass_topped_wall",Properties:{east:"none",north:"none",south:"none",up:"true",waterlogged:"false",west:"low"}}
[00:09:08] [Render thread/WARN]: Unable to read property: north with value: none for blockstate: {Name:"mcwfences:mud_brick_grass_topped_wall",Properties:{east:"none",north:"none",south:"none",up:"true",waterlogged:"false",west:"low"}}
[00:09:08] [Render thread/WARN]: Unable to read property: west with value: none for blockstate: {Name:"mcwfences:oak_hedge",Properties:{east:"tall",north:"none",south:"tall",up:"true",waterlogged:"false",west:"none"}}
[00:09:08] [Render thread/WARN]: Unable to read property: east with value: tall for blockstate: {Name:"mcwfences:oak_hedge",Properties:{east:"tall",north:"none",south:"tall",up:"true",waterlogged:"false",west:"none"}}
[00:09:08] [Render thread/WARN]: Unable to read property: south with value: tall for blockstate: {Name:"mcwfences:oak_hedge",Properties:{east:"tall",north:"none",south:"tall",up:"true",waterlogged:"false",west:"none"}}
[00:09:08] [Render thread/WARN]: Unable to read property: north with value: none for blockstate: {Name:"mcwfences:oak_hedge",Properties:{east:"tall",north:"none",south:"tall",up:"true",waterlogged:"false",west:"none"}}
[00:09:08] [Render thread/WARN]: Unable to read property: west with value: none for blockstate: {Name:"mcwfences:oak_hedge",Properties:{east:"low",north:"none",south:"low",up:"true",waterlogged:"false",west:"none"}}
[00:09:08] [Render thread/WARN]: Unable to read property: east with value: low for blockstate: {Name:"mcwfences:oak_hedge",Properties:{east:"low",north:"none",south:"low",up:"true",waterlogged:"false",west:"none"}}
[00:09:08] [Render thread/WARN]: Unable to read property: south with value: low for blockstate: {Name:"mcwfences:oak_hedge",Properties:{east:"low",north:"none",south:"low",up:"true",waterlogged:"false",west:"none"}}
[00:09:08] [Render thread/WARN]: Unable to read property: north with value: none for blockstate: {Name:"mcwfences:oak_hedge",Properties:{east:"low",north:"none",south:"low",up:"true",waterlogged:"false",west:"none"}}
[00:09:08] [Render thread/INFO]: Loaded template "cozy_cottage" from "cozy_cottage.nbt".
[00:09:08] [Render thread/INFO]: Loaded template "Anarchy" from "anarchy.nbt".
[00:09:08] [Render thread/INFO]: Loaded template "Classical" from "classical.nbt".
[00:09:08] [Render thread/INFO]: Loaded template "The Direwolf" from "thedirewolf.nbt".
[00:09:08] [Render thread/INFO]: Connecting to 49.13.88.73, 25565
[00:09:09] [Netty Client IO #2/INFO]: Registered condition serializer 'silentgear:not'
[00:09:09] [Netty Client IO #2/INFO]: Registered condition serializer 'silentgear:and'
[00:09:09] [Netty Client IO #2/INFO]: Registered condition serializer 'silentgear:or'
[00:09:09] [Netty Client IO #2/INFO]: Registered condition serializer 'silentgear:gear_type'
[00:09:09] [Netty Client IO #2/INFO]: Registered condition serializer 'silentgear:material_count'
[00:09:09] [Netty Client IO #2/INFO]: Registered condition serializer 'silentgear:material_ratio'
[00:09:09] [Netty Client IO #2/INFO]: Registered serializer 'silentgear:simple_trait'
[00:09:09] [Netty Client IO #2/INFO]: Registered serializer 'silentgear:damage_type'
[00:09:09] [Netty Client IO #2/INFO]: Registered serializer 'silentgear:durability'
[00:09:09] [Netty Client IO #2/INFO]: Registered serializer 'silentgear:enchantment'
[00:09:09] [Netty Client IO #2/INFO]: Registered serializer 'silentgear:nbt'
[00:09:09] [Netty Client IO #2/INFO]: Registered serializer 'silentgear:wielder_effect'
[00:09:09] [Netty Client IO #2/INFO]: Registered serializer 'silentgear:stat_modifier'
[00:09:09] [Netty Client IO #2/INFO]: Registered serializer 'silentgear:attribute'
[00:09:09] [Netty Client IO #2/INFO]: Registered serializer 'silentgear:block_placer'
[00:09:09] [Netty Client IO #2/INFO]: Registered serializer 'silentgear:block_filler'
[00:09:09] [Netty Client IO #2/INFO]: Registered serializer 'silentgear:synergy'
[00:09:09] [Netty Client IO #2/INFO]: Registered serializer 'silentgear:target_effect'
[00:09:09] [Netty Client IO #2/INFO]: Registered serializer 'silentgear:bonus_drops'
[00:09:09] [Netty Client IO #2/INFO]: Registered serializer 'silentgear:cancel_effects'
[00:09:09] [Netty Client IO #2/INFO]: Registered serializer 'silentgear:self_repair'
[00:09:09] [Netty Client IO #2/INFO]: Registered serializer 'silentgear:stellar'
[00:09:09] [Netty Client IO #2/INFO]: Registered serializer 'silentgear:block_mining_speed'
[00:09:09] [Render thread/INFO]: Read 70 traits from server
[00:09:09] [Netty Client IO #2/INFO]: Registered part serializer 'silentgear:compound_part'
[00:09:09] [Netty Client IO #2/INFO]: Registered part serializer 'silentgear:misc_upgrade'
[00:09:09] [Render thread/INFO]: Read 45 parts from server
[00:09:09] [Netty Client IO #2/INFO]: Registered material serializer 'silentgear:standard'
[00:09:09] [Netty Client IO #2/INFO]: Registered material serializer 'silentgear:compound'
[00:09:09] [Netty Client IO #2/INFO]: Registered material serializer 'silentgear:custom_compound'
[00:09:09] [Netty Client IO #2/INFO]: Registered material serializer 'silentgear:crafted'
[00:09:09] [Render thread/INFO]: Read 128 materials from server
[00:09:09] [Netty Client IO #2/ERROR]: Channels [mekanism:mekanism,computercraft:network,ponder:main,tombstone:tombstone_channel,immersiveengineering:main,mekanismgenerators:mekanismgenerators,crystalix:main,sfm:manager] rejected their server side version number
[00:09:09] [Netty Client IO #2/ERROR]: Terminating connection with server, mismatched mod list
[00:09:35] [CullThread/INFO]: [dev.tr7zw.entityculling.CullTask:run:78]: Shutting down culling task!
[00:09:35] [Render thread/INFO]: Stopping!
[00:09:35] [Render thread/INFO]: Released client Flux Networks cache
[00:09:35] [Render thread/WARN]: Unable to read property: west with value: none for blockstate: {Name:"mcwfences:sandstone_grass_topped_wall",Properties:{east:"low",north:"none",south:"low",up:"true",waterlogged:"false",west:"none"}}
[00:09:35] [Render thread/WARN]: Unable to read property: east with value: low for blockstate: {Name:"mcwfences:sandstone_grass_topped_wall",Properties:{east:"low",north:"none",south:"low",up:"true",waterlogged:"false",west:"none"}}
[00:09:35] [Render thread/WARN]: Unable to read property: south with value: low for blockstate: {Name:"mcwfences:sandstone_grass_topped_wall",Properties:{east:"low",north:"none",south:"low",up:"true",waterlogged:"false",west:"none"}}
[00:09:35] [Render thread/WARN]: Unable to read property: north with value: none for blockstate: {Name:"mcwfences:sandstone_grass_topped_wall",Properties:{east:"low",north:"none",south:"low",up:"true",waterlogged:"false",west:"none"}}
[00:09:35] [Render thread/WARN]: Unable to read property: west with value: none for blockstate: {Name:"mcwfences:sandstone_grass_topped_wall",Properties:{east:"none",north:"low",south:"low",up:"false",waterlogged:"false",west:"none"}}
[00:09:35] [Render thread/WARN]: Unable to read property: east with value: none for blockstate: {Name:"mcwfences:sandstone_grass_topped_wall",Properties:{east:"none",north:"low",south:"low",up:"false",waterlogged:"false",west:"none"}}
[00:09:35] [Render thread/WARN]: Unable to read property: south with value: low for blockstate: {Name:"mcwfences:sandstone_grass_topped_wall",Properties:{east:"none",north:"low",south:"low",up:"false",waterlogged:"false",west:"none"}}
[00:09:35] [Render thread/WARN]: Unable to read property: north with value: low for blockstate: {Name:"mcwfences:sandstone_grass_topped_wall",Properties:{east:"none",north:"low",south:"low",up:"false",waterlogged:"false",west:"none"}}
[00:09:35] [Render thread/WARN]: Unable to read property: west with value: none for blockstate: {Name:"mcwfences:sandstone_grass_topped_wall",Properties:{east:"low",north:"low",south:"low",up:"true",waterlogged:"false",west:"none"}}
[00:09:35] [Render thread/WARN]: Unable to read property: east with value: low for blockstate: {Name:"mcwfences:sandstone_grass_topped_wall",Properties:{east:"low",north:"low",south:"low",up:"true",waterlogged:"false",west:"none"}}
[00:09:35] [Render thread/WARN]: Unable to read property: south with value: low for blockstate: {Name:"mcwfences:sandstone_grass_topped_wall",Properties:{east:"low",north:"low",south:"low",up:"true",waterlogged:"false",west:"none"}}
[00:09:35] [Render thread/WARN]: Unable to read property: north with value: low for blockstate: {Name:"mcwfences:sandstone_grass_topped_wall",Properties:{east:"low",north:"low",south:"low",up:"true",waterlogged:"false",west:"none"}}
[00:09:35] [Render thread/WARN]: Unable to read property: west with value: none for blockstate: {Name:"mcwfences:sandstone_grass_topped_wall",Properties:{east:"low",north:"low",south:"none",up:"true",waterlogged:"false",west:"none"}}
[00:09:35] [Render thread/WARN]: Unable to read property: east with value: low for blockstate: {Name:"mcwfences:sandstone_grass_topped_wall",Properties:{east:"low",north:"low",south:"none",up:"true",waterlogged:"false",west:"none"}}
[00:09:35] [Render thread/WARN]: Unable to read property: south with value: none for blockstate: {Name:"mcwfences:sandstone_grass_topped_wall",Properties:{east:"low",north:"low",south:"none",up:"true",waterlogged:"false",west:"none"}}
[00:09:35] [Render thread/WARN]: Unable to read property: north with value: low for blockstate: {Name:"mcwfences:sandstone_grass_topped_wall",Properties:{east:"low",north:"low",south:"none",up:"true",waterlogged:"false",west:"none"}}
[00:09:35] [Render thread/WARN]: Unable to read property: west with value: low for blockstate: {Name:"mcwfences:sandstone_grass_topped_wall",Properties:{east:"low",north:"low",south:"none",up:"true",waterlogged:"false",west:"low"}}
[00:09:35] [Render thread/WARN]: Unable to read property: east with value: low for blockstate: {Name:"mcwfences:sandstone_grass_topped_wall",Properties:{east:"low",north:"low",south:"none",up:"true",waterlogged:"false",west:"low"}}
[00:09:35] [Render thread/WARN]: Unable to read property: south with value: none for blockstate: {Name:"mcwfences:sandstone_grass_topped_wall",Properties:{east:"low",north:"low",south:"none",up:"true",waterlogged:"false",west:"low"}}
[00:09:35] [Render thread/WARN]: Unable to read property: north with value: low for blockstate: {Name:"mcwfences:sandstone_grass_topped_wall",Properties:{east:"low",north:"low",south:"none",up:"true",waterlogged:"false",west:"low"}}
[00:09:35] [Render thread/WARN]: Unable to read property: west with value: low for blockstate: {Name:"mcwfences:sandstone_grass_topped_wall",Properties:{east:"low",north:"none",south:"none",up:"false",waterlogged:"false",west:"low"}}
[00:09:35] [Render thread/WARN]: Unable to read property: east with value: low for blockstate: {Name:"mcwfences:sandstone_grass_topped_wall",Properties:{east:"low",north:"none",south:"none",up:"false",waterlogged:"false",west:"low"}}
[00:09:35] [Render thread/WARN]: Unable to read property: south with value: none for blockstate: {Name:"mcwfences:sandstone_grass_topped_wall",Properties:{east:"low",north:"none",south:"none",up:"false",waterlogged:"false",west:"low"}}
[00:09:35] [Render thread/WARN]: Unable to read property: north with value: none for blockstate: {Name:"mcwfences:sandstone_grass_topped_wall",Properties:{east:"low",north:"none",south:"none",up:"false",waterlogged:"false",west:"low"}}
[00:09:35] [Render thread/WARN]: Unable to read property: west with value: low for blockstate: {Name:"mcwfences:sandstone_grass_topped_wall",Properties:{east:"low",north:"none",south:"low",up:"true",waterlogged:"false",west:"low"}}
[00:09:35] [Render thread/WARN]: Unable to read property: east with value: low for blockstate: {Name:"mcwfences:sandstone_grass_topped_wall",Properties:{east:"low",north:"none",south:"low",up:"true",waterlogged:"false",west:"low"}}
[00:09:35] [Render thread/WARN]: Unable to read property: south with value: low for blockstate: {Name:"mcwfences:sandstone_grass_topped_wall",Properties:{east:"low",north:"none",south:"low",up:"true",waterlogged:"false",west:"low"}}
[00:09:35] [Render thread/WARN]: Unable to read property: north with value: none for blockstate: {Name:"mcwfences:sandstone_grass_topped_wall",Properties:{east:"low",north:"none",south:"low",up:"true",waterlogged:"false",west:"low"}}
[00:09:35] [Render thread/WARN]: Unable to read property: west with value: none for blockstate: {Name:"mcwfences:sandstone_grass_topped_wall",Properties:{east:"none",north:"none",south:"low",up:"true",waterlogged:"false",west:"none"}}
[00:09:35] [Render thread/WARN]: Unable to read property: east with value: none for blockstate: {Name:"mcwfences:sandstone_grass_topped_wall",Properties:{east:"none",north:"none",south:"low",up:"true",waterlogged:"false",west:"none"}}
[00:09:35] [Render thread/WARN]: Unable to read property: south with value: low for blockstate: {Name:"mcwfences:sandstone_grass_topped_wall",Properties:{east:"none",north:"none",south:"low",up:"true",waterlogged:"false",west:"none"}}
[00:09:35] [Render thread/WARN]: Unable to read property: north with value: none for blockstate: {Name:"mcwfences:sandstone_grass_topped_wall",Properties:{east:"none",north:"none",south:"low",up:"true",waterlogged:"false",west:"none"}}
[00:09:35] [Render thread/WARN]: Unable to read property: west with value: none for blockstate: {Name:"mcwfences:sandstone_grass_topped_wall",Properties:{east:"none",north:"low",south:"none",up:"true",waterlogged:"false",west:"none"}}
[00:09:35] [Render thread/WARN]: Unable to read property: east with value: none for blockstate: {Name:"mcwfences:sandstone_grass_topped_wall",Properties:{east:"none",north:"low",south:"none",up:"true",waterlogged:"false",west:"none"}}
[00:09:35] [Render thread/WARN]: Unable to read property: south with value: none for blockstate: {Name:"mcwfences:sandstone_grass_topped_wall",Properties:{east:"none",north:"low",south:"none",up:"true",waterlogged:"false",west:"none"}}
[00:09:35] [Render thread/WARN]: Unable to read property: north with value: low for blockstate: {Name:"mcwfences:sandstone_grass_topped_wall",Properties:{east:"none",north:"low",south:"none",up:"true",waterlogged:"false",west:"none"}}
[00:09:35] [Render thread/WARN]: Unable to read property: west with value: none for blockstate: {Name:"mcwfences:sandstone_grass_topped_wall",Properties:{east:"none",north:"none",south:"none",up:"true",waterlogged:"false",west:"none"}}
[00:09:35] [Render thread/WARN]: Unable to read property: east with value: none for blockstate: {Name:"mcwfences:sandstone_grass_topped_wall",Properties:{east:"none",north:"none",south:"none",up:"true",waterlogged:"false",west:"none"}}
[00:09:35] [Render thread/WARN]: Unable to read property: south with value: none for blockstate: {Name:"mcwfences:sandstone_grass_topped_wall",Properties:{east:"none",north:"none",south:"none",up:"true",waterlogged:"false",west:"none"}}
[00:09:35] [Render thread/WARN]: Unable to read property: north with value: none for blockstate: {Name:"mcwfences:sandstone_grass_topped_wall",Properties:{east:"none",north:"none",south:"none",up:"true",waterlogged:"false",west:"none"}}
[00:09:35] [Render thread/WARN]: Unable to read property: west with value: low for blockstate: {Name:"mcwfences:sandstone_grass_topped_wall",Properties:{east:"none",north:"low",south:"low",up:"true",waterlogged:"false",west:"low"}}
[00:09:35] [Render thread/WARN]: Unable to read property: east with value: none for blockstate: {Name:"mcwfences:sandstone_grass_topped_wall",Properties:{east:"none",north:"low",south:"low",up:"true",waterlogged:"false",west:"low"}}
[00:09:35] [Render thread/WARN]: Unable to read property: south with value: low for blockstate: {Name:"mcwfences:sandstone_grass_topped_wall",Properties:{east:"none",north:"low",south:"low",up:"true",waterlogged:"false",west:"low"}}
[00:09:35] [Render thread/WARN]: Unable to read property: north with value: low for blockstate: {Name:"mcwfences:sandstone_grass_topped_wall",Properties:{east:"none",north:"low",south:"low",up:"true",waterlogged:"false",west:"low"}}
[00:09:35] [Render thread/WARN]: Unable to read property: west with value: low for blockstate: {Name:"mcwfences:sandstone_grass_topped_wall",Properties:{east:"none",north:"none",south:"low",up:"true",waterlogged:"false",west:"low"}}
[00:09:35] [Render thread/WARN]: Unable to read property: east with value: none for blockstate: {Name:"mcwfences:sandstone_grass_topped_wall",Properties:{east:"none",north:"none",south:"low",up:"true",waterlogged:"false",west:"low"}}
[00:09:35] [Render thread/WARN]: Unable to read property: south with value: low for blockstate: {Name:"mcwfences:sandstone_grass_topped_wall",Properties:{east:"none",north:"none",south:"low",up:"true",waterlogged:"false",west:"low"}}
[00:09:35] [Render thread/WARN]: Unable to read property: north with value: none for blockstate: {Name:"mcwfences:sandstone_grass_topped_wall",Properties:{east:"none",north:"none",south:"low",up:"true",waterlogged:"false",west:"low"}}
[00:09:35] [Render thread/WARN]: Unable to read property: west with value: low for blockstate: {Name:"mcwfences:sandstone_grass_topped_wall",Properties:{east:"none",north:"low",south:"none",up:"true",waterlogged:"false",west:"low"}}
[00:09:35] [Render thread/WARN]: Unable to read property: east with value: none for blockstate: {Name:"mcwfences:sandstone_grass_topped_wall",Properties:{east:"none",north:"low",south:"none",up:"true",waterlogged:"false",west:"low"}}
[00:09:35] [Render thread/WARN]: Unable to read property: south with value: none for blockstate: {Name:"mcwfences:sandstone_grass_topped_wall",Properties:{east:"none",north:"low",south:"none",up:"true",waterlogged:"false",west:"low"}}
[00:09:35] [Render thread/WARN]: Unable to read property: north with value: low for blockstate: {Name:"mcwfences:sandstone_grass_topped_wall",Properties:{east:"none",north:"low",south:"none",up:"true",waterlogged:"false",west:"low"}}
[00:09:35] [Render thread/WARN]: Unable to read property: west with value: none for blockstate: {Name:"mcwfences:sandstone_grass_topped_wall",Properties:{east:"low",north:"none",south:"none",up:"true",waterlogged:"false",west:"none"}}
[00:09:35] [Render thread/WARN]: Unable to read property: east with value: low for blockstate: {Name:"mcwfences:sandstone_grass_topped_wall",Properties:{east:"low",north:"none",south:"none",up:"true",waterlogged:"false",west:"none"}}
[00:09:35] [Render thread/WARN]: Unable to read property: south with value: none for blockstate: {Name:"mcwfences:sandstone_grass_topped_wall",Properties:{east:"low",north:"none",south:"none",up:"true",waterlogged:"false",west:"none"}}
[00:09:35] [Render thread/WARN]: Unable to read property: north with value: none for blockstate: {Name:"mcwfences:sandstone_grass_topped_wall",Properties:{east:"low",north:"none",south:"none",up:"true",waterlogged:"false",west:"none"}}
[00:09:35] [Render thread/WARN]: Unable to read property: west with value: low for blockstate: {Name:"mcwfences:sandstone_grass_topped_wall",Properties:{east:"none",north:"none",south:"none",up:"true",waterlogged:"false",west:"low"}}
[00:09:35] [Render thread/WARN]: Unable to read property: east with value: none for blockstate: {Name:"mcwfences:sandstone_grass_topped_wall",Properties:{east:"none",north:"none",south:"none",up:"true",waterlogged:"false",west:"low"}}
[00:09:35] [Render thread/WARN]: Unable to read property: south with value: none for blockstate: {Name:"mcwfences:sandstone_grass_topped_wall",Properties:{east:"none",north:"none",south:"none",up:"true",waterlogged:"false",west:"low"}}
[00:09:35] [Render thread/WARN]: Unable to read property: north with value: none for blockstate: {Name:"mcwfences:sandstone_grass_topped_wall",Properties:{east:"none",north:"none",south:"none",up:"true",waterlogged:"false",west:"low"}}
[00:09:35] [Render thread/WARN]: Unable to read property: west with value: none for blockstate: {Name:"mcwfences:mud_brick_grass_topped_wall",Properties:{east:"none",north:"none",south:"low",up:"true",waterlogged:"false",west:"none"}}
[00:09:35] [Render thread/WARN]: Unable to read property: east with value: none for blockstate: {Name:"mcwfences:mud_brick_grass_topped_wall",Properties:{east:"none",north:"none",south:"low",up:"true",waterlogged:"false",west:"none"}}
[00:09:35] [Render thread/WARN]: Unable to read property: south with value: low for blockstate: {Name:"mcwfences:mud_brick_grass_topped_wall",Properties:{east:"none",north:"none",south:"low",up:"true",waterlogged:"false",west:"none"}}
[00:09:35] [Render thread/WARN]: Unable to read property: north with value: none for blockstate: {Name:"mcwfences:mud_brick_grass_topped_wall",Properties:{east:"none",north:"none",south:"low",up:"true",waterlogged:"false",west:"none"}}
[00:09:35] [Render thread/WARN]: Unable to read property: west with value: low for blockstate: {Name:"mcwfences:mud_brick_grass_topped_wall",Properties:{east:"none",north:"none",south:"none",up:"true",waterlogged:"false",west:"low"}}
[00:09:35] [Render thread/WARN]: Unable to read property: east with value: none for blockstate: {Name:"mcwfences:mud_brick_grass_topped_wall",Properties:{east:"none",north:"none",south:"none",up:"true",waterlogged:"false",west:"low"}}
[00:09:35] [Render thread/WARN]: Unable to read property: south with value: none for blockstate: {Name:"mcwfences:mud_brick_grass_topped_wall",Properties:{east:"none",north:"none",south:"none",up:"true",waterlogged:"false",west:"low"}}
[00:09:35] [Render thread/WARN]: Unable to read property: north with value: none for blockstate: {Name:"mcwfences:mud_brick_grass_topped_wall",Properties:{east:"none",north:"none",south:"none",up:"true",waterlogged:"false",west:"low"}}
[00:09:35] [Render thread/WARN]: Unable to read property: west with value: none for blockstate: {Name:"mcwfences:oak_hedge",Properties:{east:"tall",north:"none",south:"tall",up:"true",waterlogged:"false",west:"none"}}
[00:09:35] [Render thread/WARN]: Unable to read property: east with value: tall for blockstate: {Name:"mcwfences:oak_hedge",Properties:{east:"tall",north:"none",south:"tall",up:"true",waterlogged:"false",west:"none"}}
[00:09:35] [Render thread/WARN]: Unable to read property: south with value: tall for blockstate: {Name:"mcwfences:oak_hedge",Properties:{east:"tall",north:"none",south:"tall",up:"true",waterlogged:"false",west:"none"}}
[00:09:35] [Render thread/WARN]: Unable to read property: north with value: none for blockstate: {Name:"mcwfences:oak_hedge",Properties:{east:"tall",north:"none",south:"tall",up:"true",waterlogged:"false",west:"none"}}
[00:09:35] [Render thread/WARN]: Unable to read property: west with value: none for blockstate: {Name:"mcwfences:oak_hedge",Properties:{east:"low",north:"none",south:"low",up:"true",waterlogged:"false",west:"none"}}
[00:09:35] [Render thread/WARN]: Unable to read property: east with value: low for blockstate: {Name:"mcwfences:oak_hedge",Properties:{east:"low",north:"none",south:"low",up:"true",waterlogged:"false",west:"none"}}
[00:09:35] [Render thread/WARN]: Unable to read property: south with value: low for blockstate: {Name:"mcwfences:oak_hedge",Properties:{east:"low",north:"none",south:"low",up:"true",waterlogged:"false",west:"none"}}
[00:09:35] [Render thread/WARN]: Unable to read property: north with value: none for blockstate: {Name:"mcwfences:oak_hedge",Properties:{east:"low",north:"none",south:"low",up:"true",waterlogged:"false",west:"none"}}
[00:09:35] [Render thread/INFO]: Loaded template "cozy_cottage" from "cozy_cottage.nbt".
[00:09:35] [Render thread/INFO]: Loaded template "Anarchy" from "anarchy.nbt".
[00:09:35] [Render thread/INFO]: Loaded template "Classical" from "classical.nbt".
[00:09:35] [Render thread/INFO]: Loaded template "The Direwolf" from "thedirewolf.nbt".
[00:09:36] [Render thread/INFO]: Shutting down map thread
[00:09:36] [Render thread/WARN]: JCEF is still running, killing to avoid lingering processes.
